date,0-9,10-19,20-29,30-39,40-49,50-59,60-69,70-79,80-90,90+,unknown
2020-03-27,21,113,264,282,427,609,424,414,331,157,4
2020-03-28,21,115,286,311,481,679,492,483,402,174,3
2020-03-29,25,115,302,336,509,710,533,526,451,191,2
2020-03-30,27,117,314,362,544,768,592,575,510,216,3
2020-03-31,28,121,337,397,597,844,647,638,575,248,3
2020-04-01,29,123,360,448,644,922,720,726,679,293,3
2020-04-02,31,127,391,489,717,1011,791,802,760,344,3
2020-04-03,35,135,434,548,802,1122,872,878,870,379,3
2020-04-04,36,139,452,582,838,1182,913,932,942,424,3
2020-04-05,40,143,481,623,883,1226,964,994,1008,462,6
2020-04-06,43,143,503,651,935,1291,1025,1047,1061,501,6
2020-04-07,46,147,547,689,999,1364,1092,1113,1132,557,7
2020-04-08,49,149,606,771,1093,1466,1174,1213,1252,637,9
2020-04-09,53,153,666,848,1193,1582,1272,1303,1357,704,10
2020-04-10,58,156,717,910,1252,1687,1345,1363,1442,748,7
2020-04-11,59,156,754,951,1310,1759,1407,1419,1536,793,7
2020-04-12,62,160,767,978,1342,1813,1460,1475,1599,819,8
2020-04-13,63,162,802,1025,1400,1900,1529,1541,1672,848,6
2020-04-14,64,162,833,1057,1460,1961,1590,1617,1778,916,7
2020-04-15,64,170,873,1110,1518,2026,1655,1683,1864,958,6
2020-04-16,64,173,896,1169,1619,2122,1740,1746,1988,1017,6
2020-04-17,69,179,952,1241,1703,2242,1824,1822,2094,1085,5
2020-04-18,72,181,988,1302,1775,2344,1890,1911,2217,1135,7
2020-04-19,74,185,1038,1369,1841,2436,1969,1980,2304,1179,10
2020-04-20,74,192,1057,1407,1874,2526,2020,2042,2372,1207,6
2020-04-21,79,195,1095,1459,1940,2642,2093,2097,2451,1265,6
2020-04-22,83,199,1152,1540,2042,2759,2175,2169,2567,1312,6
2020-04-23,90,207,1245,1641,2166,2910,2245,2227,2637,1381,6
2020-04-24,91,218,1308,1744,2273,3074,2336,2310,,1443,7
2020-04-25,94,226,1370,1813,2370,3175,2409,2372,,1507,7
2020-04-26,99,230,1408,1861,2435,3256,2471,2426,,1545,7
2020-04-27,101,233,1425,1884,2469,3314,2507,2462,,1569,7
2020-04-28,103,236,1486,1980,2573,3443,2585,2530,,1622,7
2020-04-29,103,238,1559,2083,2684,3569,2646,2596,,1669,7
2020-04-30,104,245,1630,2189,2814,3717,2732,2668,,1733,7
2020-05-01,105,247,1665,2256,2883,3794,2781,2709,,1759,7
2020-05-02,106,255,1717,2323,2968,3906,2842,2759,,1804,8
2020-05-03,107,257,1740,2347,2997,3947,2866,2784,,1830,8
2020-05-04,110,260,1766,2390,3049,4006,2915,2842,,1868,9
2020-05-05,112,264,1807,2439,3136,4091,2971,2914,,1912,8
2020-05-06,112,272,1896,2540,3233,4203,3031,2978,,1978,8
2020-05-07,118,282,1975,2635,3337,4324,3110,3046,,2031,8
2020-05-08,118,286,2057,2733,3432,4450,3176,3098,,2076,7
2020-05-09,123,289,2142,2825,3532,4584,3239,3147,,2125,5
2020-05-10,128,291,2195,2876,3608,4657,3278,3180,,2148,6
2020-05-11,130,293,2230,2927,3659,4721,3323,3221,,2170,5
2020-05-12,132,300,2290,3002,3743,4817,3397,3277,,2227,5
2020-05-13,133,310,2361,3110,3861,4929,3464,3327,,2262,6
2020-05-14,134,319,2444,3201,3992,5061,3541,3382,,2298,6
2020-05-15,135,330,2512,3294,4107,5198,3608,3422,,2326,5
2020-05-16,141,341,2563,3382,4181,5287,3657,3459,,2347,5
2020-05-17,144,345,2615,3445,4260,5370,3712,3508,,2384,5
2020-05-18,145,349,2641,3487,4289,5410,3733,3533,,2399,5
2020-05-19,146,353,2686,3531,4365,5474,3782,3581,,2428,8
2020-05-20,147,364,2781,3662,4486,5604,3862,3636,,2463,8
2020-05-21,148,371,2880,3752,4583,5753,3938,3681,,2494,8
2020-05-22,154,379,2952,3847,4690,5891,4001,3723,,2533,8
2020-05-23,155,383,2988,3891,4749,5955,4041,3769,,2573,8
2020-05-24,157,386,3006,3926,4793,6008,4071,3800,,2600,10
2020-05-25,163,389,3054,3974,4859,6065,4112,3841,,2622,10
2020-05-26,168,401,3104,4051,4962,6190,4186,3888,,2652,8
2020-05-27,168,413,3186,4158,5074,6316,4263,3935,,2683,8
2020-05-28,172,424,3268,4264,5182,6446,4345,3972,,2711,8
2020-05-29,176,435,3344,4380,5326,6590,4428,4025,,2758,8
2020-05-30,178,445,3439,4471,5441,6727,4504,4066,,2781,8
2020-05-31,181,454,3492,4544,5508,6810,4552,4104,,2802,8
2020-06-01,183,457,3527,4585,5566,6869,4592,4112,,2810,11
2020-06-02,190,473,3610,4709,5725,7011,4685,4164,,2844,12
2020-06-03,191,497,3909,5239,6240,7489,4903,4223,,2871,14
2020-06-04,196,518,4058,5433,6463,7705,5020,4288,,2903,15
2020-06-05,203,557,4207,5634,6658,7922,5117,4350,,2930,14
2020-06-06,209,580,4343,5806,6852,8121,5218,4391,,2957,14
2020-06-07,215,608,4479,5963,6994,8313,5308,4431,,2975,14
2020-06-08,220,628,4543,6020,7061,8389,5349,4451,,2994,15
2020-06-09,222,659,4631,6165,7236,8541,5425,4508,,3017,14
2020-06-10,229,696,4756,6324,7393,8706,5511,4559,,3051,14
2020-06-11,242,761,4995,6591,7709,8982,5672,4623,,3076,14
2020-06-12,253,833,5244,6825,7979,9247,5809,4699,,3103,14
2020-06-13,266,892,5483,7028,8211,9466,5920,4766,,3147,15
2020-06-14,272,923,5606,7156,8354,9585,5976,4807,,3159,16
2020-06-15,281,968,5728,7304,8504,9743,6056,4834,,3173,16
2020-06-16,288,1019,5892,7470,8657,9915,6160,4885,,3191,14
2020-06-17,296,1123,6112,7683,8906,10161,6262,4928,,3213,16
2020-06-18,311,1257,6378,7919,9198,10439,6397,4988,,3233,17
2020-06-19,311,1257,6378,7919,9198,10439,6397,4988,,3233,17
2020-06-20,311,1257,6378,7919,9198,10439,6397,4988,,3233,17
2020-06-21,311,1257,6378,7919,9198,10439,6397,4988,,3233,17
2020-06-22,345,1569,6860,8365,9783,10969,6666,5092,,3271,17
2020-06-23,358,1706,7221,8714,10136,11311,6831,5179,,3305,16
2020-06-24,368,1863,7513,8947,10416,11581,6954,5236,,3331,16
2020-06-25,373,2026,7838,9191,10712,11880,7081,5286,,3349,16
2020-06-26,380,2174,8108,9409,10935,12080,7177,5325,,3361,16
2020-06-27,380,2174,8108,9409,10935,12080,7177,5325,,3361,16
2020-06-28,380,2174,8108,9409,10935,12080,7177,5325,,3361,16
2020-06-29,395,2409,8654,9868,11375,12523,7365,5422,,3399,17
2020-06-30,401,2462,8844,10017,11507,12656,7418,5462,,3403,17
2020-07-01,406,2555,9151,10249,11736,12865,7516,5494,,3413,17
2020-07-02,408,2640,9372,10426,11902,13036,7592,5518,,3421,19
2020-07-03,418,2697,9552,10575,12029,13158,7653,5544,,3434,19
2020-07-04,418,2697,9552,10575,12029,13158,7653,5544,,3434,19
2020-07-05,418,2697,9552,10575,12029,13158,7653,5544,,3434,19
2020-07-06,432,2823,9945,10876,12301,13448,7781,5611,,3452,21
2020-07-07,438,2848,9994,10912,12345,13502,7813,5621,,3463,21
2020-07-08,441,2875,10123,11024,12420,13592,7857,5638,,3472,20
2020-07-09,443,2907,10231,11125,12507,13665,7893,5655,,3477,20
2020-07-10,448,2945,10367,11263,12597,13745,7934,5673,,3483,20
2020-07-11,448,2945,10367,11263,12597,13745,7934,5673,,3483,20
2020-07-12,448,2945,10367,11263,12597,13745,7934,5673,,3483,20
2020-07-13,466,3016,10609,11455,12748,13892,7986,5701,,3489,21
2020-07-14,469,3027,10650,11490,12776,13917,8000,5711,,3490,21
2020-07-15,471,3051,10803,11595,12853,13982,8042,5726,,3492,21
2020-07-16,476,3075,10903,11666,12920,14050,8072,5736,,3496,21
2020-07-17,477,3114,11030,11735,12969,14101,8109,5753,,3503,21
2020-07-18,477,3114,11030,11735,12969,14101,8109,5753,,3503,21
2020-07-19,477,3114,11030,11735,12969,14101,8109,5753,,3503,21
2020-07-20,481,3169,11221,11888,13103,14214,8170,5789,,3510,19
2020-07-21,481,3179,11250,11911,13121,14228,8181,5794,,3513,19
2020-07-22,485,3198,11331,11981,13177,14285,8211,5806,,3515,19
2020-07-23,488,3222,11421,12028,13211,14315,8230,5810,,3518,19
2020-07-24,491,3244,11482,12072,13251,14341,8251,5818,,3522,19
2020-07-25,491,3244,11482,12072,13251,14341,8251,5818,,3522,19
2020-07-26,491,3244,11482,12072,13251,14341,8251,5818,,3522,19
2020-07-27,494,3276,11592,12152,13300,14399,8281,5835,,3526,19
2020-07-28,495,3279,11626,12169,13314,14411,8289,5839,,3527,19
2020-07-29,499,3300,11702,12230,13356,14459,8309,5853,,3527,19
2020-07-30,500,3328,11785,12281,13404,14512,8336,5865,,3531,19
2020-07-31,504,3347,11898,12352,13454,14550,8357,5871,,3529,19
2020-08-01,504,3347,11898,12352,13454,14550,8357,5871,,3529,19
2020-08-02,504,3347,11898,12352,13454,14550,8357,5871,,3529,19
2020-08-03,512,3386,12113,12449,13556,14621,8387,5891,,3533,19
2020-08-04,514,3395,12158,12489,13584,14647,8395,5896,,3535,19
2020-08-05,517,3421,12295,12561,13625,14684,8424,5905,,3538,18
2020-08-06,522,3440,12465,12635,13687,14743,8442,5917,,3541,18
2020-08-07,525,3466,12587,12728,13729,14778,8463,5926,,3542,18
2020-08-08,525,3466,12587,12728,13729,14778,8463,5926,,3542,18
2020-08-09,525,3466,12587,12728,13729,14778,8463,5926,,3542,18
2020-08-10,530,3514,12800,12838,13799,14898,8504,5947,,3551,18
2020-08-11,531,3524,12848,12866,13830,14917,8514,5950,,3553,18
2020-08-12,535,3542,12943,12934,13884,14962,8536,5960,,3559,18
2020-08-13,545,3580,13066,13018,13935,15011,8557,5966,,3562,18
2020-08-14,552,3619,13222,13105,13995,15056,8582,5980,,3564,18
2020-08-15,552,3619,13222,13105,13995,15056,8582,5980,,3564,18
2020-08-16,552,3619,13222,13105,13995,15056,8582,5980,,3564,18
2020-08-17,559,3686,13475,13276,14111,15137,8616,5996,,3565,18
2020-08-18,560,3701,13519,13305,14143,15166,8626,5999,,3569,19
2020-08-19,563,3718,13566,13346,14176,15199,8636,6003,,3572,18
2020-08-20,569,3755,13705,13421,14238,15242,8649,6018,,3576,18
2020-08-21,575,3780,13770,13477,14279,15284,8664,6023,,3578,18
2020-08-22,575,3780,13770,13477,14279,15284,8664,6023,,3578,18
2020-08-23,575,3780,13770,13477,14279,15284,8664,6023,,3578,18
2020-08-24,584,3840,13968,13611,14369,15366,8710,6041,,3581,18
2020-08-25,591,3866,14010,13651,14394,15385,8717,6042,,3581,18
2020-08-26,595,3883,14062,13694,14418,15403,8728,6046,,3583,18
2020-08-27,596,3786,13374,12874,13726,14814,8490,5996,,3587,18
2020-08-28,597,3803,13394,12891,13732,14826,8481,5987,,3589,18
2020-08-29,597,3803,13394,12891,13732,14826,8481,5987,,3589,18
2020-08-30,597,3803,13394,12891,13732,14826,8481,5987,,3589,18
2020-08-31,604,3850,13507,12964,13795,14888,8511,5996,,3596,18
2020-09-01,611,3874,13540,12995,13814,14899,8522,6000,,3596,18
2020-09-02,612,3888,13551,12981,13803,14900,8524,6002,,3598,18
2020-09-03,617,3915,13593,13018,13827,14927,8540,6007,,3600,18
2020-09-04,624,3942,13659,13073,13860,14963,8558,6014,,3601,18
2020-09-05,624,3942,13659,13073,13860,14963,8558,6014,,3601,18
2020-09-06,624,3942,13659,13073,13860,14963,8558,6014,,3601,18
2020-09-07,632,4017,13811,13166,13947,15041,8604,6033,,3607,18
2020-09-08,636,4032,13846,13196,13970,15059,8620,6039,,3608,18
2020-09-09,638,4057,13881,13223,13997,15088,8632,6049,,3609,19
2020-09-10,645,4091,13956,13282,14060,15122,8652,6058,,3610,21
2020-09-11,647,4130,14045,13335,14106,15165,8676,6065,,3611,19
2020-09-12,647,4130,14045,13335,14106,15165,8676,6065,,3611,19
2020-09-16,658,4254,14329,13510,14299,15313,8754,6089,,3625,21
2020-09-17,660,4292,14398,13562,14349,15374,8775,6098,,3627,21
2020-09-18,667,4320,14474,13632,14407,15442,8799,6106,,3631,21
2020-09-19,667,4320,14474,13632,14407,15442,8799,6106,,3631,21
2020-09-20,667,4320,14474,13632,14407,15442,8799,6106,,3631,21
2020-09-21,667,4320,14474,13632,14407,15442,8799,6106,,3631,21
2020-09-22,679,4440,14765,13840,14617,15633,8894,6150,,3640,21
2020-09-23,680,4472,14843,13894,14669,15677,8931,6160,,3645,21
2020-09-24,684,4534,14994,13967,14746,15767,8987,6174,,3646,21
2020-09-25,688,4602,15172,14111,14828,15860,9026,6187,,3648,21
2020-09-26,688,4602,15172,14111,14828,15860,9026,6187,,3648,21
2020-09-27,688,4602,15172,14111,14828,15860,9026,6187,,3648,21
2020-09-28,688,4602,15172,14111,14828,15860,9026,6187,,3648,21
2020-09-29,699,4737,15618,14396,15069,16073,9136,6246,,3658,21
2020-09-30,710,4783,15700,14469,15143,16129,9166,6259,,3661,21
2020-10-01,711,4839,15915,14630,15262,16235,9228,6288,,3661,20
2020-10-02,719,4898,16072,14765,15362,16335,9285,6327,,3663,20
2020-10-03,719,4898,16072,14765,15362,16335,9285,6327,,3663,20
2020-10-04,719,4898,16072,14765,15362,16335,9285,6327,,3663,20
2020-10-05,719,4898,16072,14765,15362,16335,9285,6327,,3663,20
2020-10-06,734,5050,16541,15144,15696,16625,9407,6390,,3673,20
2020-10-07,739,5090,16661,15246,15802,16703,9448,6410,,3679,20
2020-10-08,747,5160,16872,15411,15961,16842,9506,6435,,3687,21
2020-10-09,755,5248,17093,15585,16122,16983,9585,6459,,3695,20
2020-10-10,755,5248,17093,15585,16122,16983,9585,6459,,3695,20
2020-10-11,755,5248,17093,15585,16122,16983,9585,6459,,3695,20
2020-10-12,755,5248,17093,15585,16122,16983,9585,6459,,3695,20
2020-10-13,769,5488,17652,15969,16502,17348,9729,6513,,3707,25
2020-10-14,779,5557,17825,16082,16609,17466,9772,6542,,3715,25
2020-10-15,784,5699,18080,16290,16781,17619,9858,6569,,3725,25
2020-10-16,794,5775,18260,16428,16929,17743,9934,6595,,3731,25
2020-10-17,794,5775,18260,16428,16929,17743,9934,6595,,3731,25
2020-10-18,794,5775,18260,16428,16929,17743,9934,6595,,3731,25
2020-10-19,794,5775,18260,16428,16929,17743,9934,6595,,3731,25
2020-10-20,832,6125,19026,17022,17446,18211,10192,6704,,3746,25
2020-10-21,840,6227,19234,17198,17638,18370,10270,6727,,3754,25
2020-10-22,858,6404,19583,17526,17921,18596,10391,6785,,3771,24
2020-10-23,871,6614,19945,17856,18202,18835,10500,6822,,3789,24
2020-10-24,871,6614,19945,17856,18202,18835,10500,6822,,3789,24
2020-10-25,871,6614,19945,17856,18202,18835,10500,6822,,3789,24
2020-10-26,871,6614,19945,17856,18202,18835,10500,6822,,3789,24
2020-10-27,914,7183,21116,18817,19123,19637,10924,6971,,3849,24
2020-10-28,934,7406,21519,19183,19514,20005,11116,7053,,3876,25
2020-10-29,953,7719,22243,19769,20121,20545,11394,7152,,3913,25
2020-10-30,980,8015,22902,20334,20736,21106,11683,7255,,3939,25
2020-10-31,980,8015,22902,20334,20736,21106,11683,7255,,3939,25
2020-11-01,980,8015,22902,20334,20736,21106,11683,7255,,3939,25
2020-11-02,980,8015,22902,20334,20736,21106,11683,7255,,3939,25
2020-11-03,1062,8979,25186,22270,22508,22801,12535,7563,,4032,25
2020-11-04,1107,9338,25831,22778,23110,23325,12808,7682,,4071,25
2020-11-05,1139,9734,26646,23499,23847,24025,13164,7811,,4115,26
2020-11-06,1180,10317,27563,24389,24707,24741,13516,8002,,4165,26
2020-11-07,1180,10317,27563,24389,24707,24741,13516,8002,,4165,26
2020-11-08,1180,10317,27563,24389,24707,24741,13516,8002,,4165,26
2020-11-09,1180,10317,27563,24389,24707,24741,13516,8002,,4165,26
2020-11-10,1320,12272,30778,27235,27477,27290,14783,8579,,4298,28
2020-11-11,1368,12770,31701,28004,28278,28030,15158,8747,,4336,28
2020-11-12,1419,13251,32627,28916,29074,28806,15558,8893,,4397,29
2020-11-13,1468,14080,33800,29882,30168,29799,16038,9073,,4464,30
2020-11-14,1468,14080,33800,29882,30168,29799,16038,9073,,4464,30
2020-11-15,1468,14080,33800,29882,30168,29799,16038,9073,,4464,30
2020-11-16,1468,14080,33800,29882,30168,29799,16038,9073,,4464,30
2020-11-17,1630,15880,36674,32538,32856,32315,17259,9660,,4664,35
2020-11-18,1686,16337,37354,33176,33583,33004,17623,9860,,4720,34
2020-11-19,1743,16877,38083,33923,34440,33885,17986,10072,,4790,33
2020-11-20,1829,17773,39362,35169,35761,35137,18604,10322,,4881,33
2020-11-21,1829,17773,39362,35169,35761,35137,18604,10322,,4881,33
2020-11-22,1829,17773,39362,35169,35761,35137,18604,10322,,4881,33
2020-11-23,1829,17773,39362,35169,35761,35137,18604,10322,,4881,33
2020-11-24,2016,19781,42366,38326,39021,37993,19998,10978,,5114,33
2020-11-25,2070,20294,43190,39197,40003,38811,20417,11186,,5208,35
2020-11-26,2164,21001,44157,40175,41136,39827,20931,11395,,5283,37
2020-11-27,2258,21882,45362,41395,42434,40901,21478,11638,,5342,37
2020-11-28,2258,21882,45362,41395,42434,40901,21478,11638,,5342,37
2020-11-29,2258,21882,45362,41395,42434,40901,21478,11638,,5342,37
2020-11-30,2258,21882,45362,41395,42434,40901,21478,11638,,5342,37
2020-12-01,2475,24023,48293,44540,45935,43817,22948,12298,,5544,39
2020-12-02,2559,24670,49117,45489,47065,44757,23380,12470,,5598,37
2020-12-03,2670,25442,50149,46632,48374,45784,23944,12720,,5696,37
2020-12-04,2772,26341,51135,47723,49636,46776,24456,12920,,5762,38
2020-12-05,2772,26341,51135,47723,49636,46776,24456,12920,,5762,38
2020-12-06,2772,26341,51135,47723,49636,46776,24456,12920,,5762,38
2020-12-07,2772,26341,51135,47723,49636,46776,24456,12920,,5762,38
2020-12-08,3056,28839,54151,50914,53200,49940,26076,13625,,6022,42
2020-12-09,3172,29665,55230,52131,54526,51163,26685,13908,,6146,44
2020-12-10,3293,30669,56512,53525,56118,52451,27375,14166,,6257,44
2020-12-11,3408,31637,57677,54768,57556,53753,27983,14397,,6368,45
2020-12-12,3408,31637,57677,54768,57556,53753,27983,14397,,6368,45
2020-12-13,3408,31637,57677,54768,57556,53753,27983,14397,,6368,45
2020-12-14,3408,31637,57677,54768,57556,53753,27983,14397,,6368,45
2020-12-15,3805,34513,60980,58479,61504,57033,29762,15188,,6627,44
2020-12-16,3933,35360,62078,59840,63028,58304,30431,15493,,6735,44
2020-12-17,4085,36371,63521,61400,64787,59769,31205,15850,,6848,47
2020-12-18,4268,37592,65006,63154,66608,61365,32066,16220,,6972,48
2020-12-19,4268,37592,65006,63154,66608,61365,32066,16220,,6972,48
2020-12-20,4268,37592,65006,63154,66608,61365,32066,16220,,6972,48
2020-12-21,4268,37592,65006,63154,66608,61365,32066,16220,,6972,48
2020-12-22,4697,40121,68539,67119,70824,65143,34121,17102,,7268,53
2020-12-23,4792,40769,69504,68319,72138,66281,34740,17389,,7369,57
2020-12-24,4792,40769,69504,68319,72138,66281,34740,17389,,7369,57
2020-12-25,4792,40769,69504,68319,72138,66281,34740,17389,,7369,57
2020-12-26,4792,40769,69504,68319,72138,66281,34740,17389,,7369,57
2020-12-27,4792,40769,69504,68319,72138,66281,34740,17389,,7369,57
2020-12-28,4792,40769,69504,68319,72138,66281,34740,17389,,7369,57
2020-12-29,5313,43884,74839,74146,78644,71860,37771,18757,,7717,57
2020-12-30,5409,44597,76354,75859,80380,73354,38581,19115,,7865,53
2020-12-31,5409,44597,76354,75859,80380,73354,38581,19115,,7865,53
2021-01-01,5409,44597,76354,75859,80380,73354,38581,19115,,7865,53
2021-01-02,5409,44597,76354,75859,80380,73354,38581,19115,,7865,53
2021-01-04,5409,44597,76354,75859,80380,73354,38581,19115,,7865,53
2021-01-05,5898,47279,82336,81918,86050,78821,41650,20724,,8268,56
2021-01-06,5898,47279,82336,81918,86050,78821,41650,20724,,8268,56
2021-01-07,6067,48349,84893,84240,88091,80895,42783,21336,,8463,51
2021-01-08,6185,49052,86436,85594,89230,82010,43381,21648,,8564,52
2021-01-09,6185,49052,86436,85594,89230,82010,43381,21648,,8564,52
2021-01-10,6185,49052,86436,85594,89230,82010,43381,21648,,8564,52
2021-01-11,6185,49052,86436,85594,89230,82010,43381,21648,,8564,52
2021-01-12,6457,50879,90089,88689,92076,84809,44776,22386,,8815,55
2021-01-13,6532,51373,91130,89577,93005,85691,45230,22640,,8908,57
2021-01-14,6650,52051,92400,90732,94087,86835,45840,22898,,8990,56
2021-01-15,6745,52557,93288,91576,94784,87617,46268,23114,,9061,55
2021-01-16,6745,52557,93288,91576,94784,87617,46268,23114,,9061,55
2021-01-17,6745,52557,93288,91576,94784,87617,46268,23114,,9061,55
2021-01-18,6745,52557,93288,91576,94784,87617,46268,23114,,9061,55
2021-01-19,6900,53543,95062,93375,96383,89240,47121,23582,,9208,56
2021-01-20,6998,53966,95886,94247,97238,90086,47504,23779,,9289,57
2021-01-21,7113,54466,96782,95157,98070,90911,47975,24006,,9347,58
2021-01-22,7201,54906,97560,95952,98819,91533,48369,24182,,9407,58
2021-01-23,7201,54906,97560,95952,98819,91533,48369,24182,,9407,58
2021-01-24,7201,54906,97560,95952,98819,91533,48369,24182,,9407,58
2021-01-25,7201,54906,97560,95952,98819,91533,48369,24182,,9407,58
2021-01-26,7469,55877,99183,97615,100340,92973,49147,24637,,9544,61
2021-01-27,7562,56309,99844,98432,101089,93680,49534,24808,,9592,62
2021-01-28,7687,56771,100526,99177,101822,94400,49897,24942,,9624,60
2021-01-29,7749,57034,100960,99632,102222,94760,50099,25056,,9661,60
2021-01-30,7749,57034,100960,99632,102222,94760,50099,25056,,9661,60
2021-01-31,7749,57034,100960,99632,102222,94760,50099,25056,,9661,60
2021-02-01,7749,57034,100960,99632,102222,94760,50099,25056,,9661,60
2021-02-02,8108,58129,102560,101462,103987,96267,50937,25406,,9753,62
2021-02-03,8213,58628,103278,102299,104799,96964,51295,25563,,9788,61
2021-02-04,8323,59058,103916,103052,105451,97593,51605,25700,,9818,63
2021-02-05,8416,59496,104488,103706,106060,98124,51883,25807,,9844,64
2021-02-06,8416,59496,104488,103706,106060,98124,51883,25807,,9844,64
2021-02-07,8416,59496,104488,103706,106060,98124,51883,25807,,9844,64
2021-02-08,8416,59496,104488,103706,106060,98124,51883,25807,,9844,64
2021-02-09,8695,60581,105873,105209,107524,99339,52539,26104,,9908,63
2021-02-10,8816,61074,106556,105959,108333,99971,52883,26235,,9933,64
2021-02-11,8989,61616,107303,106746,109191,100624,53236,26363,,9960,64
2021-02-12,9127,62180,107936,107508,109903,101188,53511,26476,,9980,64
2021-02-13,9127,62180,107936,107508,109903,101188,53511,26476,,9980,64
2021-02-14,9127,62180,107936,107508,109903,101188,53511,26476,,9980,64
2021-02-15,9127,62180,107936,107508,109903,101188,53511,26476,,9980,64
2021-02-16,9506,63550,109417,109254,111690,102631,54255,26798,,10022,64
2021-02-17,9629,64097,110081,110074,112494,103318,54600,26954,,10044,65
2021-02-18,9814,64811,110876,110980,113405,104074,55014,27101,,10068,64
2021-02-19,9938,65380,111589,111737,114208,104700,55355,27245,,10082,66
2021-02-20,9938,65380,111589,111737,114208,104700,55355,27245,,10082,66
2021-02-21,9938,65380,111589,111737,114208,104700,55355,27245,,10082,66
2021-02-22,9938,65380,111589,111737,114208,104700,55355,27245,,10082,66
2021-02-23,10342,66883,113422,113722,116270,106423,56203,27610,,10119,69
2021-02-24,10501,67630,114247,114738,117386,107301,56602,27746,,10137,68
2021-02-25,10687,68350,115062,115644,118327,108077,57032,27894,,10157,69
2021-02-26,10863,69078,115851,116451,119241,108880,57404,28070,,10168,70
2021-02-27,10863,69078,115851,116451,119241,108880,57404,28070,,10168,70
2021-02-28,10863,69078,115851,116451,119241,108880,57404,28070,,10168,70
2021-03-01,10863,69078,115851,116451,119241,108880,57404,28070,,10168,70
2021-03-02,11332,70834,117723,118580,121507,110702,58301,28461,,10212,70
2021-03-03,11531,71692,118685,119735,122746,111715,58791,28662,,10221,70
2021-03-04,11723,72404,119498,120534,123665,112547,59167,28802,,10230,69
2021-03-05,11880,73119,120350,121391,124525,113316,59566,28960,,10241,69
2021-03-06,11880,73119,120350,121391,124525,113316,59566,28960,,10241,69
2021-03-07,11880,73119,120350,121391,124525,113316,59566,28960,,10241,69
2021-03-08,11880,73119,120350,121391,124525,113316,59566,28960,,10241,69
2021-03-09,12304,74732,122126,123440,126554,114991,60440,29334,,10287,69
2021-03-10,12546,75591,123045,124526,127691,115961,60898,29514,,10299,71
2021-03-11,12744,76399,123873,125490,128735,116808,61293,29671,,10313,72
2021-03-12,12953,77210,124792,126471,129673,117619,61727,29824,,10328,72
2021-03-13,12953,77210,124792,126471,129673,117619,61727,29824,,10328,72
2021-03-14,12953,77210,124792,126471,129673,117619,61727,29824,,10328,72
2021-03-15,12953,77210,124792,126471,129673,117619,61727,29824,,10328,72
2021-03-16,13485,79089,126964,128824,132094,119482,62649,30255,,10360,71
2021-03-17,13730,80038,128001,130075,133406,120644,63187,30481,,10363,71
2021-03-18,14014,81017,129054,131254,134547,121689,63681,30691,,10382,71
2021-03-19,14216,81899,130065,132310,135524,122582,64141,30876,,10392,73
2021-03-20,14216,81899,130065,132310,135524,122582,64141,30876,,10392,73
2021-03-21,14216,81899,130065,132310,135524,122582,64141,30876,,10392,73
2021-03-22,14216,81899,130065,132310,135524,122582,64141,30876,,10392,73
2021-03-23,14835,84058,132367,134851,138114,124774,65172,31325,,10428,74
2021-03-24,15172,85206,133562,136222,139653,125981,65721,31549,,10449,74
2021-03-25,15515,86423,134798,137576,141138,127137,66342,31760,,10468,73
2021-03-26,15774,87474,135847,138696,142343,128087,66769,31953,,10478,73
2021-03-27,15774,87474,135847,138696,142343,128087,66769,31953,,10478,73
2021-03-28,15774,87474,135847,138696,142343,128087,66769,31953,,10478,73
2021-03-29,15774,87474,135847,138696,142343,128087,66769,31953,,10478,73
2021-03-30,16481,90129,138542,141612,145413,130466,68063,32479,,10513,77
2021-03-31,16867,91431,139730,143150,147092,131828,68710,32739,,10523,76
2021-04-01,17191,92792,141062,144653,148662,133075,69351,32975,,10537,76
2021-04-02,17191,92792,141062,144653,148662,133075,69351,32975,,10537,76
2021-04-03,17191,92792,141062,144653,148662,133075,69351,32975,,10537,76
2021-04-04,17191,92792,141062,144653,148662,133075,69351,32975,,10537,76
2021-04-05,17191,92792,141062,144653,148662,133075,69351,32975,,10537,76
2021-04-06,18098,96091,144582,148502,152939,136387,71118,33659,,10570,78
2021-04-07,18335,97039,145677,149725,154266,137550,71674,33877,,10574,80
2021-04-08,18587,98136,147015,151163,155767,138827,72324,34091,,10587,81
2021-04-09,18873,99301,148406,152537,157143,140051,72978,34320,,10602,83
2021-04-10,18873,99301,148406,152537,157143,140051,72978,34320,,10602,83
2021-04-11,18873,99301,148406,152537,157143,140051,72978,34320,,10602,83
2021-04-12,18873,99301,148406,152537,157143,140051,72978,34320,,10602,83
2021-04-13,19608,102252,151756,155888,160677,142865,74462,35025,,10628,88
2021-04-14,19957,103697,153190,157407,162342,144275,75161,35318,,10631,87
2021-04-15,20223,104907,154366,158587,163621,145370,75741,35557,,10640,82
2021-04-16,20533,106239,155683,159947,164953,146528,76310,35780,,10649,83
2021-04-17,20533,106239,155683,159947,164953,146528,76310,35780,,10649,83
2021-04-18,20533,106239,155683,159947,164953,146528,76310,35780,,10649,83
2021-04-19,20533,106239,155683,159947,164953,146528,76310,35780,,10649,83
2021-04-20,21186,108944,158539,162901,167997,149073,77571,36313,,10681,87
2021-04-21,21481,110136,159743,164241,169340,150362,78158,36506,,10695,89
2021-04-22,21797,111492,161019,165639,170657,151585,78747,36702,,10707,94
2021-04-23,22043,112624,162116,166703,171745,152479,79254,36882,,10718,93
2021-04-24,22043,112624,162116,166703,171745,152479,79254,36882,,10718,93
2021-04-25,22043,112624,162116,166703,171745,152479,79254,36882,,10718,93
2021-04-26,22043,112624,162116,166703,171745,152479,79254,36882,,10718,93
2021-04-27,22681,115201,164633,169245,174438,154749,80346,37347,,10753,92
2021-04-28,23029,116547,165788,170546,175750,155834,80855,37520,,10758,92
2021-04-29,23340,117932,166913,171790,177030,156915,81378,37692,,10766,92
2021-04-30,23610,119050,167966,172764,178059,157780,81820,37834,,10774,91
2021-05-01,23610,119050,167966,172764,178059,157780,81820,37834,,10774,91
2021-05-02,23610,119050,167966,172764,178059,157780,81820,37834,,10774,91
2021-05-03,23610,119050,167966,172764,178059,157780,81820,37834,,10774,91
2021-05-04,24371,121903,170246,175371,180874,160002,82798,38186,,10785,95
2021-05-05,24723,123324,171320,176497,182250,161050,83254,38339,,10795,96
2021-05-06,25066,124626,172403,177616,183370,162022,83666,38474,,10802,96
2021-05-07,25329,125843,173396,178504,184351,162835,84036,38588,,10809,98
2021-05-08,25329,125843,173396,178504,184351,162835,84036,38588,,10809,98
2021-05-09,25329,125843,173396,178504,184351,162835,84036,38588,,10809,98
2021-05-10,25329,125843,173396,178504,184351,162835,84036,38588,,10809,98
2021-05-11,26062,128637,175702,180773,186915,164807,84838,38859,,10831,95
2021-05-12,26401,129901,176620,181834,188110,165809,85210,38996,,10839,96
2021-05-13,26401,129901,176620,181834,188110,165809,85210,38996,,10839,96
2021-05-14,26891,131736,178128,183348,189862,167193,85708,39149,,10852,95
2021-05-15,26891,131736,178128,183348,189862,167193,85708,39149,,10852,95
2021-05-16,26891,131736,178128,183348,189862,167193,85708,39149,,10852,95
2021-05-17,26891,131736,178128,183348,189862,167193,85708,39149,,10852,95
2021-05-18,27477,133503,179771,185086,191815,168718,86254,39356,,10864,98
2021-05-19,27750,134420,180477,185907,192693,169406,86498,39419,,10875,96
2021-05-20,27921,135105,181071,186526,193316,169885,86669,39469,,10877,95
2021-05-21,28099,135835,181582,187042,193898,170302,86826,39521,,10883,96
2021-05-22,28099,135835,181582,187042,193898,170302,86826,39521,,10883,96
2021-05-23,28099,135835,181582,187042,193898,170302,86826,39521,,10883,96
2021-05-24,28099,135835,181582,187042,193898,170302,86826,39521,,10883,96
2021-05-25,28472,137116,182518,188102,194959,171159,87115,39643,,10896,96
2021-05-26,28632,137668,182927,188558,195498,171572,87255,39687,,10903,95
2021-05-27,28722,137980,183133,188787,195749,171754,87307,39714,,10910,95
2021-05-28,28722,137980,183133,188787,195749,171754,87307,39714,,10910,95
2021-05-29,28722,137980,183133,188787,195749,171754,87307,39714,,10910,95
2021-05-30,28722,137980,183133,188787,195749,171754,87307,39714,,10910,95
2021-05-31,28722,137980,183133,188787,195749,171754,87307,39714,,10910,95
2021-06-01,28722,137980,183133,188787,195749,171754,87307,39714,,10910,95
2021-06-02,28722,137980,183133,188787,195749,171754,87307,39714,,10910,95
2021-06-03,29268,139866,184556,190271,197375,172799,87630,39856,,10919,96
2021-06-04,29329,140098,184767,190483,197542,172917,87675,39871,,10920,97
2021-06-05,29329,140098,184767,190483,197542,172917,87675,39871,,10920,97
2021-06-06,29329,140098,184767,190483,197542,172917,87675,39871,,10920,97
2021-06-07,29329,140098,184767,190483,197542,172917,87675,39871,,10920,97
2021-06-08,29507,140659,185258,190973,198049,173231,87764,39896,,10924,94
2021-06-09,29568,140931,185466,191177,198269,173368,87803,39914,,10926,95
2021-06-10,29615,141133,185662,191315,198392,173445,87830,39928,,10929,95
2021-06-11,29643,141298,185836,191449,198506,173518,87855,39938,,10928,96
2021-06-12,29643,141298,185836,191449,198506,173518,87855,39938,,10928,96
2021-06-13,29643,141298,185836,191449,198506,173518,87855,39938,,10928,96
2021-06-14,29643,141298,185836,191449,198506,173518,87855,39938,,10928,96
2021-06-15,29703,141569,186114,191639,198711,173631,87894,39956,,10931,94
2021-06-16,29703,141569,186114,191639,198711,173631,87894,39956,,10931,94
2021-06-17,29703,141569,186114,191639,198711,173631,87894,39956,,10931,94
2021-06-18,29703,141569,186114,191639,198711,173631,87894,39956,,10931,94
2021-06-19,29703,141569,186114,191639,198711,173631,87894,39956,,10931,94
2021-06-20,29703,141569,186114,191639,198711,173631,87894,39956,,10931,94
2021-06-21,29703,141569,186114,191639,198711,173631,87894,39956,,10931,94
2021-06-22,29843,142508,186802,192185,199246,173993,87995,39996,,10938,96
2021-06-23,29871,142640,186907,192259,199336,174046,88005,40003,,10940,96
2021-06-24,29895,142713,187005,192325,199399,174079,88018,40008,,10941,96
2021-06-25,29895,142713,187005,192325,199399,174079,88018,40008,,10941,96
2021-06-26,29895,142713,187005,192325,199399,174079,88018,40008,,10941,96
2021-06-27,29895,142713,187005,192325,199399,174079,88018,40008,,10941,96
2021-06-28,29895,142713,187005,192325,199399,174079,88018,40008,,10941,96
2021-06-29,29941,142905,187202,192471,199536,174156,88042,40025,,10944,95
2021-06-30,29951,142950,187277,192516,199572,174177,88049,40029,,10944,95
2021-07-01,29969,143051,187441,192642,199651,174227,88065,40035,,10944,95
2021-07-02,29981,143100,187565,192703,199692,174244,88079,40038,,10946,95
2021-07-03,29981,143100,187565,192703,199692,174244,88079,40038,,10946,95
2021-07-04,29981,143100,187565,192703,199692,174244,88079,40038,,10946,95
2021-07-05,29981,143100,187565,192703,199692,174244,88079,40038,,10946,95
2021-07-06,30004,143272,187804,192865,199806,174308,88105,40066,,10951,95
2021-07-07,30020,143348,187932,192922,199852,174332,88112,40071,,10952,95
2021-07-08,30028,143391,188036,192966,199880,174338,88110,40064,,10951,95
2021-07-09,30037,143443,188132,193005,199897,174351,88113,40066,,10952,95
2021-07-10,30037,143443,188132,193005,199897,174351,88113,40066,,10952,95
2021-07-11,30037,143443,188132,193005,199897,174351,88113,40066,,10952,95
2021-07-12,30037,143443,188132,193005,199897,174351,88113,40066,,10952,95
2021-07-13,30057,143588,188399,193111,199955,174393,88128,40075,,10953,96
2021-07-14,30070,143654,188565,193167,199991,174417,88135,40075,,10953,96
2021-07-15,30084,143706,188706,193235,200028,174438,88140,40081,,10954,96
2021-07-16,30091,143784,188872,193295,200057,174453,88144,40083,,10954,96
2021-07-17,30091,143784,188872,193295,200057,174453,88144,40083,,10954,96
2021-07-18,30091,143784,188872,193295,200057,174453,88144,40083,,10954,96
2021-07-19,30091,143784,188872,193295,200057,174453,88144,40083,,10954,96
2021-07-20,30118,143960,189280,193465,200146,174522,88167,40094,,10958,97
2021-07-21,30130,144057,189492,193558,200179,174543,88178,40101,,10958,94
2021-07-22,30141,144165,189736,193673,200233,174580,88185,40106,,10958,94
2021-07-23,30149,144249,189920,193760,200278,174609,88195,40112,,10960,94
2021-07-24,30149,144249,189920,193760,200278,174609,88195,40112,,10960,94
2021-07-25,30149,144249,189920,193760,200278,174609,88195,40112,,10960,94
2021-07-26,30149,144249,189920,193760,200278,174609,88195,40112,,10960,94
2021-07-27,30184,144503,190432,193982,200409,174694,88228,40142,,10980,97
2021-07-28,30198,144595,190674,194098,200488,174763,88244,40151,,10983,96
2021-07-29,30219,144714,190953,194223,200556,174795,88255,40148,,10971,93
2021-07-30,30235,144834,191200,194332,200628,174843,88263,40152,,10972,95
2021-07-31,30235,144834,191200,194332,200628,174843,88263,40152,,10972,95
2021-08-01,30235,144834,191200,194332,200628,174843,88263,40152,,10972,95
2021-08-02,30235,144834,191200,194332,200628,174843,88263,40152,,10972,95
2021-08-03,30285,145211,191880,194640,200857,174979,88306,40177,,10974,95
2021-08-04,30317,145382,192216,194805,200972,175048,88335,40187,,10973,95
2021-08-05,30337,145516,192560,194950,201077,175119,88355,40204,,10976,95
2021-08-06,30357,145660,192876,195136,201159,175173,88376,40219,,10978,95
2021-08-07,30357,145660,192876,195136,201159,175173,88376,40219,,10978,95
2021-08-08,30357,145660,192876,195136,201159,175173,88376,40219,,10978,95
2021-08-09,30357,145660,192876,195136,201159,175173,88376,40219,,10978,95
2021-08-10,30421,146042,193663,195615,201440,175352,88433,40262,,10980,95
2021-08-11,30454,146251,194064,195863,201614,175456,88474,40281,,10983,95
2021-08-12,30493,146446,194390,196061,201754,175549,88510,40296,,10986,96
2021-08-13,30547,146630,194692,196299,201888,175612,88550,40306,,10988,97
2021-08-14,30547,146630,194692,196299,201888,175612,88550,40306,,10988,97
2021-08-15,30547,146630,194692,196299,201888,175612,88550,40306,,10988,97
2021-08-16,30547,146630,194692,196299,201888,175612,88550,40306,,10988,97
2021-08-17,30682,147103,195514,196929,202238,175825,88644,40362,,10995,99
2021-08-18,30750,147344,195849,197205,202442,175925,88700,40380,,10999,99
2021-08-19,30815,147600,196150,197488,202633,176016,88758,40408,,11004,99
2021-08-20,30875,147778,196424,197719,202759,176101,88789,40428,,11010,99
2021-08-21,30875,147778,196424,197719,202759,176101,88789,40428,,11010,99
2021-08-22,30875,147778,196424,197719,202759,176101,88789,40428,,11010,99
2021-08-23,30875,147778,196424,197719,202759,176101,88789,40428,,11010,99
2021-08-24,31076,148329,197073,198284,203103,176339,88907,40485,,11023,100
2021-08-25,31182,148622,197321,198549,203279,176415,88956,40514,,11030,102
2021-08-26,31308,148997,197643,198831,203467,176532,89014,40539,,11036,101
2021-08-27,31420,149332,197899,199051,203635,176619,89071,40559,,11040,102
2021-08-28,31420,149332,197899,199051,203635,176619,89071,40559,,11040,102
2021-08-29,31420,149332,197899,199051,203635,176619,89071,40559,,11040,102
2021-08-30,31420,149332,197899,199051,203635,176619,89071,40559,,11040,102
2021-08-31,31712,150234,198501,199679,204070,176904,89189,40634,,11044,119
2021-09-01,31801,150539,198689,199852,204212,176993,89235,40677,,11049,127
2021-09-02,31897,150920,198864,200058,204359,177092,89279,40714,,11054,142
2021-09-03,32017,151362,199073,200286,204536,177201,89327,40746,,11062,150
2021-09-04,32017,151362,199073,200286,204536,177201,89327,40746,,11062,150
2021-09-05,32017,151362,199073,200286,204536,177201,89327,40746,,11062,150
2021-09-06,32017,151362,199073,200286,204536,177201,89327,40746,,11062,150
2021-09-07,32277,152264,199440,200745,204956,177425,89452,40823,,11103,138
2021-09-08,32406,152754,199720,201023,205199,177557,89519,40875,,11113,142
2021-09-09,32532,153230,199923,201263,205348,177671,89570,40894,,11102,141
2021-09-10,32640,153726,200126,201491,205534,177781,89645,40942,,11116,138
2021-09-11,32640,153726,200126,201491,205534,177781,89645,40942,,11116,138
2021-09-12,32640,153726,200126,201491,205534,177781,89645,40942,,11116,138
2021-09-13,32640,153726,200126,201491,205534,177781,89645,40942,,11116,138
2021-09-14,32914,154837,200616,202055,206071,178095,89810,41045,,11152,134
2021-09-15,33006,155153,200774,202231,206214,178208,89859,41076,,11158,133
2021-09-16,33085,155497,200923,202415,206389,178341,89920,41125,,11171,132
2021-09-17,33157,155794,201063,202573,206534,178433,89974,41158,,11175,130
2021-09-18,33157,155794,201063,202573,206534,178433,89974,41158,,11175,130
2021-09-19,33157,155794,201063,202573,206534,178433,89974,41158,,11175,130
2021-09-20,33157,155794,201063,202573,206534,178433,89974,41158,,11175,130
2021-09-21,33277,156299,201332,202892,206842,178652,90087,41222,,11195,137
2021-09-22,33349,156515,201437,203028,207004,178756,90147,41253,,11207,137
2021-09-23,33412,156734,201523,203149,207112,178843,90191,41263,,11216,135
2021-09-24,33455,156953,201613,203273,207233,178920,90230,41291,,11222,136
2021-09-25,33455,156953,201613,203273,207233,178920,90230,41291,,11222,136
2021-09-26,33455,156953,201613,203273,207233,178920,90230,41291,,11222,136
2021-09-27,33455,156953,201613,203273,207233,178920,90230,41291,,11222,136
2021-09-28,33582,157428,201815,203560,207485,179095,90325,41368,,11247,133
2021-09-29,33642,157668,201907,203686,207608,179189,90364,41412,,11254,135
2021-09-30,33708,157934,201988,203811,207728,179269,90405,41450,,11269,135
2021-10-01,33761,158161,202070,203922,207833,179358,90444,41486,,11276,139
2021-10-02,33761,158161,202070,203922,207833,179358,90444,41486,,11276,139
2021-10-03,33761,158161,202070,203922,207833,179358,90444,41486,,11276,139
2021-10-04,33761,158161,202070,203922,207833,179358,90444,41486,,11276,139
2021-10-05,33896,158720,202263,204216,208118,179511,90556,41564,,11295,140
2021-10-06,33949,158916,202318,204318,208260,179582,90595,41591,,11301,141
2021-10-07,33999,159209,202399,204439,208366,179667,90642,41625,,11305,142
2021-10-08,34048,159440,202461,204545,208465,179745,90701,41662,,11309,140
2021-10-09,34048,159440,202461,204545,208465,179745,90701,41662,,11309,140
2021-10-10,34048,159440,202461,204545,208465,179745,90701,41662,,11309,140
2021-10-11,34048,159440,202461,204545,208465,179745,90701,41662,,11309,140
2021-10-12,34205,159974,202633,204783,208739,179921,90783,41708,,11318,145
2021-10-13,34286,160255,202709,204903,208897,180012,90833,41735,,11323,145
2021-10-14,34359,160502,202777,205030,209002,180090,90877,41769,,11330,145
2021-10-15,34405,160702,202846,205140,209107,180145,90919,41797,,11332,144
2021-10-16,34405,160702,202846,205140,209107,180145,90919,41797,,11332,144
2021-10-17,34405,160702,202846,205140,209107,180145,90919,41797,,11332,144
2021-10-18,34405,160702,202846,205140,209107,180145,90919,41797,,11332,144
2021-10-19,34545,161216,202990,205374,209372,180315,91003,41858,,11342,148
2021-10-20,34611,161460,203066,205494,209500,180396,91038,41885,,11356,148
2021-10-21,34665,161703,203153,205583,209626,180485,91088,41911,,11365,147
2021-10-22,34712,161969,203237,205699,209750,180559,91133,41937,,11372,147
2021-10-23,34712,161969,203237,205699,209750,180559,91133,41937,,11372,147
2021-10-24,34712,161969,203237,205699,209750,180559,91133,41937,,11372,147
2021-10-25,34712,161969,203237,205699,209750,180559,91133,41937,,11372,147
2021-10-26,34876,162672,203422,206020,210141,180796,91269,42020,,11388,146
2021-10-27,34988,163093,203508,206199,210361,180902,91334,42062,,11394,148
2021-10-28,35081,163420,203556,206319,210479,180986,91377,42099,,11399,150
2021-10-29,35179,163778,203649,206473,210639,181095,91438,42131,,11403,151
2021-10-30,35179,163778,203649,206473,210639,181095,91438,42131,,11403,151
2021-10-31,35179,163778,203649,206473,210639,181095,91438,42131,,11403,151
2021-11-01,35179,163778,203649,206473,210639,181095,91438,42131,,11403,151
2021-11-02,35423,164538,203895,206872,211150,181397,91609,42220,,11413,143
2021-11-03,35528,164833,203998,207042,211361,181527,91689,42257,,11418,146
2021-11-04,35614,165019,204091,207194,211502,181621,91732,42288,,11422,146
2021-11-05,35674,165241,204178,207330,211643,181698,91782,42323,,11427,145
2021-11-06,35674,165241,204178,207330,211643,181698,91782,42323,,11427,145
2021-11-07,35674,165241,204178,207330,211643,181698,91782,42323,,11427,145
2021-11-08,35674,165241,204178,207330,211643,181698,91782,42323,,11427,145
2021-11-09,35886,165697,204392,207636,212053,181918,91922,42410,,11437,150
2021-11-10,35978,165998,204525,207844,212324,182077,92021,42462,,11441,147
2021-11-11,36058,166209,204639,208011,212522,182191,92082,42516,,11442,149
2021-11-12,36147,166401,204749,208152,212704,182293,92145,42561,,11448,148
2021-11-13,36147,166401,204749,208152,212704,182293,92145,42561,,11448,148
2021-11-14,36147,166401,204749,208152,212704,182293,92145,42561,,11448,148
2021-11-15,36147,166401,204749,208152,212704,182293,92145,42561,,11448,148
2021-11-16,36385,166914,205041,208590,213201,182597,92308,42683,,11458,155
2021-11-17,36501,167187,205178,208820,213414,182767,92396,42735,,11461,155
2021-11-18,36644,167445,205327,209016,213618,182895,92470,42791,,11462,156
2021-11-19,36778,167716,205436,209201,213799,183011,92542,42842,,11463,148
2021-11-20,36778,167716,205436,209201,213799,183011,92542,42842,,11463,148
2021-11-21,36778,167716,205436,209201,213799,183011,92542,42842,,11463,148
2021-11-22,36778,167716,205436,209201,213799,183011,92542,42842,,11463,148
2021-11-23,37181,168472,205759,209810,214489,183453,92852,43064,,11476,153
2021-11-24,37420,168885,205927,210131,214861,183728,93021,43160,,11481,152
2021-11-25,37657,169340,206105,210408,215188,183961,93203,43285,,11494,154
2021-11-26,37928,169779,206292,210731,215594,184222,93348,43393,,11497,155
2021-11-27,37928,169779,206292,210731,215594,184222,93348,43393,,11497,155
2021-11-28,37928,169779,206292,210731,215594,184222,93348,43393,,11497,155
2021-11-29,37928,169779,206292,210731,215594,184222,93348,43393,,11497,155
2021-11-30,38685,170986,206755,211660,216735,184961,93791,43643,,11510,155
2021-12-01,39016,171513,207005,212074,217205,185285,93991,43745,,11513,155
2021-12-02,39305,172067,207189,212471,217594,185581,94159,43872,,11519,155
2021-12-03,39635,172498,207382,212857,217990,185815,94303,43946,,11521,160
2021-12-04,39635,172498,207382,212857,217990,185815,94303,43946,,11521,160
2021-12-05,39635,172498,207382,212857,217990,185815,94303,43946,,11521,160
2021-12-06,39635,172498,207382,212857,217990,185815,94303,43946,,11521,160
2021-12-07,40568,173909,208074,214078,219418,186695,94832,44179,,11540,162
2021-12-08,40958,174495,208378,214661,220074,187113,95082,44297,,11547,159
2021-12-09,41384,175051,208678,215175,220689,187486,95283,44437,,11555,158
2021-12-10,41772,175631,208970,215725,221281,187891,95501,44534,,11562,164
2021-12-11,41772,175631,208970,215725,221281,187891,95501,44534,,11562,164
2021-12-12,41772,175631,208970,215725,221281,187891,95501,44534,,11562,164
2021-12-13,41772,175631,208970,215725,221281,187891,95501,44534,,11562,164
2021-12-14,42964,177277,209865,217441,223178,189043,96114,44834,,11574,154
2021-12-15,43416,177980,210216,218196,223958,189616,96403,44945,,11578,155
2021-12-16,43898,178686,210644,218933,224712,190155,96641,45046,,11581,159
2021-12-17,44358,179398,211115,219684,225523,190700,96888,45149,,11586,158
2021-12-18,44358,179398,211115,219684,225523,190700,96888,45149,,11586,158
2021-12-19,44358,179398,211115,219684,225523,190700,96888,45149,,11586,158
2021-12-20,44358,179398,211115,219684,225523,190700,96888,45149,,11586,158
2021-12-21,45716,181373,212646,222102,227905,192443,97770,45436,,11609,177
2021-12-22,46177,182069,213310,223042,228747,193098,98053,45533,,11621,186
2021-12-23,46668,182707,214167,224051,229693,193746,98373,45641,,11625,193
2021-12-24,46668,182707,214167,224051,229693,193746,98373,45641,,11625,193
2021-12-25,46668,182707,214167,224051,229693,193746,98373,45641,,11625,193
2021-12-26,46668,182707,214167,224051,229693,193746,98373,45641,,11625,193
2021-12-27,46668,182707,214167,224051,229693,193746,98373,45641,,11625,193
2021-12-28,48195,185348,218067,228171,233706,196904,99603,46124,,11661,204
2021-12-29,48675,186304,219658,229983,235457,198502,100225,46325,,11676,199
2021-12-30,49208,187515,221731,232176,237455,200402,100976,46641,,11709,205
2021-12-31,49208,187515,221731,232176,237455,200402,100976,46641,,11709,205
2022-01-01,49208,187515,221731,232176,237455,200402,100976,46641,,11709,205
2022-01-02,49208,187515,221731,232176,237455,200402,100976,46641,,11709,205
2022-01-03,49208,187515,221731,232176,237455,200402,100976,46641,,11709,205
2022-01-04,51101,191675,230187,240845,244981,207320,104033,48165,,11866,233
2022-01-05,51772,193364,234062,244441,247956,210081,105116,48747,,11941,241
2022-01-06,51772,193364,234062,244441,247956,210081,105116,48747,,11941,241
2022-01-07,53219,197410,244273,253026,254823,216259,107427,49931,,12045,286
2022-01-08,53219,197410,244273,253026,254823,216259,107427,49931,,12045,286
2022-01-09,53219,197410,244273,253026,254823,216259,107427,49931,,12045,286
2022-01-10,53219,197410,244273,253026,254823,216259,107427,49931,,12045,286
2022-01-11,56169,205135,260885,267365,266747,226699,111445,51690,,12260,319
2022-01-12,57292,207825,264963,271619,270840,230192,112748,52233,,12359,324
2022-01-13,58545,210946,269635,276897,275634,234109,114219,52859,,12461,348
2022-01-14,59851,214079,274196,282030,280581,238166,115616,53489,,12576,363
2022-01-15,59851,214079,274196,282030,280581,238166,115616,53489,,12576,363
2022-01-16,59851,214079,274196,282030,280581,238166,115616,53489,,12576,363
2022-01-17,59851,214079,274196,282030,280581,238166,115616,53489,,12576,363
2022-01-18,65857,226943,291303,302449,299026,252176,120772,55580,,12891,383
2022-01-19,68754,232746,298743,311234,307186,258246,122956,56349,,13091,395
2022-01-20,72346,239338,304811,319742,314960,263687,124995,57130,,13281,393
2022-01-21,76286,246146,310734,328747,323141,268943,127048,57806,,13426,413
2022-01-22,76286,246146,310734,328747,323141,268943,127048,57806,,13426,413
2022-01-23,76286,246146,310734,328747,323141,268943,127048,57806,,13426,413
2022-01-24,76286,246146,310734,328747,323141,268943,127048,57806,,13426,413
2022-01-25,89363,269226,329337,358889,351179,285631,132999,59804,,13863,427
2022-01-26,94753,277984,335867,369614,360889,291435,135104,60581,,14095,450
2022-01-27,98925,285051,341303,378806,369140,296247,136867,61155,,14287,463
2022-01-28,105049,295686,348367,390152,379563,302325,139129,61807,,14461,476
2022-01-29,105049,295686,348367,390152,379563,302325,139129,61807,,14461,476
2022-01-30,105049,295686,348367,390152,379563,302325,139129,61807,,14461,476
2022-01-31,105049,295686,348367,390152,379563,302325,139129,61807,,14461,476
2022-02-01,115780,314811,363033,414661,402505,315347,144353,63571,,14936,502
2022-02-02,119755,321573,367928,422645,410131,320017,146323,64261,,15166,506
2022-02-03,123077,327845,372793,430207,417037,324439,148304,64898,,15361,478
2022-02-04,125192,332285,376805,436092,422424,327848,149877,65514,,15615,488
2022-02-05,125192,332285,376805,436092,422424,327848,149877,65514,,15615,488
2022-02-06,125192,332285,376805,436092,422424,327848,149877,65514,,15615,488
2022-02-07,125192,332285,376805,436092,422424,327848,149877,65514,,15615,488
2022-02-08,130533,342621,385766,449847,435176,336373,153812,67123,,16093,460
2022-02-09,131746,345050,388253,453480,438502,338912,155060,67715,,16356,465
2022-02-10,132754,347163,390703,456903,441598,341325,156335,68275,,16573,470
2022-02-11,133111,347907,391880,458489,442919,342475,156930,68634,,16730,472
2022-02-12,133111,347907,391880,458489,442919,342475,156930,68634,,16730,472
2022-02-13,133111,347907,391880,458489,442919,342475,156930,68634,,16730,472
2022-02-14,133111,347907,391880,458489,442919,342475,156930,68634,,16730,472
2022-02-15,133492,348548,393481,460813,444951,344332,158006,69319,,17164,464
2022-02-16,133630,348722,394204,461885,445881,345189,158499,69660,,17381,465
2022-02-17,133721,348915,394836,462683,446530,345841,158866,69901,,17523,467
2022-02-18,133836,349117,395475,463486,447273,346539,159258,70173,,17668,466
2022-02-19,133836,349117,395475,463486,447273,346539,159258,70173,,17668,466
2022-02-20,133836,349117,395475,463486,447273,346539,159258,70173,,17668,466
2022-02-21,133836,349117,395475,463486,447273,346539,159258,70173,,17668,466
2022-02-22,134091,349450,396635,465139,448620,347994,160068,70678,,18025,476
2022-02-23,134163,349565,397097,465780,449231,348578,160422,70852,,18172,479
2022-02-24,134237,349699,397549,466391,449711,349049,160682,71030,,18308,481
2022-02-25,134284,349778,397942,466986,450274,349659,161001,71242,,18477,483
2022-02-26,134284,349778,397942,466986,450274,349659,161001,71242,,18477,483
2022-02-27,134284,349778,397942,466986,450274,349659,161001,71242,,18477,483
2022-02-28,134284,349778,397942,466986,450274,349659,161001,71242,,18477,483
2022-03-01,134435,350071,398886,468241,451404,350856,161674,71729,,18787,482
2022-03-02,134499,350141,399309,468810,451937,351430,161985,71969,,18971,477
2022-03-03,134532,350192,399641,469194,452297,351875,162264,72175,,19099,477
2022-03-04,134571,350256,399908,469493,452595,352234,162505,72356,,19192,478
2022-03-05,134571,350256,399908,469493,452595,352234,162505,72356,,19192,478
2022-03-06,134571,350256,399908,469493,452595,352234,162505,72356,,19192,478
2022-03-07,134571,350256,399908,469493,452595,352234,162505,72356,,19192,478
2022-03-08,134671,350375,400466,470202,453270,353069,163077,72815,,19464,479
2022-03-09,134706,350430,400726,470541,453593,353509,163342,72973,,19570,479
2022-03-10,134744,350478,400988,470839,453891,353918,163595,73160,,19698,480
2022-03-11,134763,350514,401173,471083,454107,354179,163770,73264,,19786,480
2022-03-12,134763,350514,401173,471083,454107,354179,163770,73264,,19786,480
2022-03-13,134763,350514,401173,471083,454107,354179,163770,73264,,19786,480
2022-03-14,134763,350514,401173,471083,454107,354179,163770,73264,,19786,480
2022-03-15,134823,350591,401534,471611,454591,354815,164218,73650,,20020,481
2022-03-16,134835,350614,401745,471860,454855,355157,164468,73817,,20121,481
2022-03-17,134867,350644,401945,472096,455097,355455,164654,73977,,20190,483
2022-03-18,134901,350721,402205,472448,455402,355792,164869,74153,,20270,484
2022-03-19,134901,350721,402205,472448,455402,355792,164869,74153,,20270,484
2022-03-20,134901,350721,402205,472448,455402,355792,164869,74153,,20270,484
2022-03-21,134901,350721,402205,472448,455402,355792,164869,74153,,20270,484
2022-03-22,134901,350721,402205,472448,455402,355792,164869,74153,,20270,484
2022-03-23,134901,350721,402205,472448,455402,355792,164869,74153,,20270,484
2022-03-24,135006,350893,402866,473315,456250,356903,165647,74773,,20556,486
2022-03-25,135006,350893,402866,473315,456250,356903,165647,74773,,20556,486
2022-03-26,135006,350893,402866,473315,456250,356903,165647,74773,,20556,486
2022-03-27,135006,350893,402866,473315,456250,356903,165647,74773,,20556,486
2022-03-28,135006,350893,402866,473315,456250,356903,165647,74773,,20556,486
2022-03-29,135006,350893,402866,473315,456250,356903,165647,74773,,20556,486
2022-03-30,135006,350893,402866,473315,456250,356903,165647,74773,,20556,486
2022-03-31,135179,351089,403521,474241,457108,357977,166439,75408,,20816,488
2022-04-01,135179,351089,403521,474241,457108,357977,166439,75408,,20816,488
2022-04-02,135179,351089,403521,474241,457108,357977,166439,75408,,20816,488
2022-04-03,135179,351089,403521,474241,457108,357977,166439,75408,,20816,488
2022-04-04,135179,351089,403521,474241,457108,357977,166439,75408,,20816,488
2022-04-05,135179,351089,403521,474241,457108,357977,166439,75408,,20816,488
2022-04-06,135179,351089,403521,474241,457108,357977,166439,75408,,20816,488
2022-04-07,135247,351175,403964,474822,457660,358749,167023,75874,,21005,486
2022-04-08,135247,351175,403964,474822,457660,358749,167023,75874,,21005,486
2022-04-09,135247,351175,403964,474822,457660,358749,167023,75874,,21005,486
2022-04-10,135247,351175,403964,474822,457660,358749,167023,75874,,21005,486
2022-04-11,135247,351175,403964,474822,457660,358749,167023,75874,,21005,486
2022-04-12,135247,351175,403964,474822,457660,358749,167023,75874,,21005,486
2022-04-13,135247,351175,403964,474822,457660,358749,167023,75874,,21005,486
2022-04-14,135312,351274,404368,475341,458171,359517,167621,76368,,21192,487
2022-04-15,135312,351274,404368,475341,458171,359517,167621,76368,,21192,487
2022-04-16,135312,351274,404368,475341,458171,359517,167621,76368,,21192,487
2022-04-17,135312,351274,404368,475341,458171,359517,167621,76368,,21192,487
2022-04-18,135312,351274,404368,475341,458171,359517,167621,76368,,21192,487
2022-04-19,135312,351274,404368,475341,458171,359517,167621,76368,,21192,487
2022-04-20,135312,351274,404368,475341,458171,359517,167621,76368,,21192,487
2022-04-21,135361,351321,404591,475640,458496,359953,167958,76695,,21303,486
2022-04-22,135361,351321,404591,475640,458496,359953,167958,76695,,21303,486
2022-04-23,135361,351321,404591,475640,458496,359953,167958,76695,,21303,486
2022-04-24,135361,351321,404591,475640,458496,359953,167958,76695,,21303,486
2022-04-25,135361,351321,404591,475640,458496,359953,167958,76695,,21303,486
2022-04-26,135361,351321,404591,475640,458496,359953,167958,76695,,21303,486
2022-04-27,135361,351321,404591,475640,458496,359953,167958,76695,,21303,486
2022-04-28,135414,351388,404852,475971,458805,360399,168316,77000,,21423,487
2022-04-29,135414,351388,404852,475971,458805,360399,168316,77000,,21423,487
2022-04-30,135414,351388,404852,475971,458805,360399,168316,77000,,21423,487
2022-05-01,135414,351388,404852,475971,458805,360399,168316,77000,,21423,487
2022-05-02,135414,351388,404852,475971,458805,360399,168316,77000,,21423,487
2022-05-03,135414,351388,404852,475971,458805,360399,168316,77000,,21423,487
2022-05-04,135414,351388,404852,475971,458805,360399,168316,77000,,21423,487
2022-05-05,135478,351464,405087,476292,459093,360814,168590,77238,,21504,490
2022-05-06,135478,351464,405087,476292,459093,360814,168590,77238,,21504,490
2022-05-07,135478,351464,405087,476292,459093,360814,168590,77238,,21504,490
2022-05-08,135478,351464,405087,476292,459093,360814,168590,77238,,21504,490
2022-05-09,135478,351464,405087,476292,459093,360814,168590,77238,,21504,490
2022-05-10,135478,351464,405087,476292,459093,360814,168590,77238,,21504,490
2022-05-11,135478,351464,405087,476292,459093,360814,168590,77238,,21504,490
2022-05-12,135524,351534,405273,476550,459336,361138,168836,77430,,21581,487
2022-05-13,135524,351534,405273,476550,459336,361138,168836,77430,,21581,487
2022-05-14,135524,351534,405273,476550,459336,361138,168836,77430,,21581,487
2022-05-15,135524,351534,405273,476550,459336,361138,168836,77430,,21581,487
2022-05-16,135524,351534,405273,476550,459336,361138,168836,77430,,21581,487
2022-05-17,135524,351534,405273,476550,459336,361138,168836,77430,,21581,487
2022-05-18,135524,351534,405273,476550,459336,361138,168836,77430,,21581,487
2022-05-19,135572,351602,405472,476827,459597,361457,169049,77573,,21640,489
2022-05-20,135572,351602,405472,476827,459597,361457,169049,77573,,21640,489
2022-05-21,135572,351602,405472,476827,459597,361457,169049,77573,,21640,489
2022-05-22,135572,351602,405472,476827,459597,361457,169049,77573,,21640,489
2022-05-23,135572,351602,405472,476827,459597,361457,169049,77573,,21640,489
2022-05-24,135572,351602,405472,476827,459597,361457,169049,77573,,21640,489
2022-05-25,135617,351681,405600,477034,459798,361684,169214,77696,,21692,490
2022-05-26,135617,351681,405600,477034,459798,361684,169214,77696,,21692,490
2022-05-27,135617,351681,405600,477034,459798,361684,169214,77696,,21692,490
2022-05-28,135617,351681,405600,477034,459798,361684,169214,77696,,21692,490
2022-05-29,135617,351681,405600,477034,459798,361684,169214,77696,,21692,490
2022-05-30,135617,351681,405600,477034,459798,361684,169214,77696,,21692,490
2022-05-31,135617,351681,405600,477034,459798,361684,169214,77696,,21692,490
2022-06-01,135617,351681,405600,477034,459798,361684,169214,77696,,21692,490
2022-06-02,135650,351715,405780,477227,459982,361959,169383,77842,,21762,490
2022-06-03,135650,351715,405780,477227,459982,361959,169383,77842,,21762,490
2022-06-04,135650,351715,405780,477227,459982,361959,169383,77842,,21762,490
2022-06-05,135650,351715,405780,477227,459982,361959,169383,77842,,21762,490
2022-06-06,135650,351715,405780,477227,459982,361959,169383,77842,,21762,490
2022-06-07,135650,351715,405780,477227,459982,361959,169383,77842,,21762,490
2022-06-08,135650,351715,405780,477227,459982,361959,169383,77842,,21762,490
2022-06-09,135695,351779,406010,477482,460212,362217,169563,77978,,21801,491
2022-06-10,135695,351779,406010,477482,460212,362217,169563,77978,,21801,491
2022-06-11,135695,351779,406010,477482,460212,362217,169563,77978,,21801,491
2022-06-12,135695,351779,406010,477482,460212,362217,169563,77978,,21801,491
2022-06-13,135695,351779,406010,477482,460212,362217,169563,77978,,21801,491
2022-06-14,135695,351779,406010,477482,460212,362217,169563,77978,,21801,491
2022-06-15,135695,351779,406010,477482,460212,362217,169563,77978,,21801,491
2022-06-16,135744,351865,406240,477789,460503,362589,169790,78146,,21849,495
2022-06-17,135744,351865,406240,477789,460503,362589,169790,78146,,21849,495
2022-06-18,135744,351865,406240,477789,460503,362589,169790,78146,,21849,495
2022-06-19,135744,351865,406240,477789,460503,362589,169790,78146,,21849,495
2022-06-20,135744,351865,406240,477789,460503,362589,169790,78146,,21849,495
2022-06-21,135744,351865,406240,477789,460503,362589,169790,78146,,21849,495
2022-06-22,135744,351865,406240,477789,460503,362589,169790,78146,,21849,495
2022-06-23,135814,351985,406611,478226,460957,363180,170091,78366,,21964,497
2022-06-24,135814,351985,406611,478226,460957,363180,170091,78366,,21964,497
2022-06-25,135814,351985,406611,478226,460957,363180,170091,78366,,21964,497
2022-06-26,135814,351985,406611,478226,460957,363180,170091,78366,,21964,497
2022-06-27,135814,351985,406611,478226,460957,363180,170091,78366,,21964,497
2022-06-28,135814,351985,406611,478226,460957,363180,170091,78366,,21964,497
2022-06-29,135814,351985,406611,478226,460957,363180,170091,78366,,21964,497
2022-06-30,135900,352108,407070,478723,461397,363777,170455,78687,,22131,500
2022-07-01,135900,352108,407070,478723,461397,363777,170455,78687,,22131,500
2022-07-02,135900,352108,407070,478723,461397,363777,170455,78687,,22131,500
2022-07-03,135900,352108,407070,478723,461397,363777,170455,78687,,22131,500
2022-07-04,135900,352108,407070,478723,461397,363777,170455,78687,,22131,500
2022-07-05,135900,352108,407070,478723,461397,363777,170455,78687,,22131,500
2022-07-06,135900,352108,407070,478723,461397,363777,170455,78687,,22131,500
2022-07-07,135997,352285,407643,479332,461944,364481,170912,79067,,22337,497
2022-07-08,135997,352285,407643,479332,461944,364481,170912,79067,,22337,497
2022-07-09,135997,352285,407643,479332,461944,364481,170912,79067,,22337,497
2022-07-10,135997,352285,407643,479332,461944,364481,170912,79067,,22337,497
2022-07-11,135997,352285,407643,479332,461944,364481,170912,79067,,22337,497
2022-07-12,135997,352285,407643,479332,461944,364481,170912,79067,,22337,497
2022-07-13,135997,352285,407643,479332,461944,364481,170912,79067,,22337,497
2022-07-14,136084,352481,408356,480031,462569,365263,171384,79509,,22566,503
2022-07-15,136084,352481,408356,480031,462569,365263,171384,79509,,22566,503
2022-07-16,136084,352481,408356,480031,462569,365263,171384,79509,,22566,503
2022-07-17,136084,352481,408356,480031,462569,365263,171384,79509,,22566,503
2022-07-18,136084,352481,408356,480031,462569,365263,171384,79509,,22566,503
2022-07-19,136084,352481,408356,480031,462569,365263,171384,79509,,22566,503
2022-07-20,136084,352481,408356,480031,462569,365263,171384,79509,,22566,503
2022-07-21,136210,352732,409185,480903,463308,366162,171967,80082,,22859,509
2022-07-22,136210,352732,409185,480903,463308,366162,171967,80082,,22859,509
2022-07-23,136210,352732,409185,480903,463308,366162,171967,80082,,22859,509
2022-07-24,136210,352732,409185,480903,463308,366162,171967,80082,,22859,509
2022-07-25,136210,352732,409185,480903,463308,366162,171967,80082,,22859,509
2022-07-26,136210,352732,409185,480903,463308,366162,171967,80082,,22859,509
2022-07-27,136210,352732,409185,480903,463308,366162,171967,80082,,22859,509
2022-07-28,136307,352921,409993,481748,463999,367042,172610,80659,,23215,514
2022-07-29,136307,352921,409993,481748,463999,367042,172610,80659,,23215,514
2022-07-30,136307,352921,409993,481748,463999,367042,172610,80659,,23215,514
2022-07-31,136307,352921,409993,481748,463999,367042,172610,80659,,23215,514
2022-08-01,136307,352921,409993,481748,463999,367042,172610,80659,,23215,514
2022-08-02,136307,352921,409993,481748,463999,367042,172610,80659,,23215,514
2022-08-03,136307,352921,409993,481748,463999,367042,172610,80659,,23215,514
2022-08-04,136433,353092,410856,482568,464744,367937,173268,81276,,23546,516
2022-08-05,136433,353092,410856,482568,464744,367937,173268,81276,,23546,516
2022-08-06,136433,353092,410856,482568,464744,367937,173268,81276,,23546,516
2022-08-07,136433,353092,410856,482568,464744,367937,173268,81276,,23546,516
2022-08-08,136433,353092,410856,482568,464744,367937,173268,81276,,23546,516
2022-08-09,136433,353092,410856,482568,464744,367937,173268,81276,,23546,516
2022-08-10,136433,353092,410856,482568,464744,367937,173268,81276,,23546,516
2022-08-11,136545,353322,411755,483468,465597,368917,173992,81868,,23873,523
2022-08-12,136545,353322,411755,483468,465597,368917,173992,81868,,23873,523
2022-08-13,136545,353322,411755,483468,465597,368917,173992,81868,,23873,523
2022-08-14,136545,353322,411755,483468,465597,368917,173992,81868,,23873,523
2022-08-15,136545,353322,411755,483468,465597,368917,173992,81868,,23873,523
2022-08-16,136545,353322,411755,483468,465597,368917,173992,81868,,23873,523
2022-08-17,136545,353322,411755,483468,465597,368917,173992,81868,,23873,523
2022-08-18,136713,353570,412659,484579,466632,369993,174647,82489,,24223,527
2022-08-19,136713,353570,412659,484579,466632,369993,174647,82489,,24223,527
2022-08-20,136713,353570,412659,484579,466632,369993,174647,82489,,24223,527
2022-08-21,136713,353570,412659,484579,466632,369993,174647,82489,,24223,527
2022-08-22,136713,353570,412659,484579,466632,369993,174647,82489,,24223,527
2022-08-23,136713,353570,412659,484579,466632,369993,174647,82489,,24223,527
2022-08-24,136713,353570,412659,484579,466632,369993,174647,82489,,24223,527
2022-08-25,136898,353843,413320,485516,467488,370839,175204,82910,,24447,530
2022-08-26,136898,353843,413320,485516,467488,370839,175204,82910,,24447,530
2022-08-27,136898,353843,413320,485516,467488,370839,175204,82910,,24447,530
2022-08-28,136898,353843,413320,485516,467488,370839,175204,82910,,24447,530
2022-08-29,136898,353843,413320,485516,467488,370839,175204,82910,,24447,530
2022-08-30,136898,353843,413320,485516,467488,370839,175204,82910,,24447,530
2022-08-31,136898,353843,413320,485516,467488,370839,175204,82910,,24447,530
2022-09-01,137008,354051,413829,486372,468264,371572,175655,83320,,24652,533
2022-09-02,137008,354051,413829,486372,468264,371572,175655,83320,,24652,533
2022-09-03,137008,354051,413829,486372,468264,371572,175655,83320,,24652,533
2022-09-04,137008,354051,413829,486372,468264,371572,175655,83320,,24652,533
2022-09-05,137008,354051,413829,486372,468264,371572,175655,83320,,24652,533
2022-09-06,137008,354051,413829,486372,468264,371572,175655,83320,,24652,533
2022-09-07,137008,354051,413829,486372,468264,371572,175655,83320,,24652,533
2022-09-08,137084,354200,414368,487079,468910,372322,176141,83714,,24870,533
2022-09-09,137084,354200,414368,487079,468910,372322,176141,83714,,24870,533
2022-09-10,137084,354200,414368,487079,468910,372322,176141,83714,,24870,533
2022-09-11,137084,354200,414368,487079,468910,372322,176141,83714,,24870,533
2022-09-12,137084,354200,414368,487079,468910,372322,176141,83714,,24870,533
2022-09-13,137084,354200,414368,487079,468910,372322,176141,83714,,24870,533
2022-09-14,137084,354200,414368,487079,468910,372322,176141,83714,,24870,533
2022-09-15,137169,354329,414873,487810,469632,373173,176718,84185,,25157,538
2022-09-16,137169,354329,414873,487810,469632,373173,176718,84185,,25157,538
2022-09-17,137169,354329,414873,487810,469632,373173,176718,84185,,25157,538
2022-09-18,137169,354329,414873,487810,469632,373173,176718,84185,,25157,538
2022-09-19,137169,354329,414873,487810,469632,373173,176718,84185,,25157,538
2022-09-20,137169,354329,414873,487810,469632,373173,176718,84185,,25157,538
2022-09-21,137169,354329,414873,487810,469632,373173,176718,84185,,25157,538
2022-09-22,137260,354474,415354,488483,470296,374007,177246,84691,,25473,540
2022-09-23,137260,354474,415354,488483,470296,374007,177246,84691,,25473,540
2022-09-24,137260,354474,415354,488483,470296,374007,177246,84691,,25473,540
2022-09-25,137260,354474,415354,488483,470296,374007,177246,84691,,25473,540
2022-09-26,137260,354474,415354,488483,470296,374007,177246,84691,,25473,540
2022-09-27,137260,354474,415354,488483,470296,374007,177246,84691,,25473,540
2022-09-28,137260,354474,415354,488483,470296,374007,177246,84691,,25473,540
2022-09-29,137366,354638,415845,489243,470981,374862,177810,85227,,25763,538
2022-09-30,137366,354638,415845,489243,470981,374862,177810,85227,,25763,538
2022-10-01,137366,354638,415845,489243,470981,374862,177810,85227,,25763,538
2022-10-02,137366,354638,415845,489243,470981,374862,177810,85227,,25763,538
2022-10-03,137366,354638,415845,489243,470981,374862,177810,85227,,25763,538
2022-10-04,137366,354638,415845,489243,470981,374862,177810,85227,,25763,538
2022-10-05,137366,354638,415845,489243,470981,374862,177810,85227,,25763,538
2022-10-06,137961,355724,417623,492054,473307,376521,178717,85908,,26030,540
2022-10-07,137961,355724,417623,492054,473307,376521,178717,85908,,26030,540
2022-10-08,137961,355724,417623,492054,473307,376521,178717,85908,,26030,540
2022-10-09,137961,355724,417623,492054,473307,376521,178717,85908,,26030,540
2022-10-10,137961,355724,417623,492054,473307,376521,178717,85908,,26030,540
2022-10-11,137961,355724,417623,492054,473307,376521,178717,85908,,26030,540
2022-10-12,137961,355724,417623,492054,473307,376521,178717,85908,,26030,540
2022-10-13,138001,355756,417943,492554,473792,377231,179223,86317,,26253,542
2022-10-14,138001,355756,417943,492554,473792,377231,179223,86317,,26253,542
2022-10-15,138001,355756,417943,492554,473792,377231,179223,86317,,26253,542
2022-10-16,138001,355756,417943,492554,473792,377231,179223,86317,,26253,542
2022-10-17,138001,355756,417943,492554,473792,377231,179223,86317,,26253,542
2022-10-18,138001,355756,417943,492554,473792,377231,179223,86317,,26253,542
2022-10-19,138001,355756,417943,492554,473792,377231,179223,86317,,26253,542
2022-10-20,138036,355794,418233,493016,474279,377874,179651,86715,,26456,544
2022-10-21,138036,355794,418233,493016,474279,377874,179651,86715,,26456,544
2022-10-22,138036,355794,418233,493016,474279,377874,179651,86715,,26456,544
2022-10-23,138036,355794,418233,493016,474279,377874,179651,86715,,26456,544
2022-10-24,138036,355794,418233,493016,474279,377874,179651,86715,,26456,544
2022-10-25,138036,355794,418233,493016,474279,377874,179651,86715,,26456,544
2022-10-26,138036,355794,418233,493016,474279,377874,179651,86715,,26456,544
2022-10-27,138071,355823,418506,493443,474702,378468,180079,87096,,26677,545
2022-10-28,138071,355823,418506,493443,474702,378468,180079,87096,,26677,545
2022-10-29,138071,355823,418506,493443,474702,378468,180079,87096,,26677,545
2022-10-30,138071,355823,418506,493443,474702,378468,180079,87096,,26677,545
2022-10-31,138071,355823,418506,493443,474702,378468,180079,87096,,26677,545
2022-11-01,138071,355823,418506,493443,474702,378468,180079,87096,,26677,545
2022-11-02,138071,355823,418506,493443,474702,378468,180079,87096,,26677,545
2022-11-03,138102,355852,418826,493884,475087,379085,180523,87527,,26919,548
2022-11-04,138102,355852,418826,493884,475087,379085,180523,87527,,26919,548
2022-11-05,138102,355852,418826,493884,475087,379085,180523,87527,,26919,548
2022-11-06,138102,355852,418826,493884,475087,379085,180523,87527,,26919,548
2022-11-07,138102,355852,418826,493884,475087,379085,180523,87527,,26919,548
2022-11-08,138102,355852,418826,493884,475087,379085,180523,87527,,26919,548
2022-11-09,138102,355852,418826,493884,475087,379085,180523,87527,,26919,548
2022-11-10,138152,355893,419156,494355,475557,379722,180982,87989,,27183,550
2022-11-11,138152,355893,419156,494355,475557,379722,180982,87989,,27183,550
2022-11-12,138152,355893,419156,494355,475557,379722,180982,87989,,27183,550
2022-11-13,138152,355893,419156,494355,475557,379722,180982,87989,,27183,550
2022-11-14,138152,355893,419156,494355,475557,379722,180982,87989,,27183,550
2022-11-15,138152,355893,419156,494355,475557,379722,180982,87989,,27183,550
2022-11-16,138152,355893,419156,494355,475557,379722,180982,87989,,27183,550
2022-11-17,138221,355979,419545,494920,476085,380402,181427,88418,,27462,551
2022-11-18,138221,355979,419545,494920,476085,380402,181427,88418,,27462,551
2022-11-19,138221,355979,419545,494920,476085,380402,181427,88418,,27462,551
2022-11-20,138221,355979,419545,494920,476085,380402,181427,88418,,27462,551
2022-11-21,138221,355979,419545,494920,476085,380402,181427,88418,,27462,551
2022-11-22,138221,355979,419545,494920,476085,380402,181427,88418,,27462,551
2022-11-23,138221,355979,419545,494920,476085,380402,181427,88418,,27462,551
2022-11-24,138275,356014,419876,495451,476601,381048,181873,88898,,27759,552
2022-11-25,138275,356014,419876,495451,476601,381048,181873,88898,,27759,552
2022-11-26,138275,356014,419876,495451,476601,381048,181873,88898,,27759,552
2022-11-27,138275,356014,419876,495451,476601,381048,181873,88898,,27759,552
2022-11-28,138275,356014,419876,495451,476601,381048,181873,88898,,27759,552
2022-11-29,138275,356014,419876,495451,476601,381048,181873,88898,,27759,552
2022-11-30,138275,356014,419876,495451,476601,381048,181873,88898,,27759,552
2022-12-01,138339,356069,420357,496203,477272,381966,182503,89516,,28152,554
2022-12-02,138339,356069,420357,496203,477272,381966,182503,89516,,28152,554
2022-12-03,138339,356069,420357,496203,477272,381966,182503,89516,,28152,554
2022-12-04,138339,356069,420357,496203,477272,381966,182503,89516,,28152,554
2022-12-05,138339,356069,420357,496203,477272,381966,182503,89516,,28152,554
2022-12-06,138339,356069,420357,496203,477272,381966,182503,89516,,28152,554
2022-12-07,138339,356069,420357,496203,477272,381966,182503,89516,,28152,554
2022-12-08,138420,356152,421070,497351,478404,383246,183435,90514,,28785,556
2022-12-09,138420,356152,421070,497351,478404,383246,183435,90514,,28785,556
2022-12-10,138420,356152,421070,497351,478404,383246,183435,90514,,28785,556
2022-12-11,138420,356152,421070,497351,478404,383246,183435,90514,,28785,556
2022-12-12,138420,356152,421070,497351,478404,383246,183435,90514,,28785,556
2022-12-13,138420,356152,421070,497351,478404,383246,183435,90514,,28785,556
2022-12-14,138420,356152,421070,497351,478404,383246,183435,90514,,28785,556
2022-12-15,138540,356266,422044,498947,479852,385012,184677,91871,,29688,560
2022-12-16,138540,356266,422044,498947,479852,385012,184677,91871,,29688,560
2022-12-17,138540,356266,422044,498947,479852,385012,184677,91871,,29688,560
2022-12-18,138540,356266,422044,498947,479852,385012,184677,91871,,29688,560
2022-12-19,138540,356266,422044,498947,479852,385012,184677,91871,,29688,560
2022-12-20,138540,356266,422044,498947,479852,385012,184677,91871,,29688,560
2022-12-21,138540,356266,422044,498947,479852,385012,184677,91871,,29688,560
2022-12-22,138680,356403,423185,500729,481552,387140,186162,93459,,30861,566
2022-12-23,138680,356403,423185,500729,481552,387140,186162,93459,,30861,566
2022-12-24,138680,356403,423185,500729,481552,387140,186162,93459,,30861,566
2022-12-25,138680,356403,423185,500729,481552,387140,186162,93459,,30861,566
2022-12-26,138680,356403,423185,500729,481552,387140,186162,93459,,30861,566
2022-12-27,138680,356403,423185,500729,481552,387140,186162,93459,,30861,566
2022-12-28,138680,356403,423185,500729,481552,387140,186162,93459,,30861,566
2022-12-29,138830,356493,423900,501774,482504,388523,187210,94832,,31859,569
2022-12-30,138830,356493,423900,501774,482504,388523,187210,94832,,31859,569
2022-12-31,138830,356493,423900,501774,482504,388523,187210,94832,,31859,569
2023-01-01,138830,356493,423900,501774,482504,388523,187210,94832,,31859,569
2023-01-02,138830,356493,423900,501774,482504,388523,187210,94832,,31859,569
2023-01-03,138830,356493,423900,501774,482504,388523,187210,94832,,31859,569
2023-01-04,138830,356493,423900,501774,482504,388523,187210,94832,,31859,569
2023-01-05,138956,356577,424594,502616,483327,389696,188094,96096,,32775,566
2023-01-06,138956,356577,424594,502616,483327,389696,188094,96096,,32775,566
2023-01-07,138956,356577,424594,502616,483327,389696,188094,96096,,32775,566
2023-01-08,138956,356577,424594,502616,483327,389696,188094,96096,,32775,566
2023-01-09,138956,356577,424594,502616,483327,389696,188094,96096,,32775,566
2023-01-10,138956,356577,424594,502616,483327,389696,188094,96096,,32775,566
2023-01-11,138956,356577,424594,502616,483327,389696,188094,96096,,32775,566
2023-01-12,139021,356626,424946,503059,483753,390317,188617,96774,,33264,570
2023-01-13,139021,356626,424946,503059,483753,390317,188617,96774,,33264,570
2023-01-14,139021,356626,424946,503059,483753,390317,188617,96774,,33264,570
2023-01-15,139021,356626,424946,503059,483753,390317,188617,96774,,33264,570
2023-01-16,139021,356626,424946,503059,483753,390317,188617,96774,,33264,570
2023-01-17,139021,356626,424946,503059,483753,390317,188617,96774,,33264,570
2023-01-18,139021,356626,424946,503059,483753,390317,188617,96774,,33264,570
2023-01-19,139052,356658,425152,503364,484011,390630,188900,97194,,33537,570
2023-01-20,139052,356658,425152,503364,484011,390630,188900,97194,,33537,570
2023-01-21,139052,356658,425152,503364,484011,390630,188900,97194,,33537,570
2023-01-22,139052,356658,425152,503364,484011,390630,188900,97194,,33537,570
2023-01-23,139052,356658,425152,503364,484011,390630,188900,97194,,33537,570
2023-01-24,139052,356658,425152,503364,484011,390630,188900,97194,,33537,570
2023-01-25,139052,356658,425152,503364,484011,390630,188900,97194,,33537,570
2023-01-26,139124,356794,425556,503808,484465,391083,189174,97456,,33698,570
2023-01-27,139124,356794,425556,503808,484465,391083,189174,97456,,33698,570
2023-01-28,139124,356794,425556,503808,484465,391083,189174,97456,,33698,570
2023-01-29,139124,356794,425556,503808,484465,391083,189174,97456,,33698,570
2023-01-30,139124,356794,425556,503808,484465,391083,189174,97456,,33698,570
2023-01-31,139124,356794,425556,503808,484465,391083,189174,97456,,33698,570
2023-02-01,139124,356794,425556,503808,484465,391083,189174,97456,,33698,570
2023-02-02,139148,356804,425656,503977,484628,391263,189328,97679,,33842,570
2023-02-03,139148,356804,425656,503977,484628,391263,189328,97679,,33842,570
2023-02-04,139148,356804,425656,503977,484628,391263,189328,97679,,33842,570
2023-02-05,139148,356804,425656,503977,484628,391263,189328,97679,,33842,570
2023-02-06,139148,356804,425656,503977,484628,391263,189328,97679,,33842,570
2023-02-07,139148,356804,425656,503977,484628,391263,189328,97679,,33842,570
2023-02-08,139148,356804,425656,503977,484628,391263,189328,97679,,33842,570
2023-02-09,139171,356833,425779,504138,484776,391444,189456,97842,,33936,573
2023-02-10,139171,356833,425779,504138,484776,391444,189456,97842,,33936,573
2023-02-11,139171,356833,425779,504138,484776,391444,189456,97842,,33936,573
2023-02-12,139171,356833,425779,504138,484776,391444,189456,97842,,33936,573
2023-02-13,139171,356833,425779,504138,484776,391444,189456,97842,,33936,573
2023-02-14,139171,356833,425779,504138,484776,391444,189456,97842,,33936,573
2023-02-15,139171,356833,425779,504138,484776,391444,189456,97842,,33936,573
2023-02-16,139188,356853,425897,504272,484884,391558,189555,98012,,34036,498
2023-02-17,139188,356853,425897,504272,484884,391558,189555,98012,,34036,498
2023-02-18,139188,356853,425897,504272,484884,391558,189555,98012,,34036,498
2023-02-19,139188,356853,425897,504272,484884,391558,189555,98012,,34036,498
2023-02-20,139188,356853,425897,504272,484884,391558,189555,98012,,34036,498
2023-02-21,139188,356853,425897,504272,484884,391558,189555,98012,,34036,498
2023-02-22,139188,356853,425897,504272,484884,391558,189555,98012,,34036,498
2023-02-23,139204,356860,425929,504310,484912,391602,189622,98167,,34118,499
2023-02-24,139204,356860,425929,504310,484912,391602,189622,98167,,34118,499
2023-02-25,139204,356860,425929,504310,484912,391602,189622,98167,,34118,499
2023-02-26,139204,356860,425929,504310,484912,391602,189622,98167,,34118,499
2023-02-27,139204,356860,425929,504310,484912,391602,189622,98167,,34118,499
2023-02-28,139204,356860,425929,504310,484912,391602,189622,98167,,34118,499
2023-03-01,139204,356860,425929,504310,484912,391602,189622,98167,,34118,499
2023-03-02,139204,356860,425929,504310,484912,391602,189622,98167,,34118,499
