countryterritoryCode,continentExp,countriesAndTerritories,dateRep,total_cases,cases,new_cases_smoothed,total_deaths,deaths,new_deaths_smoothed,total_cases_per_million,new_cases_per_million,new_cases_smoothed_per_million,total_deaths_per_million,new_deaths_per_million,new_deaths_smoothed_per_million,reproduction_rate,icu_patients,icu_patients_per_million,hosp_patients,hosp_patients_per_million,weekly_icu_admissions,weekly_icu_admissions_per_million,weekly_hosp_admissions,weekly_hosp_admissions_per_million,new_tests,total_tests,total_tests_per_thousand,new_tests_per_thousand,new_tests_smoothed,new_tests_smoothed_per_thousand,positive_rate,tests_per_case,tests_units,total_vaccinations,new_vaccinations,new_vaccinations_smoothed,total_vaccinations_per_hundred,new_vaccinations_smoothed_per_million,stringency_index,popData2019,population_density,median_age,aged_65_older,aged_70_older,gdp_per_capita,extreme_poverty,cardiovasc_death_rate,diabetes_prevalence,female_smokers,male_smokers,handwashing_facilities,hospital_beds_per_thousand,life_expectancy,human_development_index
IND,Asia,India,2020-01-30,1,1,,,,,0,0,,,,,,,,,,,,,,,,,,,,,,,,,,,,10,1380004385,450,28,6,3,6427,21,282,10,2,21,60,1,70,1
IND,Asia,India,2020-01-31,1,0,,,,,0,0,,,,,,,,,,,,,,,,,,,,,,,,,,,,10,1380004385,450,28,6,3,6427,21,282,10,2,21,60,1,70,1
IND,Asia,India,2020-02-01,1,0,,,,,0,0,,,,,,,,,,,,,,,,,,,,,,,,,,,,10,1380004385,450,28,6,3,6427,21,282,10,2,21,60,1,70,1
IND,Asia,India,2020-02-02,2,1,,,,,0,0,,,,,,,,,,,,,,,,,,,,,,,,,,,,10,1380004385,450,28,6,3,6427,21,282,10,2,21,60,1,70,1
IND,Asia,India,2020-02-03,3,1,,,,,0,0,,,,,,,,,,,,,,,,,,,,,,,,,,,,10,1380004385,450,28,6,3,6427,21,282,10,2,21,60,1,70,1
IND,Asia,India,2020-02-04,3,0,0,,,0,0,0,0,,,0,,,,,,,,,,,,,,,,,,,,,,,,10,1380004385,450,28,6,3,6427,21,282,10,2,21,60,1,70,1
IND,Asia,India,2020-02-05,3,0,0,,,0,0,0,0,,,0,,,,,,,,,,,,,,,,,,,,,,,,10,1380004385,450,28,6,3,6427,21,282,10,2,21,60,1,70,1
IND,Asia,India,2020-02-06,3,0,0,,,0,0,0,0,,,0,,,,,,,,,,,,,,,,,,,,,,,,10,1380004385,450,28,6,3,6427,21,282,10,2,21,60,1,70,1
IND,Asia,India,2020-02-07,3,0,0,,,0,0,0,0,,,0,,,,,,,,,,,,,,,,,,,,,,,,10,1380004385,450,28,6,3,6427,21,282,10,2,21,60,1,70,1
IND,Asia,India,2020-02-08,3,0,0,,,0,0,0,0,,,0,,,,,,,,,,,,,,,,,,,,,,,,10,1380004385,450,28,6,3,6427,21,282,10,2,21,60,1,70,1
IND,Asia,India,2020-02-09,3,0,0,,,0,0,0,0,,,0,,,,,,,,,,,,,,,,,,,,,,,,10,1380004385,450,28,6,3,6427,21,282,10,2,21,60,1,70,1
IND,Asia,India,2020-02-10,3,0,0,,,0,0,0,0,,,0,,,,,,,,,,,,,,,,,,,,,,,,10,1380004385,450,28,6,3,6427,21,282,10,2,21,60,1,70,1
IND,Asia,India,2020-02-11,3,0,0,,,0,0,0,0,,,0,,,,,,,,,,,,,,,,,,,,,,,,10,1380004385,450,28,6,3,6427,21,282,10,2,21,60,1,70,1
IND,Asia,India,2020-02-12,3,0,0,,,0,0,0,0,,,0,,,,,,,,,,,,,,,,,,,,,,,,10,1380004385,450,28,6,3,6427,21,282,10,2,21,60,1,70,1
IND,Asia,India,2020-02-13,3,0,0,,,0,0,0,0,,,0,,,,,,,,,,,,,,,,,,,,,,,,10,1380004385,450,28,6,3,6427,21,282,10,2,21,60,1,70,1
IND,Asia,India,2020-02-14,3,0,0,,,0,0,0,0,,,0,,,,,,,,,,,,,,,,,,,,,,,,10,1380004385,450,28,6,3,6427,21,282,10,2,21,60,1,70,1
IND,Asia,India,2020-02-15,3,0,0,,,0,0,0,0,,,0,,,,,,,,,,,,,,,,,,,,,,,,10,1380004385,450,28,6,3,6427,21,282,10,2,21,60,1,70,1
IND,Asia,India,2020-02-16,3,0,0,,,0,0,0,0,,,0,,,,,,,,,,,,,,,,,,,,,,,,10,1380004385,450,28,6,3,6427,21,282,10,2,21,60,1,70,1
IND,Asia,India,2020-02-17,3,0,0,,,0,0,0,0,,,0,,,,,,,,,,,,,,,,,,,,,,,,10,1380004385,450,28,6,3,6427,21,282,10,2,21,60,1,70,1
IND,Asia,India,2020-02-18,3,0,0,,,0,0,0,0,,,0,,,,,,,,,,,,,,,,,,,,,,,,10,1380004385,450,28,6,3,6427,21,282,10,2,21,60,1,70,1
IND,Asia,India,2020-02-19,3,0,0,,,0,0,0,0,,,0,,,,,,,,,,,,,,,,,,,,,,,,10,1380004385,450,28,6,3,6427,21,282,10,2,21,60,1,70,1
IND,Asia,India,2020-02-20,3,0,0,,,0,0,0,0,,,0,,,,,,,,,,,,,,,,,,,,,,,,10,1380004385,450,28,6,3,6427,21,282,10,2,21,60,1,70,1
IND,Asia,India,2020-02-21,3,0,0,,,0,0,0,0,,,0,,,,,,,,,,,,,,,,,,,,,,,,10,1380004385,450,28,6,3,6427,21,282,10,2,21,60,1,70,1
IND,Asia,India,2020-02-22,3,0,0,,,0,0,0,0,,,0,,,,,,,,,,,,,,,,,,,,,,,,10,1380004385,450,28,6,3,6427,21,282,10,2,21,60,1,70,1
IND,Asia,India,2020-02-23,3,0,0,,,0,0,0,0,,,0,,,,,,,,,,,,,,,,,,,,,,,,10,1380004385,450,28,6,3,6427,21,282,10,2,21,60,1,70,1
IND,Asia,India,2020-02-24,3,0,0,,,0,0,0,0,,,0,,,,,,,,,,,,,,,,,,,,,,,,10,1380004385,450,28,6,3,6427,21,282,10,2,21,60,1,70,1
IND,Asia,India,2020-02-25,3,0,0,,,0,0,0,0,,,0,,,,,,,,,,,,,,,,,,,,,,,,10,1380004385,450,28,6,3,6427,21,282,10,2,21,60,1,70,1
IND,Asia,India,2020-02-26,3,0,0,,,0,0,0,0,,,0,,,,,,,,,,,,,,,,,,,,,,,,10,1380004385,450,28,6,3,6427,21,282,10,2,21,60,1,70,1
IND,Asia,India,2020-02-27,3,0,0,,,0,0,0,0,,,0,,,,,,,,,,,,,,,,,,,,,,,,10,1380004385,450,28,6,3,6427,21,282,10,2,21,60,1,70,1
IND,Asia,India,2020-02-28,3,0,0,,,0,0,0,0,,,0,,,,,,,,,,,,,,,,,,,,,,,,10,1380004385,450,28,6,3,6427,21,282,10,2,21,60,1,70,1
IND,Asia,India,2020-02-29,3,0,0,,,0,0,0,0,,,0,,,,,,,,,,,,,,,,,,,,,,,,10,1380004385,450,28,6,3,6427,21,282,10,2,21,60,1,70,1
IND,Asia,India,2020-03-01,3,0,0,,,0,0,0,0,,,0,,,,,,,,,,,,,,,,,,,,,,,,10,1380004385,450,28,6,3,6427,21,282,10,2,21,60,1,70,1
IND,Asia,India,2020-03-02,5,2,0,,,0,0,0,0,,,0,,,,,,,,,,,,,,,,,,,,,,,,10,1380004385,450,28,6,3,6427,21,282,10,2,21,60,1,70,1
IND,Asia,India,2020-03-03,5,0,0,,,0,0,0,0,,,0,,,,,,,,,,,,,,,,,,,,,,,,10,1380004385,450,28,6,3,6427,21,282,10,2,21,60,1,70,1
IND,Asia,India,2020-03-04,28,23,4,,,0,0,0,0,,,0,,,,,,,,,,,,,,,,,,,,,,,,10,1380004385,450,28,6,3,6427,21,282,10,2,21,60,1,70,1
IND,Asia,India,2020-03-05,30,2,4,,,0,0,0,0,,,0,,,,,,,,,,,,,,,,,,,,,,,,27,1380004385,450,28,6,3,6427,21,282,10,2,21,60,1,70,1
IND,Asia,India,2020-03-06,31,1,4,,,0,0,0,0,,,0,,,,,,,,,,,,,,,,,,,,,,,,27,1380004385,450,28,6,3,6427,21,282,10,2,21,60,1,70,1
IND,Asia,India,2020-03-07,34,3,4,,,0,0,0,0,,,0,,,,,,,,,,,,,,,,,,,,,,,,27,1380004385,450,28,6,3,6427,21,282,10,2,21,60,1,70,1
IND,Asia,India,2020-03-08,39,5,5,,,0,0,0,0,,,0,,,,,,,,,,,,,,,,,,,,,,,,27,1380004385,450,28,6,3,6427,21,282,10,2,21,60,1,70,1
IND,Asia,India,2020-03-09,43,4,5,,,0,0,0,0,,,0,,,,,,,,,,,,,,,,,,,,,,,,27,1380004385,450,28,6,3,6427,21,282,10,2,21,60,1,70,1
IND,Asia,India,2020-03-10,56,13,7,,,0,0,0,0,,,0,,,,,,,,,,,,,,,,,,,,,,,,27,1380004385,450,28,6,3,6427,21,282,10,2,21,60,1,70,1
IND,Asia,India,2020-03-11,62,6,5,1,1,0,0,0,0,0,0,0,,,,,,,,,,,,,,,,,,,,,,,,27,1380004385,450,28,6,3,6427,21,282,10,2,21,60,1,70,1
IND,Asia,India,2020-03-12,73,11,6,1,0,0,0,0,0,0,0,0,,,,,,,,,,,,,,,,,,,,,,,,27,1380004385,450,28,6,3,6427,21,282,10,2,21,60,1,70,1
IND,Asia,India,2020-03-13,82,9,7,2,1,0,0,0,0,0,0,0,,,,,,,,,,,6500,0,,,,,,samples tested,,,,,,33,1380004385,450,28,6,3,6427,21,282,10,2,21,60,1,70,1
IND,Asia,India,2020-03-14,102,20,10,2,0,0,0,0,0,0,0,0,,,,,,,,,,,,,,,,,,samples tested,,,,,,36,1380004385,450,28,6,3,6427,21,282,10,2,21,60,1,70,1
IND,Asia,India,2020-03-15,113,11,11,2,0,0,0,0,0,0,0,0,2,,,,,,,,,,,,,,,,,samples tested,,,,,,39,1380004385,450,28,6,3,6427,21,282,10,2,21,60,1,70,1
IND,Asia,India,2020-03-16,119,6,11,2,0,0,0,0,0,0,0,0,2,,,,,,,,,,,,,,,,,samples tested,,,,,,48,1380004385,450,28,6,3,6427,21,282,10,2,21,60,1,70,1
IND,Asia,India,2020-03-17,142,23,12,3,1,0,0,0,0,0,0,0,2,,,,,,,,,,,,,,,,,samples tested,,,,,,48,1380004385,450,28,6,3,6427,21,282,10,2,21,60,1,70,1
IND,Asia,India,2020-03-18,156,14,13,3,0,0,0,0,0,0,0,0,2,,,,,,,,,,13125,0,,,,,,samples tested,,,,,,50,1380004385,450,28,6,3,6427,21,282,10,2,21,60,1,70,1
IND,Asia,India,2020-03-19,194,38,17,4,1,0,0,0,0,0,0,0,2,,,,,,,,,191,13316,0,0,,,,,samples tested,,,,,,60,1380004385,450,28,6,3,6427,21,282,10,2,21,60,1,70,1
IND,Asia,India,2020-03-20,244,50,23,5,1,0,0,0,0,0,0,0,2,,,,,,,,,1060,14376,0,0,1125,0,0,49,samples tested,,,,,,71,1380004385,450,28,6,3,6427,21,282,10,2,21,60,1,70,1
IND,Asia,India,2020-03-21,330,86,33,4,-1,0,0,0,0,0,-0,0,2,,,,,,,,,1325,15701,0,0,1125,0,0,34,samples tested,,,,,,76,1380004385,450,28,6,3,6427,21,282,10,2,21,60,1,70,1
IND,Asia,India,2020-03-22,396,66,40,7,3,1,0,0,0,0,0,0,2,,,,,,,,,1298,16999,0,0,1121,0,0,28,samples tested,,,,,,100,1380004385,450,28,6,3,6427,21,282,10,2,21,60,1,70,1
IND,Asia,India,2020-03-23,499,103,54,10,3,1,0,0,0,0,0,0,2,,,,,,,,,3708,20707,0,0,1462,0,0,27,samples tested,,,,,,87,1380004385,450,28,6,3,6427,21,282,10,2,21,60,1,70,1
IND,Asia,India,2020-03-24,536,37,56,10,0,1,0,0,0,0,0,0,2,,,,,,,,,157,20864,0,0,1295,0,0,23,samples tested,,,,,,87,1380004385,450,28,6,3,6427,21,282,10,2,21,60,1,70,1
IND,Asia,India,2020-03-25,657,121,72,12,2,1,0,0,0,0,0,0,2,,,,,,,,,4280,25144,0,0,1717,0,0,24,samples tested,,,,,,100,1380004385,450,28,6,3,6427,21,282,10,2,21,60,1,70,1
IND,Asia,India,2020-03-26,727,70,76,20,8,2,1,0,0,0,0,0,2,,,,,,,,,,,,,1871,0,0,25,samples tested,,,,,,100,1380004385,450,28,6,3,6427,21,282,10,2,21,60,1,70,1
IND,Asia,India,2020-03-27,887,160,92,20,0,2,1,0,0,0,0,0,2,,,,,,,,,,27688,0,,1902,0,0,21,samples tested,,,,,,100,1380004385,450,28,6,3,6427,21,282,10,2,21,60,1,70,1
IND,Asia,India,2020-03-28,987,100,94,24,4,3,1,0,0,0,0,0,2,,,,,,,,,,,,,2195,0,0,23,samples tested,,,,,,100,1380004385,450,28,6,3,6427,21,282,10,2,21,60,1,70,1
IND,Asia,India,2020-03-29,1024,37,90,27,3,3,1,0,0,0,0,0,2,,,,,,,,,,,,,2492,0,0,28,samples tested,,,,,,100,1380004385,450,28,6,3,6427,21,282,10,2,21,60,1,70,1
IND,Asia,India,2020-03-30,1251,227,107,32,5,3,1,0,0,0,0,0,2,,,,,,,,,,,,,2445,0,0,23,samples tested,,,,,,100,1380004385,450,28,6,3,6427,21,282,10,2,21,60,1,70,1
IND,Asia,India,2020-03-31,1397,146,123,35,3,4,1,0,0,0,0,0,2,,,,,,,,,,,,,2905,0,0,24,samples tested,,,,,,100,1380004385,450,28,6,3,6427,21,282,10,2,21,60,1,70,1
IND,Asia,India,2020-04-01,1998,601,192,58,23,7,1,0,0,0,0,0,2,,,,,,,,,,,,,2776,0,0,14,samples tested,,,,,,100,1380004385,450,28,6,3,6427,21,282,10,2,21,60,1,70,1
IND,Asia,India,2020-04-02,2543,545,259,72,14,7,2,0,0,0,0,0,2,,,,,,,,,,47951,0,,3076,0,0,12,samples tested,,,,,,100,1380004385,450,28,6,3,6427,21,282,10,2,21,60,1,70,1
IND,Asia,India,2020-04-03,2567,24,240,72,0,7,2,0,0,0,0,0,2,,,,,,,,,21294,69245,0,0,5937,0,0,25,samples tested,,,,,,100,1380004385,450,28,6,3,6427,21,282,10,2,21,60,1,70,1
IND,Asia,India,2020-04-04,3082,515,299,86,14,9,2,0,0,0,0,0,2,,,,,,,,,10705,79950,0,0,6984,0,0,23,samples tested,,,,,,100,1380004385,450,28,6,3,6427,21,282,10,2,21,60,1,70,1
IND,Asia,India,2020-04-05,3588,506,366,99,13,10,3,0,0,0,0,0,2,,,,,,,,,9584,89534,0,0,7870,0,0,22,samples tested,,,,,,100,1380004385,450,28,6,3,6427,21,282,10,2,21,60,1,70,1
IND,Asia,India,2020-04-06,4778,1190,504,136,37,15,3,1,0,0,0,0,2,,,,,,,,,11534,101068,0,0,9036,0,0,18,samples tested,,,,,,100,1380004385,450,28,6,3,6427,21,282,10,2,21,60,1,70,1
IND,Asia,India,2020-04-07,5311,533,559,150,14,16,4,0,0,0,0,0,2,,,,,,,,,12947,114015,0,0,10403,0,0,19,samples tested,,,,,,100,1380004385,450,28,6,3,6427,21,282,10,2,21,60,1,70,1
IND,Asia,India,2020-04-08,5916,605,560,178,28,17,4,0,0,0,0,0,2,,,,,,,,,13904,127919,0,0,11906,0,0,21,samples tested,,,,,,100,1380004385,450,28,6,3,6427,21,282,10,2,21,60,1,70,1
IND,Asia,India,2020-04-09,6725,809,597,226,48,22,5,1,0,0,0,0,2,,,,,,,,,16991,144910,0,0,13851,0,0,23,samples tested,,,,,,100,1380004385,450,28,6,3,6427,21,282,10,2,21,60,1,70,1
IND,Asia,India,2020-04-10,7598,873,719,246,20,25,6,1,1,0,0,0,2,,,,,,,,,16420,161330,0,0,13155,0,0,18,samples tested,,,,,,100,1380004385,450,28,6,3,6427,21,282,10,2,21,60,1,70,1
IND,Asia,India,2020-04-11,8446,848,766,288,42,29,6,1,1,0,0,0,2,,,,,,,,,18044,179374,0,0,14203,0,0,18,samples tested,,,,,,100,1380004385,450,28,6,3,6427,21,282,10,2,21,60,1,70,1
IND,Asia,India,2020-04-12,9205,759,802,331,43,33,7,1,1,0,0,0,2,,,,,,,,,16374,195748,0,0,15173,0,0,19,samples tested,,,,,,100,1380004385,450,28,6,3,6427,21,282,10,2,21,60,1,70,1
IND,Asia,India,2020-04-13,10453,1248,811,358,27,32,8,1,1,0,0,0,2,,,,,,,,,21806,217554,0,0,16641,0,0,20,samples tested,,,,,,100,1380004385,450,28,6,3,6427,21,282,10,2,21,60,1,70,1
IND,Asia,India,2020-04-14,11487,1034,882,393,35,35,8,1,1,0,0,0,2,,,,,,,,,27339,244893,0,0,18697,0,0,21,samples tested,,,,,,100,1380004385,450,28,6,3,6427,21,282,10,2,21,60,1,70,1
IND,Asia,India,2020-04-15,12322,835,915,405,12,32,9,1,1,0,0,0,2,,,,,,,,,29706,274599,0,0,20954,0,0,23,samples tested,,,,,,100,1380004385,450,28,6,3,6427,21,282,10,2,21,60,1,70,1
IND,Asia,India,2020-04-16,13430,1108,958,448,43,32,10,1,1,0,0,0,2,,,,,,,,,28357,302956,0,0,22578,0,0,24,samples tested,,,,,,100,1380004385,450,28,6,3,6427,21,282,10,2,21,60,1,70,1
IND,Asia,India,2020-04-17,14352,922,965,486,38,34,10,1,1,0,0,0,2,,,,,,,,,32167,335123,0,0,24828,0,0,26,samples tested,,,,,,100,1380004385,450,28,6,3,6427,21,282,10,2,21,60,1,70,1
IND,Asia,India,2020-04-18,15722,1370,1039,521,35,33,11,1,1,0,0,0,2,,,,,,,,,37000,372123,0,0,27536,0,0,26,samples tested,,,,,,100,1380004385,450,28,6,3,6427,21,282,10,2,21,60,1,70,1
IND,Asia,India,2020-04-19,17615,1893,1201,559,38,33,13,1,1,0,0,0,2,,,,,,,,,29463,401586,0,0,29405,0,0,24,samples tested,,,,,,100,1380004385,450,28,6,3,6427,21,282,10,2,21,60,1,70,1
IND,Asia,India,2020-04-20,18539,924,1155,592,33,33,13,1,1,0,0,0,2,,,,,,,,,,,,,30650,0,0,26,samples tested,,,,,,96,1380004385,450,28,6,3,6427,21,282,10,2,21,60,1,70,1
IND,Asia,India,2020-04-21,20080,1541,1228,645,53,36,15,1,1,0,0,0,1,,,,,,,,,,462621,0,,31104,0,0,25,samples tested,,,,,,96,1380004385,450,28,6,3,6427,21,282,10,2,21,60,1,70,1
IND,Asia,India,2020-04-22,21370,1290,1293,681,36,39,15,1,1,0,0,0,1,,,,,,,,,,,,,29569,0,0,23,samples tested,,,,,,96,1380004385,450,28,6,3,6427,21,282,10,2,21,60,1,70,1
IND,Asia,India,2020-04-23,23077,1707,1378,721,40,39,17,1,1,1,0,0,1,,,,,,,,,,500542,0,,28227,0,0,20,samples tested,,,,,,96,1380004385,450,28,6,3,6427,21,282,10,2,21,60,1,70,1
IND,Asia,India,2020-04-24,24530,1453,1454,780,59,42,18,1,1,1,0,0,1,,,,,,,,,41247,541789,0,0,29524,0,0,20,samples tested,,,,,,96,1380004385,450,28,6,3,6427,21,282,10,2,21,60,1,70,1
IND,Asia,India,2020-04-25,26283,1753,1509,825,45,43,19,1,1,1,0,0,1,,,,,,,,,38168,579957,0,0,29691,0,0,20,samples tested,,,,,,96,1380004385,450,28,6,3,6427,21,282,10,2,21,60,1,70,1
IND,Asia,India,2020-04-26,27890,1607,1468,881,56,46,20,1,1,1,0,0,1,,,,,,,,,45352,625309,0,0,31960,0,0,22,samples tested,,,,,,96,1380004385,450,28,6,3,6427,21,282,10,2,21,60,1,70,1
IND,Asia,India,2020-04-27,29451,1561,1559,939,58,50,21,1,1,1,0,0,1,,,,,,,,,40510,665819,0,0,33388,0,0,21,samples tested,,,,,,96,1380004385,450,28,6,3,6427,21,282,10,2,21,60,1,70,1
IND,Asia,India,2020-04-28,31324,1873,1606,1008,69,52,23,1,1,1,0,0,1,,,,,,,,,50914,716733,1,0,36302,0,0,23,samples tested,,,,,,96,1380004385,450,28,6,3,6427,21,282,10,2,21,60,1,70,1
IND,Asia,India,2020-04-29,33062,1738,1670,1079,71,57,24,1,1,1,0,0,1,,,,,,,,,54031,770764,1,0,41312,0,0,25,samples tested,,,,,,96,1380004385,450,28,6,3,6427,21,282,10,2,21,60,1,70,1
IND,Asia,India,2020-04-30,34863,1801,1684,1154,75,62,25,1,1,1,0,0,1,,,,,,,,,59437,830201,1,0,47094,0,0,28,samples tested,,,,,,96,1380004385,450,28,6,3,6427,21,282,10,2,21,60,1,70,1
IND,Asia,India,2020-05-01,37257,2394,1818,1223,69,63,27,2,1,1,0,0,1,,,,,,,,,72453,902654,1,0,51552,0,0,28,samples tested,,,,,,96,1380004385,450,28,6,3,6427,21,282,10,2,21,60,1,70,1
IND,Asia,India,2020-05-02,39699,2442,1917,1323,100,71,29,2,1,1,0,0,1,,,,,,,,,73709,976363,1,0,56629,0,0,30,samples tested,,,,,,96,1380004385,450,28,6,3,6427,21,282,10,2,21,60,1,70,1
IND,Asia,India,2020-05-03,42505,2806,2088,1391,68,73,31,2,2,1,0,0,1,,,,,,,,,70087,1046450,1,0,60163,0,0,29,samples tested,,,,,,96,1380004385,450,28,6,3,6427,21,282,10,2,21,60,1,70,1
IND,Asia,India,2020-05-04,46437,3932,2427,1566,175,90,34,3,2,1,0,0,1,,,,,,,,,60783,1107233,1,0,63059,0,0,26,samples tested,,,,,,82,1380004385,450,28,6,3,6427,21,282,10,2,21,60,1,70,1
IND,Asia,India,2020-05-05,49400,2963,2582,1693,127,98,36,2,2,1,0,0,1,,,,,,,,,84713,1191946,1,0,67888,0,0,26,samples tested,,,,,,82,1380004385,450,28,6,3,6427,21,282,10,2,21,60,1,70,1
IND,Asia,India,2020-05-06,52987,3587,2846,1785,92,101,38,3,2,1,0,0,1,,,,,,,,,84835,1276781,1,0,72288,0,0,25,samples tested,,,,,,82,1380004385,450,28,6,3,6427,21,282,10,2,21,60,1,70,1
IND,Asia,India,2020-05-07,56351,3364,3070,1889,104,105,41,2,2,1,0,0,1,,,,,,,,,80632,1357413,1,0,75316,0,0,24,samples tested,,,,,,82,1380004385,450,28,6,3,6427,21,282,10,2,21,60,1,70,1
IND,Asia,India,2020-05-08,59695,3344,3205,1985,96,109,43,2,2,1,0,0,1,,,,,,,,,80375,1437788,1,0,76448,0,0,24,samples tested,,,,,,82,1380004385,450,28,6,3,6427,21,282,10,2,21,60,1,70,1
IND,Asia,India,2020-05-09,62808,3113,3301,2101,116,111,46,2,2,2,0,0,1,,,,,,,,,85425,1523213,1,0,78121,0,0,24,samples tested,,,,,,82,1380004385,450,28,6,3,6427,21,282,10,2,21,60,1,70,1
IND,Asia,India,2020-05-10,67161,4353,3522,2212,111,117,49,3,3,2,0,0,1,,,,,,,,,85824,1609037,1,0,80370,0,0,23,samples tested,,,,,,82,1380004385,450,28,6,3,6427,21,282,10,2,21,60,1,70,1
IND,Asia,India,2020-05-11,70768,3607,3476,2294,82,104,51,3,3,2,0,0,1,,,,,,,,,64651,1673688,1,0,80922,0,0,23,samples tested,,,,,,82,1380004385,450,28,6,3,6427,21,282,10,2,21,60,1,70,1
IND,Asia,India,2020-05-12,74292,3524,3556,2415,121,103,54,3,3,2,0,0,1,,,,,,,,,85891,1759579,1,0,81090,0,0,23,samples tested,,,,,,82,1380004385,450,28,6,3,6427,21,282,10,2,21,60,1,70,1
IND,Asia,India,2020-05-13,78055,3763,3581,2551,136,109,57,3,3,2,0,0,1,,,,,,,,,94671,1854250,1,0,82496,0,0,23,samples tested,,,,,,82,1380004385,450,28,6,3,6427,21,282,10,2,21,60,1,70,1
IND,Asia,India,2020-05-14,81997,3942,3664,2649,98,109,59,3,3,2,0,0,1,,,,,,,,,92791,1947041,1,0,84233,0,0,23,samples tested,,,,,,82,1380004385,450,28,6,3,6427,21,282,10,2,21,60,1,70,1
IND,Asia,India,2020-05-15,85784,3787,3727,2753,104,110,62,3,3,2,0,0,1,,,,,,,,,92911,2039952,1,0,86023,0,0,23,samples tested,,,,,,82,1380004385,450,28,6,3,6427,21,282,10,2,21,60,1,70,1
IND,Asia,India,2020-05-16,90648,4864,3977,2871,118,110,66,4,3,2,0,0,1,,,,,,,,,94325,2134277,2,0,87295,0,0,22,samples tested,,,,,,82,1380004385,450,28,6,3,6427,21,282,10,2,21,60,1,70,1
IND,Asia,India,2020-05-17,95698,5050,4077,3025,154,116,69,4,3,2,0,0,1,,,,,,,,,93365,2227642,2,0,88372,0,0,22,samples tested,,,,,,82,1380004385,450,28,6,3,6427,21,282,10,2,21,60,1,70,1
IND,Asia,India,2020-05-18,100328,4630,4223,3156,131,123,73,3,3,2,0,0,1,,,,,,,,,75150,2302792,2,0,89872,0,0,21,samples tested,,,,,,79,1380004385,450,28,6,3,6427,21,282,10,2,21,60,1,70,1
IND,Asia,India,2020-05-19,106475,6147,4598,3302,146,127,77,4,3,2,0,0,1,,,,,,,,,101475,2404267,2,0,92098,0,0,20,samples tested,,,,,,79,1380004385,450,28,6,3,6427,21,282,10,2,21,60,1,70,1
IND,Asia,India,2020-05-20,112028,5553,4853,3434,132,126,81,4,4,2,0,0,1,,,,,,,,,108121,2512388,2,0,94020,0,0,19,samples tested,,,,,,79,1380004385,450,28,6,3,6427,21,282,10,2,21,60,1,70,1
IND,Asia,India,2020-05-21,118226,6198,5176,3584,150,134,86,4,4,3,0,0,1,,,,,,,,,103532,2615920,2,0,95554,0,0,18,samples tested,,,,,,79,1380004385,450,28,6,3,6427,21,282,10,2,21,60,1,70,1
IND,Asia,India,2020-05-22,124794,6568,5573,3726,142,139,90,5,4,3,0,0,1,,,,,,,,,103514,2719434,2,0,97069,0,0,17,samples tested,,,,,,79,1380004385,450,28,6,3,6427,21,282,10,2,21,60,1,70,1
IND,Asia,India,2020-05-23,131423,6629,5825,3868,142,142,95,5,4,3,0,0,1,,,,,,,,,115364,2834798,2,0,100074,0,0,17,samples tested,,,,,,79,1380004385,450,28,6,3,6427,21,282,10,2,21,60,1,70,1
IND,Asia,India,2020-05-24,138536,7113,6120,4024,156,143,100,5,4,3,0,0,1,,,,,,,,,108623,2943421,2,0,102254,0,0,17,samples tested,,,,,,79,1380004385,450,28,6,3,6427,21,282,10,2,21,60,1,70,1
IND,Asia,India,2020-05-25,144950,6414,6375,4172,148,145,105,5,5,3,0,0,1,,,,,,,,,90170,3033591,2,0,104400,0,0,16,samples tested,,,,,,79,1380004385,450,28,6,3,6427,21,282,10,2,21,60,1,70,1
IND,Asia,India,2020-05-26,150793,5843,6331,4344,172,149,109,4,5,3,0,0,1,,,,,,,,,92528,3126119,2,0,103122,0,0,16,samples tested,,,,,,79,1380004385,450,28,6,3,6427,21,282,10,2,21,60,1,70,1
IND,Asia,India,2020-05-27,158086,7293,6580,4534,190,157,115,5,5,3,0,0,1,,,,,,,,,116041,3242160,2,0,104253,0,0,16,samples tested,,,,,,79,1380004385,450,28,6,3,6427,21,282,10,2,21,60,1,70,1
IND,Asia,India,2020-05-28,165386,7300,6737,4711,177,161,120,5,5,3,0,0,1,,,,,,,,,119976,3362136,2,0,106602,0,0,16,samples tested,,,,,,79,1380004385,450,28,6,3,6427,21,282,10,2,21,60,1,70,1
IND,Asia,India,2020-05-29,173491,8105,6957,4980,269,179,126,6,5,4,0,0,1,,,,,,,,,121702,3483838,3,0,109201,0,0,16,samples tested,,,,,,79,1380004385,450,28,6,3,6427,21,282,10,2,21,60,1,70,1
IND,Asia,India,2020-05-30,181827,8336,7201,5185,205,188,132,6,5,4,0,0,1,,,,,,,,,127761,3611599,3,0,110972,0,0,15,samples tested,,,,,,79,1380004385,450,28,6,3,6427,21,282,10,2,21,60,1,70,1
IND,Asia,India,2020-05-31,190609,8782,7439,5408,223,198,138,6,5,4,0,0,1,,,,,,,,,125428,3737027,3,0,113372,0,0,15,samples tested,,,,,,79,1380004385,450,28,6,3,6427,21,282,10,2,21,60,1,70,1
IND,Asia,India,2020-06-01,198370,7761,7631,5608,200,205,144,6,6,4,0,0,1,,,,,,,,,100180,3837207,3,0,114802,0,0,15,samples tested,,,,,,75,1380004385,450,28,6,3,6427,21,282,10,2,21,60,1,70,1
IND,Asia,India,2020-06-02,207191,8821,8057,5829,221,212,150,6,6,4,0,0,1,,,,,,,,,128868,3966075,3,0,119994,0,0,15,samples tested,,,,,,75,1380004385,450,28,6,3,6427,21,282,10,2,21,60,1,70,1
IND,Asia,India,2020-06-03,216824,9633,8391,6088,259,222,157,7,6,4,0,0,1,,,,,,,,,137158,4103233,3,0,123010,0,0,15,samples tested,,,,,,75,1380004385,450,28,6,3,6427,21,282,10,2,21,60,1,70,1
IND,Asia,India,2020-06-04,226713,9889,8761,6363,275,236,164,7,6,5,0,0,1,,,,,,,,,139485,4242718,3,0,125797,0,0,14,samples tested,,,,,,75,1380004385,450,28,6,3,6427,21,282,10,2,21,60,1,70,1
IND,Asia,India,2020-06-05,236184,9471,8956,6649,286,238,171,7,6,5,0,0,1,,,,,,,,,143661,4386379,3,0,128934,0,0,14,samples tested,,,,,,75,1380004385,450,28,6,3,6427,21,282,10,2,21,60,1,70,1
IND,Asia,India,2020-06-06,246622,10438,9256,6946,297,252,179,8,7,5,0,0,1,,,,,,,,,137938,4524317,3,0,130388,0,0,14,samples tested,,,,,,75,1380004385,450,28,6,3,6427,21,282,10,2,21,60,1,70,1
IND,Asia,India,2020-06-07,257486,10864,9554,7207,261,257,187,8,7,5,0,0,1,,,,,,,,,142069,4666386,3,0,132766,0,0,14,samples tested,,,,,,75,1380004385,450,28,6,3,6427,21,282,10,2,21,60,1,70,1
IND,Asia,India,2020-06-08,265928,8442,9651,7473,266,266,193,6,7,5,0,0,1,,,,,,,,,108048,4774434,3,0,133890,0,0,14,samples tested,,,,,,75,1380004385,450,28,6,3,6427,21,282,10,2,21,60,1,70,1
IND,Asia,India,2020-06-09,276146,10218,9851,7750,277,274,200,7,7,6,0,0,1,,,,,,,,,141682,4916116,4,0,135720,0,0,14,samples tested,,,,,,77,1380004385,450,28,6,3,6427,21,282,10,2,21,60,1,70,1
IND,Asia,India,2020-06-10,286605,10459,9969,8102,352,288,208,8,7,6,0,0,1,,,,,,,,,145216,5061332,4,0,136871,0,0,14,samples tested,,,,,,77,1380004385,450,28,6,3,6427,21,282,10,2,21,60,1,70,1
IND,Asia,India,2020-06-11,297535,10930,10117,8498,396,305,216,8,7,6,0,0,1,,,,,,,,,151808,5213140,4,0,138632,0,0,14,samples tested,,,,,,77,1380004385,450,28,6,3,6427,21,282,10,2,21,60,1,70,1
IND,Asia,India,2020-06-12,308993,11458,10401,8884,386,319,224,8,8,6,0,0,1,,,,,,,,,150305,5363445,4,0,139581,0,0,13,samples tested,,,,,,77,1380004385,450,28,6,3,6427,21,282,10,2,21,60,1,70,1
IND,Asia,India,2020-06-13,320922,11929,10614,9195,311,321,233,9,8,7,0,0,1,,,,,,,,,143737,5507182,4,0,140409,0,0,13,samples tested,,,,,,77,1380004385,450,28,6,3,6427,21,282,10,2,21,60,1,70,1
IND,Asia,India,2020-06-14,332424,11502,10705,9520,325,330,241,8,8,7,0,0,1,,,,,,,,,151432,5658614,4,0,141747,0,0,13,samples tested,,,,,,77,1380004385,450,28,6,3,6427,21,282,10,2,21,60,1,70,1
IND,Asia,India,2020-06-15,343091,10667,11023,9900,380,347,249,8,8,7,0,0,1,,,,,,,,,115519,5774133,4,0,142814,0,0,13,samples tested,,,,,,77,1380004385,450,28,6,3,6427,21,282,10,2,21,60,1,70,1
IND,Asia,India,2020-06-16,354065,10974,11131,11903,2003,593,257,8,8,9,1,0,1,,,,,,,,,146936,5921069,4,0,143565,0,0,13,samples tested,,,,,,77,1380004385,450,28,6,3,6427,21,282,10,2,21,60,1,70,1
IND,Asia,India,2020-06-17,366946,12881,11477,12237,334,591,266,9,8,9,0,0,1,,,,,,,,,163187,6084256,4,0,146132,0,0,13,samples tested,,,,,,77,1380004385,450,28,6,3,6427,21,282,10,2,21,60,1,70,1
IND,Asia,India,2020-06-18,380532,13586,11857,12573,336,582,276,10,9,9,0,0,1,,,,,,,,,165412,6249668,5,0,148075,0,0,12,samples tested,,,,,,76,1380004385,450,28,6,3,6427,21,282,10,2,21,60,1,70,1
IND,Asia,India,2020-06-19,395048,14516,12294,12948,375,581,286,11,9,9,0,0,1,,,,,,,,,176959,6426627,5,0,151883,0,0,12,samples tested,,,,,,76,1380004385,450,28,6,3,6427,21,282,10,2,21,60,1,70,1
IND,Asia,India,2020-06-20,410451,15403,12790,13254,306,580,297,11,9,10,0,0,1,,,,,,,,,189869,6616496,5,0,158473,0,0,12,samples tested,,,,,,76,1380004385,450,28,6,3,6427,21,282,10,2,21,60,1,70,1
IND,Asia,India,2020-06-21,425282,14831,13265,13699,445,597,308,11,10,10,0,0,1,,,,,,,,,190730,6807226,5,0,164087,0,0,12,samples tested,,,,,,76,1380004385,450,28,6,3,6427,21,282,10,2,21,60,1,70,1
IND,Asia,India,2020-06-22,440215,14933,13875,14011,312,587,319,11,10,10,0,0,1,,,,,,,,,143267,6950493,5,0,168051,0,0,12,samples tested,,,,,,76,1380004385,450,28,6,3,6427,21,282,10,2,21,60,1,70,1
IND,Asia,India,2020-06-23,456183,15968,14588,14476,465,368,331,12,11,10,0,0,1,,,,,,,,,187223,7137716,5,0,173807,0,0,12,samples tested,,,,,,76,1380004385,450,28,6,3,6427,21,282,10,2,21,60,1,70,1
IND,Asia,India,2020-06-24,473105,16922,15166,14894,418,380,343,12,11,11,0,0,1,,,,,,,,,215195,7352911,5,0,181236,0,0,12,samples tested,,,,,,76,1380004385,450,28,6,3,6427,21,282,10,2,21,60,1,70,1
IND,Asia,India,2020-06-25,490401,17296,15696,15301,407,390,355,13,11,11,0,0,1,,,,,,,,,207871,7560782,5,0,187302,0,0,12,samples tested,,,,,,76,1380004385,450,28,6,3,6427,21,282,10,2,21,60,1,70,1
IND,Asia,India,2020-06-26,508953,18552,16272,15685,384,391,369,13,12,11,0,0,1,,,,,,,,,215446,7776228,6,0,192800,0,0,12,samples tested,,,,,,76,1380004385,450,28,6,3,6427,21,282,10,2,21,60,1,70,1
IND,Asia,India,2020-06-27,528859,19906,16915,16095,410,406,383,14,12,12,0,0,1,,,,,,,,,220479,7996707,6,0,197173,0,0,12,samples tested,,,,,,76,1380004385,450,28,6,3,6427,21,282,10,2,21,60,1,70,1
IND,Asia,India,2020-06-28,548318,19459,17577,16475,380,397,397,14,13,12,0,0,1,,,,,,,,,231095,8227802,6,0,202939,0,0,12,samples tested,,,,,,76,1380004385,450,28,6,3,6427,21,282,10,2,21,60,1,70,1
IND,Asia,India,2020-06-29,566840,18522,18089,16893,418,412,411,13,13,12,0,0,1,,,,,,,,,170560,8398362,6,0,206838,0,0,11,samples tested,,,,,,76,1380004385,450,28,6,3,6427,21,282,10,2,21,60,1,70,1
IND,Asia,India,2020-06-30,585481,18641,18471,17400,507,418,424,14,13,13,0,0,1,,,,,,,,,210292,8608654,6,0,210134,0,0,11,samples tested,,,,,,76,1380004385,450,28,6,3,6427,21,282,10,2,21,60,1,70,1
IND,Asia,India,2020-07-01,604641,19160,18791,17834,434,420,438,14,14,13,0,0,1,,,,,,,,,217931,8826585,6,0,210525,0,0,11,samples tested,,,,,,74,1380004385,450,28,6,3,6427,21,282,10,2,21,60,1,70,1
IND,Asia,India,2020-07-02,625544,20903,19306,18213,379,416,453,15,14,13,0,0,1,,,,,,,,,229588,9056173,7,0,213627,0,0,11,samples tested,,,,,,74,1380004385,450,28,6,3,6427,21,282,10,2,21,60,1,70,1
IND,Asia,India,2020-07-03,648315,22771,19909,18655,442,424,470,17,14,14,0,0,1,,,,,,,,,241576,9297749,7,0,217360,0,0,11,samples tested,,,,,,74,1380004385,450,28,6,3,6427,21,282,10,2,21,60,1,70,1
IND,Asia,India,2020-07-04,673165,24850,20615,19268,613,453,488,18,15,14,0,0,1,,,,,,,,,242383,9540132,7,0,220489,0,0,11,samples tested,,,,,,74,1380004385,450,28,6,3,6427,21,282,10,2,21,60,1,70,1
IND,Asia,India,2020-07-05,697413,24248,21299,19693,425,460,505,18,15,14,0,0,1,,,,,,,,,248934,9789066,7,0,223038,0,0,10,samples tested,,,,,,74,1380004385,450,28,6,3,6427,21,282,10,2,21,60,1,70,1
IND,Asia,India,2020-07-06,719664,22251,21832,20159,466,467,521,16,16,15,0,0,1,,,,,,,,,180596,9969662,7,0,224471,0,0,10,samples tested,,,,,,74,1380004385,450,28,6,3,6427,21,282,10,2,21,60,1,70,1
IND,Asia,India,2020-07-07,742417,22753,22419,20642,483,463,538,16,16,15,0,0,1,,,,,,,,,241430,10211092,7,0,228920,0,0,10,samples tested,,,,,,74,1380004385,450,28,6,3,6427,21,282,10,2,21,60,1,70,1
IND,Asia,India,2020-07-08,767296,24879,23236,21129,487,471,556,18,17,15,0,0,1,,,,,,,,,262679,10473771,8,0,235312,0,0,10,samples tested,,,,,,74,1380004385,450,28,6,3,6427,21,282,10,2,21,60,1,70,1
IND,Asia,India,2020-07-09,793802,26506,24037,21604,475,484,575,19,17,16,0,0,1,,,,,,,,,267061,10740832,8,0,240666,0,0,10,samples tested,,,,,,74,1380004385,450,28,6,3,6427,21,282,10,2,21,60,1,70,1
IND,Asia,India,2020-07-10,820916,27114,24657,22123,519,495,595,20,18,16,0,0,1,,,,,,,,,283659,11024491,8,0,246677,0,0,10,samples tested,,,,,,78,1380004385,450,28,6,3,6427,21,282,10,2,21,60,1,70,1
IND,Asia,India,2020-07-11,849522,28606,25194,22673,550,486,616,21,18,16,0,0,1,,,,,,,,,282511,11307002,8,0,252410,0,0,10,samples tested,,,,,,78,1380004385,450,28,6,3,6427,21,282,10,2,21,60,1,70,1
IND,Asia,India,2020-07-12,878254,28732,25834,23174,501,497,636,21,19,17,0,0,1,,,,,,,,,280151,11587153,8,0,256870,0,0,10,samples tested,,,,,,78,1380004385,450,28,6,3,6427,21,282,10,2,21,60,1,70,1
IND,Asia,India,2020-07-13,906752,28498,26727,23727,553,510,657,21,19,17,0,0,1,,,,,,,,,219103,11806256,9,0,262371,0,0,10,samples tested,,,,,,78,1380004385,450,28,6,3,6427,21,282,10,2,21,60,1,70,1
IND,Asia,India,2020-07-14,936181,29429,27681,24309,582,524,678,21,20,18,0,0,1,,,,,,,,,286247,12092503,9,0,268773,0,0,10,samples tested,,,,,,78,1380004385,450,28,6,3,6427,21,282,10,2,21,60,1,70,1
IND,Asia,India,2020-07-15,968857,32676,28794,24914,605,541,702,24,21,18,0,0,1,,,,,,,,,320161,12412664,9,0,276985,0,0,10,samples tested,,,,,,78,1380004385,450,28,6,3,6427,21,282,10,2,21,60,1,70,1
IND,Asia,India,2020-07-16,1003832,34975,30004,25602,688,571,727,25,22,19,0,0,1,,,,,,,,,326826,12739490,9,0,285523,0,0,10,samples tested,,,,,,78,1380004385,450,28,6,3,6427,21,282,10,2,21,60,1,70,1
IND,Asia,India,2020-07-17,1039084,35252,31167,26273,671,593,753,26,23,19,0,0,1,,,,,,,,,333228,13072718,9,0,292604,0,0,9,samples tested,,,,,,78,1380004385,450,28,6,3,6427,21,282,10,2,21,60,1,70,1
IND,Asia,India,2020-07-18,1077781,38697,32608,26816,543,592,781,28,24,19,0,0,1,,,,,,,,,361024,13433742,10,0,303820,0,0,9,samples tested,,,,,,78,1380004385,450,28,6,3,6427,21,282,10,2,21,60,1,70,1
IND,Asia,India,2020-07-19,1118206,40425,34279,27497,681,618,810,29,25,20,0,0,1,,,,,,,,,358127,13791869,10,0,314959,0,0,9,samples tested,,,,,,78,1380004385,450,28,6,3,6427,21,282,10,2,21,60,1,70,1
IND,Asia,India,2020-07-20,1155338,37132,35512,28082,585,622,837,27,26,20,0,0,1,,,,,,,,,256039,14047908,10,0,320236,0,0,9,samples tested,,,,,,78,1380004385,450,28,6,3,6427,21,282,10,2,21,60,1,70,1
IND,Asia,India,2020-07-21,1193078,37740,36700,28732,650,632,865,27,27,21,0,0,1,,,,,,,,,333395,14381303,10,0,326971,0,0,9,samples tested,,,,,,78,1380004385,450,28,6,3,6427,21,282,10,2,21,60,1,70,1
IND,Asia,India,2020-07-22,1238798,45720,38563,29861,1129,707,898,33,28,22,1,1,1,,,,,,,,,343243,14724546,11,0,330269,0,0,9,samples tested,,,,,,78,1380004385,450,28,6,3,6427,21,282,10,2,21,60,1,70,1
IND,Asia,India,2020-07-23,1288108,49310,40611,30601,740,714,933,36,29,22,1,1,1,,,,,,,,,350823,15075369,11,0,333697,0,0,8,samples tested,,,,,,78,1380004385,450,28,6,3,6427,21,282,10,2,21,60,1,70,1
IND,Asia,India,2020-07-24,1337024,48916,42563,31358,757,726,969,35,31,23,1,1,1,,,,,,,,,352801,15428170,11,0,336493,0,0,8,samples tested,,,,,,78,1380004385,450,28,6,3,6427,21,282,10,2,21,60,1,70,1
IND,Asia,India,2020-07-25,1385635,48611,43979,32060,702,749,1004,35,32,23,1,1,1,,,,,,,,,420898,15849068,11,0,345047,0,0,8,samples tested,,,,,,78,1380004385,450,28,6,3,6427,21,282,10,2,21,60,1,70,1
IND,Asia,India,2020-07-26,1435616,49981,45344,32771,711,753,1040,36,33,24,1,1,1,,,,,,,,,442263,16291331,12,0,357066,0,0,8,samples tested,,,,,,78,1380004385,450,28,6,3,6427,21,282,10,2,21,60,1,70,1
IND,Asia,India,2020-07-27,1480073,44457,46391,33408,637,761,1073,32,34,24,0,1,1,,,,,,,,,515472,16806803,12,0,394128,0,0,8,samples tested,,,,,,78,1380004385,450,28,6,3,6427,21,282,10,2,21,60,1,70,1
IND,Asia,India,2020-07-28,1531669,51596,48370,34193,785,780,1110,37,35,25,1,1,1,,,,,,,,,528082,17334885,13,0,421940,0,0,9,samples tested,,,,,,78,1380004385,450,28,6,3,6427,21,282,10,2,21,60,1,70,1
IND,Asia,India,2020-07-29,1581963,50294,49024,34955,762,728,1146,36,36,25,1,1,1,,,,,,,,,408855,17743740,13,0,431313,0,0,9,samples tested,,,,,,78,1380004385,450,28,6,3,6427,21,282,10,2,21,60,1,70,1
IND,Asia,India,2020-07-30,1634746,52783,49520,35718,763,731,1185,38,36,26,1,1,1,,,,,,,,,446642,18190382,13,0,445002,0,0,9,samples tested,,,,,,78,1380004385,450,28,6,3,6427,21,282,10,2,21,60,1,70,1
IND,Asia,India,2020-07-31,1695988,61242,51281,36511,793,736,1229,44,37,26,1,1,1,,,,,,,,,642588,18832970,14,0,486400,0,0,10,samples tested,,,,,,78,1380004385,450,28,6,3,6427,21,282,10,2,21,60,1,70,1
IND,Asia,India,2020-08-01,1750723,54735,52155,37364,853,758,1269,40,38,27,1,1,1,,,,,,,,,525689,19358659,14,0,501370,0,0,10,samples tested,,,,,,80,1380004385,450,28,6,3,6427,21,282,10,2,21,60,1,70,1
IND,Asia,India,2020-08-02,1803695,52972,52583,38135,771,766,1307,38,38,28,1,1,1,,,,,,,,,463172,19821831,14,0,504357,0,0,10,samples tested,,,,,,80,1380004385,450,28,6,3,6427,21,282,10,2,21,60,1,70,1
IND,Asia,India,2020-08-03,1855745,52050,53667,38938,803,790,1345,38,39,28,1,1,1,,,,,,,,,381027,20202858,15,0,485151,0,0,9,samples tested,,,,,,80,1380004385,450,28,6,3,6427,21,282,10,2,21,60,1,70,1
IND,Asia,India,2020-08-04,1908254,52509,53798,39795,857,800,1383,38,39,29,1,1,1,,,,,,,,,661892,20864750,15,0,504266,0,0,9,samples tested,,,,,,80,1380004385,450,28,6,3,6427,21,282,10,2,21,60,1,70,1
IND,Asia,India,2020-08-05,1964536,56282,54653,40699,904,821,1424,41,40,29,1,1,1,,,,,,,,,619652,21484402,16,0,534380,0,0,10,samples tested,,,,,,80,1380004385,450,28,6,3,6427,21,282,10,2,21,60,1,70,1
IND,Asia,India,2020-08-06,2027074,62538,56047,41585,886,838,1469,45,41,30,1,1,1,,,,,,,,,664949,22149351,16,0,565567,0,0,10,samples tested,,,,,,80,1380004385,450,28,6,3,6427,21,282,10,2,21,60,1,70,1
IND,Asia,India,2020-08-07,2088611,61537,56089,42518,933,858,1513,45,41,31,1,1,1,,,,,,,,,639042,22788393,17,0,565060,0,0,10,samples tested,,,,,,80,1380004385,450,28,6,3,6427,21,282,10,2,21,60,1,70,1
IND,Asia,India,2020-08-08,2153010,64399,57470,43379,861,859,1560,47,42,31,1,1,1,,,,,,,,,598778,23387171,17,0,575502,0,0,10,samples tested,,,,,,80,1380004385,450,28,6,3,6427,21,282,10,2,21,60,1,70,1
IND,Asia,India,2020-08-09,2215074,62064,58768,44386,1007,893,1605,45,43,32,1,1,1,,,,,,,,,719364,24106535,17,1,612101,0,0,10,samples tested,,,,,,80,1380004385,450,28,6,3,6427,21,282,10,2,21,60,1,70,1
IND,Asia,India,2020-08-10,2268675,53601,58990,45257,871,903,1644,39,43,33,1,1,1,,,,,,,,,477023,24583558,18,0,625814,0,0,11,samples tested,,,,,,80,1380004385,450,28,6,3,6427,21,282,10,2,21,60,1,70,1
IND,Asia,India,2020-08-11,2329638,60963,60198,46091,834,899,1688,44,44,33,1,1,1,,,,,,,,,698290,25281848,18,1,631014,0,0,10,samples tested,,,,,,80,1380004385,450,28,6,3,6427,21,282,10,2,21,60,1,70,1
IND,Asia,India,2020-08-12,2396637,66999,61729,47033,942,905,1737,49,45,34,1,1,1,,,,,,,,,733449,26015297,19,1,647271,0,0,10,samples tested,,,,,,80,1380004385,450,28,6,3,6427,21,282,10,2,21,60,1,70,1
IND,Asia,India,2020-08-13,2461190,64553,62017,48040,1007,922,1783,47,45,35,1,1,1,,,,,,,,,830391,26845688,19,1,670905,0,0,11,samples tested,,,,,,80,1380004385,450,28,6,3,6427,21,282,10,2,21,60,1,70,1
IND,Asia,India,2020-08-14,2525922,64732,62473,49036,996,931,1830,47,45,36,1,1,1,,,,,,,,,848728,27694416,20,1,700860,1,0,11,samples tested,,,,,,80,1380004385,450,28,6,3,6427,21,282,10,2,21,60,1,70,1
IND,Asia,India,2020-08-15,2589952,64030,62420,49980,944,943,1877,46,45,36,1,1,1,,,,,,,,,868679,28563095,21,1,739418,1,0,12,samples tested,,,,,,80,1380004385,450,28,6,3,6427,21,282,10,2,21,60,1,70,1
IND,Asia,India,2020-08-16,2647663,57711,61798,50921,941,934,1919,42,45,37,1,1,1,,,,,,,,,746608,29309703,21,1,743310,1,0,12,samples tested,,,,,,80,1380004385,450,28,6,3,6427,21,282,10,2,21,60,1,70,1
IND,Asia,India,2020-08-17,2702681,55018,62001,51797,876,934,1958,40,45,38,1,1,1,,,,,,,,,731697,30041400,22,1,779692,1,0,13,samples tested,,,,,,80,1380004385,450,28,6,3,6427,21,282,10,2,21,60,1,70,1
IND,Asia,India,2020-08-18,2767253,64572,62516,52888,1091,971,2005,47,45,38,1,1,1,,,,,,,,,899864,30941264,22,1,808488,1,0,13,samples tested,,,,,,80,1380004385,450,28,6,3,6427,21,282,10,2,21,60,1,70,1
IND,Asia,India,2020-08-19,2836925,69672,62898,53866,978,976,2056,50,46,39,1,1,1,,,,,,,,,801518,31742782,23,1,818212,1,0,13,samples tested,,,,,,80,1380004385,450,28,6,3,6427,21,282,10,2,21,60,1,70,1
IND,Asia,India,2020-08-20,2905825,68900,63519,54849,983,973,2106,50,46,40,1,1,1,,,,,,,,,918470,32661252,24,1,830795,1,0,13,samples tested,,,,,,80,1380004385,450,28,6,3,6427,21,282,10,2,21,60,1,70,1
IND,Asia,India,2020-08-21,2975701,69876,64254,55794,945,965,2156,51,47,40,1,1,1,,,,,,,,,805985,33467237,24,1,824689,1,0,13,samples tested,,,,,,80,1380004385,450,28,6,3,6427,21,282,10,2,21,60,1,70,1
IND,Asia,India,2020-08-22,3044940,69239,64998,56706,912,961,2206,50,47,41,1,1,1,,,,,,,,,1023836,34491073,25,1,846854,1,0,13,samples tested,,,,,,80,1380004385,450,28,6,3,6427,21,282,10,2,21,60,1,70,1
IND,Asia,India,2020-08-23,3106348,61408,65526,57542,836,946,2251,44,47,42,1,1,1,,,,,,,,,801147,35292220,26,1,854645,1,0,13,samples tested,,,,,,80,1380004385,450,28,6,3,6427,21,282,10,2,21,60,1,70,1
IND,Asia,India,2020-08-24,3167323,60975,66377,58390,848,942,2295,44,48,42,1,1,1,,,,,,,,,609917,35902137,26,0,837248,1,0,13,samples tested,,,,,,80,1380004385,450,28,6,3,6427,21,282,10,2,21,60,1,70,1
IND,Asia,India,2020-08-25,3224547,57224,65328,59357,967,924,2337,41,47,43,1,1,1,,,,,,,,,925383,36827520,27,1,840894,1,0,13,samples tested,,,,,,80,1380004385,450,28,6,3,6427,21,282,10,2,21,60,1,70,1
IND,Asia,India,2020-08-26,3310234,85687,67616,60472,1115,944,2399,62,49,44,1,1,1,,,,,,,,,823992,37651512,27,1,844104,1,0,12,samples tested,,,,,,80,1380004385,450,28,6,3,6427,21,282,10,2,21,60,1,70,1
IND,Asia,India,2020-08-27,3387500,77266,68811,61529,1057,954,2455,56,50,45,1,1,1,,,,,,,,,924998,38576510,28,1,845037,1,0,12,samples tested,,,,,,80,1380004385,450,28,6,3,6427,21,282,10,2,21,60,1,70,1
IND,Asia,India,2020-08-28,3463972,76472,69753,62550,1021,965,2510,55,51,45,1,1,1,,,,,,,,,901338,39477848,29,1,858659,1,0,12,samples tested,,,,,,80,1380004385,450,28,6,3,6427,21,282,10,2,21,60,1,70,1
IND,Asia,India,2020-08-29,3542733,78761,71113,63498,948,970,2567,57,52,46,1,1,1,,,,,,,,,928761,40406609,29,1,845077,1,0,12,samples tested,,,,,,81,1380004385,450,28,6,3,6427,21,282,10,2,21,60,1,70,1
IND,Asia,India,2020-08-30,3621245,78512,73557,64469,971,990,2624,57,53,47,1,1,1,,,,,,,,,1055027,41461636,30,1,881345,1,0,12,samples tested,,,,,,81,1380004385,450,28,6,3,6427,21,282,10,2,21,60,1,70,1
IND,Asia,India,2020-08-31,3691166,69921,74835,65288,819,985,2675,51,54,47,1,1,1,,,,,,,,,846278,42307914,31,1,915111,1,0,12,samples tested,,,,,,81,1380004385,450,28,6,3,6427,21,282,10,2,21,60,1,70,1
IND,Asia,India,2020-09-01,3769523,78357,77854,66333,1045,997,2732,57,56,48,1,1,1,,,,,,,,,1016920,43324834,31,1,928188,1,0,12,samples tested,,,,,,81,1380004385,450,28,6,3,6427,21,282,10,2,21,60,1,70,1
IND,Asia,India,2020-09-02,3853406,83883,77596,67376,1043,986,2792,61,56,49,1,1,1,,,,,,,,,1012367,44337201,32,1,955098,1,0,12,samples tested,,,,,,81,1380004385,450,28,6,3,6427,21,282,10,2,21,60,1,70,1
IND,Asia,India,2020-09-03,3936747,83341,78464,68472,1096,992,2853,60,57,50,1,1,1,,,,,,,,,1172179,45509380,33,1,990410,1,0,13,samples tested,,,,,,81,1380004385,450,28,6,3,6427,21,282,10,2,21,60,1,70,1
IND,Asia,India,2020-09-04,4023179,86432,79887,69561,1089,1002,2915,63,58,50,1,1,1,,,,,,,,,1169765,46679145,34,1,1028757,1,0,13,samples tested,,,,,,81,1380004385,450,28,6,3,6427,21,282,10,2,21,60,1,70,1
IND,Asia,India,2020-09-05,4113811,90632,81583,70626,1065,1018,2981,66,59,51,1,1,1,,,,,,,,,1059346,47738491,35,1,1047412,1,0,13,samples tested,,,,,,81,1380004385,450,28,6,3,6427,21,282,10,2,21,60,1,70,1
IND,Asia,India,2020-09-06,4204613,90802,83338,71642,1016,1025,3047,66,60,52,1,1,1,,,,,,,,,1092654,48831145,35,1,1052787,1,0,13,samples tested,,,,,,81,1380004385,450,28,6,3,6427,21,282,10,2,21,60,1,70,1
IND,Asia,India,2020-09-07,4280422,75809,84179,72775,1133,1070,3102,55,61,53,1,1,1,,,,,,,,,720362,49551507,36,1,1034799,1,0,12,samples tested,,,,,,81,1380004385,450,28,6,3,6427,21,282,10,2,21,60,1,70,1
IND,Asia,India,2020-09-08,4370128,89706,85801,73890,1115,1080,3167,65,62,54,1,1,1,,,,,,,,,1098621,50650128,37,1,1046471,1,0,12,samples tested,,,,,,81,1380004385,450,28,6,3,6427,21,282,10,2,21,60,1,70,1
IND,Asia,India,2020-09-09,4465863,95735,87494,75062,1172,1098,3236,69,63,54,1,1,1,,,,,,,,,1154549,51804677,38,1,1066782,1,0,12,samples tested,,,,,,81,1380004385,450,28,6,3,6427,21,282,10,2,21,60,1,70,1
IND,Asia,India,2020-09-10,4562414,96551,89381,76271,1209,1114,3306,70,65,55,1,1,1,,,,,,,,,1129756,52934433,38,1,1060722,1,0,12,samples tested,,,,,,81,1380004385,450,28,6,3,6427,21,282,10,2,21,60,1,70,1
IND,Asia,India,2020-09-11,4659984,97570,90972,77472,1201,1130,3377,71,66,56,1,1,1,,,,,,,,,1163542,54097975,39,1,1059833,1,0,12,samples tested,,,,,,81,1380004385,450,28,6,3,6427,21,282,10,2,21,60,1,70,1
IND,Asia,India,2020-09-12,4754356,94372,91506,78586,1114,1137,3445,68,66,57,1,1,1,,,,,,,,,1091251,55189226,40,1,1064391,1,0,12,samples tested,,,,,,81,1380004385,450,28,6,3,6427,21,282,10,2,21,60,1,70,1
IND,Asia,India,2020-09-13,4846427,92071,91688,79722,1136,1154,3512,67,66,58,1,1,1,,,,,,,,,1071702,56260928,41,1,1061398,1,0,12,samples tested,,,,,,81,1380004385,450,28,6,3,6427,21,282,10,2,21,60,1,70,1
IND,Asia,India,2020-09-14,4930236,83809,92831,80776,1054,1143,3573,61,67,59,1,1,1,,,,,,,,,978500,57239428,41,1,1098274,1,0,12,samples tested,,,,,,81,1380004385,450,28,6,3,6427,21,282,10,2,21,60,1,70,1
IND,Asia,India,2020-09-15,5020359,90123,92890,82066,1290,1168,3638,65,67,59,1,1,1,,,,,,,,,1072845,58312273,42,1,1094592,1,0,12,samples tested,,,,,,81,1380004385,450,28,6,3,6427,21,282,10,2,21,60,1,70,1
IND,Asia,India,2020-09-16,5118253,97894,93199,83198,1132,1162,3709,71,68,60,1,1,1,,,,,,,,,1116842,59429115,43,1,1089205,1,0,12,samples tested,,,,,,81,1380004385,450,28,6,3,6427,21,282,10,2,21,60,1,70,1
IND,Asia,India,2020-09-17,5214677,96424,93180,84372,1174,1157,3779,70,68,61,1,1,1,,,,,,,,,1136613,60565728,44,1,1090185,1,0,12,samples tested,,,,,,81,1380004385,450,28,6,3,6427,21,282,10,2,21,60,1,70,1
IND,Asia,India,2020-09-18,5308014,93337,92576,85619,1247,1164,3846,68,67,62,1,1,1,,,,,,,,,1006615,61572343,45,1,1067767,1,0,12,samples tested,,,,,,81,1380004385,450,28,6,3,6427,21,282,10,2,21,60,1,70,1
IND,Asia,India,2020-09-19,5400619,92605,92323,86752,1133,1167,3913,67,67,63,1,1,1,,,,,,,,,881911,62454254,45,1,1037861,1,0,11,samples tested,,,,,,81,1380004385,450,28,6,3,6427,21,282,10,2,21,60,1,70,1
IND,Asia,India,2020-09-20,5487580,86961,91593,87882,1130,1166,3976,63,66,64,1,1,1,,,,,,,,,1206806,63661060,46,1,1057162,1,0,12,samples tested,,,,,,81,1380004385,450,28,6,3,6427,21,282,10,2,21,60,1,70,1
IND,Asia,India,2020-09-21,5562663,75083,90347,88935,1053,1166,4031,54,65,64,1,1,1,,,,,,,,,731534,64392594,47,1,1021881,1,0,11,samples tested,,,,,,75,1380004385,450,28,6,3,6427,21,282,10,2,21,60,1,70,1
IND,Asia,India,2020-09-22,5646010,83347,89379,90020,1085,1136,4091,60,65,65,1,1,1,,,,,,,,,933185,65325779,47,1,1001929,1,0,11,samples tested,,,,,,75,1380004385,450,28,6,3,6427,21,282,10,2,21,60,1,70,1
IND,Asia,India,2020-09-23,5732518,86508,87752,91149,1129,1136,4154,63,64,66,1,1,1,,,,,,,,,953683,66279462,48,1,978621,1,0,11,samples tested,,,,,,75,1380004385,450,28,6,3,6427,21,282,10,2,21,60,1,70,1
IND,Asia,India,2020-09-24,5818570,86052,86270,92290,1141,1131,4216,62,63,67,1,1,1,,,,,,,,,1156569,67436031,49,1,981472,1,0,11,samples tested,,,,,,75,1380004385,450,28,6,3,6427,21,282,10,2,21,60,1,70,1
IND,Asia,India,2020-09-25,5903932,85362,85131,93379,1089,1109,4278,62,62,68,1,1,1,,,,,,,,,1492409,68928440,50,1,1050871,1,0,12,samples tested,,,,,,75,1380004385,450,28,6,3,6427,21,282,10,2,21,60,1,70,1
IND,Asia,India,2020-09-26,5992532,88600,84559,94503,1124,1107,4342,64,61,68,1,1,1,,,,,,,,,1341535,70269975,51,1,1116532,1,0,13,samples tested,,,,,,75,1380004385,450,28,6,3,6427,21,282,10,2,21,60,1,70,1
IND,Asia,India,2020-09-27,6074702,82170,83875,95542,1039,1094,4402,60,61,69,1,1,1,,,,,,,,,987861,71257836,52,1,1085254,1,0,13,samples tested,,,,,,75,1380004385,450,28,6,3,6427,21,282,10,2,21,60,1,70,1
IND,Asia,India,2020-09-28,6145291,70589,83233,96318,776,1055,4453,51,60,70,1,1,1,,,,,,,,,709394,71967230,52,1,1082091,1,0,13,samples tested,,,,,,75,1380004385,450,28,6,3,6427,21,282,10,2,21,60,1,70,1
IND,Asia,India,2020-09-29,6225763,80472,82822,97497,1179,1068,4511,58,60,71,1,1,1,,,,,,,,,1142811,73110041,53,1,1112037,1,0,13,samples tested,,,,,,75,1380004385,450,28,6,3,6427,21,282,10,2,21,60,1,70,1
IND,Asia,India,2020-09-30,6312584,86821,82867,98678,1181,1076,4574,63,60,72,1,1,1,,,,,,,,,1086688,74196729,54,1,1131038,1,0,14,samples tested,,,,,,74,1380004385,450,28,6,3,6427,21,282,10,2,21,60,1,70,1
IND,Asia,India,2020-10-01,6394068,81484,82214,99773,1095,1069,4633,59,60,72,1,1,1,,,,,,,,,1423052,75619781,55,1,1169107,1,0,14,samples tested,,,,,,74,1380004385,450,28,6,3,6427,21,282,10,2,21,60,1,70,1
IND,Asia,India,2020-10-02,6473544,79476,81373,100842,1069,1066,4691,58,59,73,1,1,1,,,,,,,,,1097947,76717728,56,1,1112755,1,0,14,samples tested,,,,,,74,1380004385,450,28,6,3,6427,21,282,10,2,21,60,1,70,1
IND,Asia,India,2020-10-03,6549373,75829,79549,101782,940,1040,4746,55,58,74,1,1,1,,,,,,,,,1132675,77850403,56,1,1082918,1,0,14,samples tested,,,,,,74,1380004385,450,28,6,3,6427,21,282,10,2,21,60,1,70,1
IND,Asia,India,2020-10-04,6623815,74442,78445,102685,903,1020,4800,54,57,74,1,1,1,,,,,,,,,1142131,78992534,57,1,1104957,1,0,14,samples tested,,,,,,74,1380004385,450,28,6,3,6427,21,282,10,2,21,60,1,70,1
IND,Asia,India,2020-10-05,6685082,61267,77113,103569,884,1036,4844,44,56,75,1,1,1,,,,,,,,,989860,79982394,58,1,1145023,1,0,15,samples tested,,,,,,74,1380004385,450,28,6,3,6427,21,282,10,2,21,60,1,70,1
IND,Asia,India,2020-10-06,6757131,72049,75910,104555,986,1008,4896,52,55,76,1,1,1,,,,,,,,,1089403,81071797,59,1,1137394,1,0,15,samples tested,,,,,,74,1380004385,450,28,6,3,6427,21,282,10,2,21,60,1,70,1
IND,Asia,India,2020-10-07,6835655,78524,74724,105526,971,978,4953,57,54,76,1,1,1,,,,,,,,,1199857,82271654,60,1,1153561,1,0,15,samples tested,,,,,,74,1380004385,450,28,6,3,6427,21,282,10,2,21,60,1,70,1
IND,Asia,India,2020-10-08,6906151,70496,73155,106490,964,960,5004,51,53,77,1,1,1,,,,,,,,,1194321,83465975,60,1,1120885,1,0,15,samples tested,,,,,,74,1380004385,450,28,6,3,6427,21,282,10,2,21,60,1,70,1
IND,Asia,India,2020-10-09,6979423,73272,72268,107416,926,939,5058,53,52,78,1,1,1,,,,,,,,,1168705,84634680,61,1,1130993,1,0,16,samples tested,,,,,,74,1380004385,450,28,6,3,6427,21,282,10,2,21,60,1,70,1
IND,Asia,India,2020-10-10,7053806,74383,72062,108334,918,936,5111,54,52,79,1,1,1,,,,,,,,,1164018,85798698,62,1,1135471,1,0,16,samples tested,,,,,,74,1380004385,450,28,6,3,6427,21,282,10,2,21,60,1,70,1
IND,Asia,India,2020-10-11,7120538,66732,70960,109150,816,924,5160,48,51,79,1,1,1,,,,,,,,,1078544,86877242,63,1,1126387,1,0,16,samples tested,,,,,,74,1380004385,450,28,6,3,6427,21,282,10,2,21,60,1,70,1
IND,Asia,India,2020-10-12,7175880,55342,70114,109856,706,898,5200,40,51,80,1,1,1,,,,,,,,,994851,87872093,64,1,1127100,1,0,16,samples tested,,,,,,74,1380004385,450,28,6,3,6427,21,282,10,2,21,60,1,70,1
IND,Asia,India,2020-10-13,7239389,63509,68894,110586,730,862,5246,46,50,80,1,1,1,,,,,,,,,1073014,88945107,64,1,1124759,1,0,16,samples tested,,,,,,74,1380004385,450,28,6,3,6427,21,282,10,2,21,60,1,70,1
IND,Asia,India,2020-10-14,7307097,67708,67349,111266,680,820,5295,49,49,81,0,1,1,,,,,,,,,1145015,90090122,65,1,1116924,1,0,17,samples tested,,,,,,74,1380004385,450,28,6,3,6427,21,282,10,2,21,60,1,70,1
IND,Asia,India,2020-10-15,7370468,63371,66331,112161,895,810,5341,46,48,81,1,1,1,,,,,,,,,1136183,91226305,66,1,1108619,1,0,17,samples tested,,,,,,64,1380004385,450,28,6,3,6427,21,282,10,2,21,60,1,70,1
IND,Asia,India,2020-10-16,7432680,62212,64751,112998,837,797,5386,45,47,82,1,1,1,,,,,,,,,1028622,92254927,67,1,1088607,1,0,17,samples tested,,,,,,64,1380004385,450,28,6,3,6427,21,282,10,2,21,60,1,70,1
IND,Asia,India,2020-10-17,7494551,61871,62964,114031,1033,814,5431,45,46,83,1,1,1,,,,,,,,,999090,93254017,68,1,1065046,1,0,17,samples tested,,,,,,64,1380004385,450,28,6,3,6427,21,282,10,2,21,60,1,70,1
IND,Asia,India,2020-10-18,7550273,55722,61391,114610,579,780,5471,40,44,83,0,1,1,,,,,,,,,970173,94224190,68,1,1049564,1,0,17,samples tested,,,,,,64,1380004385,450,28,6,3,6427,21,282,10,2,21,60,1,70,1
IND,Asia,India,2020-10-19,7597063,46790,60169,115197,587,763,5505,34,44,83,0,1,1,,,,,,,,,859786,95083976,69,1,1030269,1,0,17,samples tested,,,,,,64,1380004385,450,28,6,3,6427,21,282,10,2,21,60,1,70,1
IND,Asia,India,2020-10-20,7651107,54044,58817,115914,717,761,5544,39,43,84,1,1,1,,,,,,,,,1032795,96116771,70,1,1024523,1,0,17,samples tested,,,,,,64,1380004385,450,28,6,3,6427,21,282,10,2,21,60,1,70,1
IND,Asia,India,2020-10-21,7706946,55839,57121,116616,702,764,5585,40,41,85,1,1,1,,,,,,,,,1083608,97200379,70,1,1015751,1,0,18,samples tested,,,,,,64,1380004385,450,28,6,3,6427,21,282,10,2,21,60,1,70,1
IND,Asia,India,2020-10-22,7761312,54366,55835,117306,690,735,5624,39,40,85,0,1,1,,,,,,,,,1469984,98670363,72,1,1063437,1,0,19,samples tested,,,,,,64,1380004385,450,28,6,3,6427,21,282,10,2,21,60,1,70,1
IND,Asia,India,2020-10-23,7814682,53370,54572,117956,650,708,5663,39,40,85,0,1,1,,,,,,,,,1442722,100113085,73,1,1122594,1,0,21,samples tested,,,,,,64,1380004385,450,28,6,3,6427,21,282,10,2,21,60,1,70,1
IND,Asia,India,2020-10-24,7864811,50129,52894,118534,578,643,5699,36,38,86,0,0,1,,,,,,,,,1269479,101382564,73,1,1161221,1,0,22,samples tested,,,,,,64,1380004385,450,28,6,3,6427,21,282,10,2,21,60,1,70,1
IND,Asia,India,2020-10-25,7909959,45148,51384,119014,480,629,5732,33,37,86,0,0,1,,,,,,,,,1140905,102523469,74,1,1185611,1,0,23,samples tested,,,,,,64,1380004385,450,28,6,3,6427,21,282,10,2,21,60,1,70,1
IND,Asia,India,2020-10-26,7946429,36470,49909,119502,488,615,5758,26,36,87,0,0,1,,,,,,,,,939309,103462778,75,1,1196972,1,0,24,samples tested,,,,,,64,1380004385,450,28,6,3,6427,21,282,10,2,21,60,1,70,1
IND,Asia,India,2020-10-27,7990322,43893,48459,120010,508,585,5790,32,35,87,0,0,1,,,,,,,,,958116,104420894,76,1,1186303,1,0,24,samples tested,,,,,,62,1380004385,450,28,6,3,6427,21,282,10,2,21,60,1,70,1
IND,Asia,India,2020-10-28,8040203,49881,47608,120527,517,559,5826,36,34,87,0,0,1,,,,,,,,,1066786,105487680,76,1,1183900,1,0,25,samples tested,,,,,,62,1380004385,450,28,6,3,6427,21,282,10,2,21,60,1,70,1
IND,Asia,India,2020-10-29,8088851,48648,46791,121090,563,541,5861,35,34,88,0,0,1,,,,,,,,,1075760,106563440,77,1,1127582,1,0,24,samples tested,,,,,,62,1380004385,450,28,6,3,6427,21,282,10,2,21,60,1,70,1
IND,Asia,India,2020-10-30,8137119,48268,46062,121641,551,526,5896,35,33,88,0,0,1,,,,,,,,,1164648,107728088,78,1,1087858,1,0,24,samples tested,,,,,,62,1380004385,450,28,6,3,6427,21,282,10,2,21,60,1,70,1
IND,Asia,India,2020-10-31,8184082,46963,45610,122111,470,511,5930,34,33,88,0,0,1,,,,,,,,,1067976,108796064,79,1,1059071,1,0,23,samples tested,,,,,,62,1380004385,450,28,6,3,6427,21,282,10,2,21,60,1,70,1
IND,Asia,India,2020-11-01,8229313,45231,45622,122607,496,513,5963,33,33,89,0,0,1,,,,,,,,,1091239,109887303,80,1,1051976,1,0,23,samples tested,,,,,,62,1380004385,450,28,6,3,6427,21,282,10,2,21,60,1,70,1
IND,Asia,India,2020-11-02,8267623,38310,45885,123097,490,514,5991,28,33,89,0,0,1,,,,,,,,,855800,110743103,80,1,1040046,1,0,23,samples tested,,,,,,62,1380004385,450,28,6,3,6427,21,282,10,2,21,60,1,70,1
IND,Asia,India,2020-11-03,8313876,46253,46222,123611,514,514,6025,34,33,90,0,0,1,,,,,,,,,1046247,111789350,81,1,1052637,1,0,23,samples tested,,,,,,62,1380004385,450,28,6,3,6427,21,282,10,2,21,60,1,70,1
IND,Asia,India,2020-11-04,8364086,50210,46269,124315,704,541,6061,36,34,90,1,0,1,,,,,,,,,1209609,112998959,82,1,1073040,1,0,23,samples tested,,,,,,62,1380004385,450,28,6,3,6427,21,282,10,2,21,60,1,70,1
IND,Asia,India,2020-11-05,8411724,47638,46125,124985,670,556,6095,35,33,91,0,0,1,,,,,,,,,1209425,114208384,83,1,1092135,1,0,24,samples tested,,,,,,62,1380004385,450,28,6,3,6427,21,282,10,2,21,60,1,70,1
IND,Asia,India,2020-11-06,8462080,50356,46423,125562,577,560,6132,36,34,91,0,0,1,,,,,,,,,1220711,115429095,84,1,1100144,1,0,24,samples tested,,,,,,62,1380004385,450,28,6,3,6427,21,282,10,2,21,60,1,70,1
IND,Asia,India,2020-11-07,8507754,45674,46239,126121,559,573,6165,33,34,91,0,0,1,,,,,,,,,1113209,116542304,84,1,1106606,1,0,24,samples tested,,,,,,62,1380004385,450,28,6,3,6427,21,282,10,2,21,60,1,70,1
IND,Asia,India,2020-11-08,8553657,45903,46335,126611,490,572,6198,33,34,92,0,0,1,,,,,,,,,1194487,117736791,85,1,1121355,1,0,24,samples tested,,,,,,62,1380004385,450,28,6,3,6427,21,282,10,2,21,60,1,70,1
IND,Asia,India,2020-11-09,8591730,38073,46301,127059,448,566,6226,28,34,92,0,0,1,,,,,,,,,835401,118572192,86,1,1118441,1,0,24,samples tested,,,,,,62,1380004385,450,28,6,3,6427,21,282,10,2,21,60,1,70,1
IND,Asia,India,2020-11-10,8636011,44281,46019,127571,512,566,6258,32,33,92,0,0,1,,,,,,,,,1043665,119615857,87,1,1118072,1,0,24,samples tested,,,,,,62,1380004385,450,28,6,3,6427,21,282,10,2,21,60,1,70,1
IND,Asia,India,2020-11-11,8683916,47905,45690,128121,550,544,6293,35,33,93,0,0,1,,,,,,,,,1153294,120769151,88,1,1110027,1,0,24,samples tested,,,,,,62,1380004385,450,28,6,3,6427,21,282,10,2,21,60,1,70,1
IND,Asia,India,2020-11-12,8728795,44879,45296,128668,547,526,6325,33,33,93,0,0,1,,,,,,,,,1193358,121962509,88,1,1107732,1,0,24,samples tested,,,,,,62,1380004385,450,28,6,3,6427,21,282,10,2,21,60,1,70,1
IND,Asia,India,2020-11-13,8773479,44684,44486,129188,520,518,6358,32,32,94,0,0,1,,,,,,,,,1139230,123101739,89,1,1096092,1,0,25,samples tested,,,,,,62,1380004385,450,28,6,3,6427,21,282,10,2,21,60,1,70,1
IND,Asia,India,2020-11-14,8814579,41100,43832,129635,447,502,6387,30,32,94,0,0,1,,,,,,,,,929491,124031230,90,1,1069847,1,0,24,samples tested,,,,,,62,1380004385,450,28,6,3,6427,21,282,10,2,21,60,1,70,1
IND,Asia,India,2020-11-15,8845127,30548,41639,130070,435,494,6409,22,30,94,0,0,1,,,,,,,,,805589,124836819,90,1,1014290,1,0,24,samples tested,,,,,,62,1380004385,450,28,6,3,6427,21,282,10,2,21,60,1,70,1
IND,Asia,India,2020-11-16,8874290,29163,40366,130519,449,494,6431,21,29,95,0,0,1,,,,,,,,,861706,125698525,91,1,1018048,1,0,25,samples tested,,,,,,62,1380004385,450,28,6,3,6427,21,282,10,2,21,60,1,70,1
IND,Asia,India,2020-11-17,8912907,38617,39557,130993,474,489,6459,28,29,95,0,0,1,,,,,,,,,844382,126542907,92,1,989579,1,0,25,samples tested,,,,,,62,1380004385,450,28,6,3,6427,21,282,10,2,21,60,1,70,1
IND,Asia,India,2020-11-18,8958483,45576,39224,131578,585,494,6492,33,28,95,0,0,1,,,,,,,,,937279,127480186,92,1,958719,1,0,24,samples tested,,,,,,62,1380004385,450,28,6,3,6427,21,282,10,2,21,60,1,70,1
IND,Asia,India,2020-11-19,9004365,45882,39367,132162,584,499,6525,33,29,96,0,0,1,,,,,,,,,1028203,128508389,93,1,935126,1,0,24,samples tested,,,,,,62,1380004385,450,28,6,3,6427,21,282,10,2,21,60,1,70,1
IND,Asia,India,2020-11-20,9050597,46232,39588,132726,564,505,6558,34,29,96,0,0,1,,,,,,,,,1083397,129591786,94,1,927150,1,0,23,samples tested,,,,,,62,1380004385,450,28,6,3,6427,21,282,10,2,21,60,1,70,1
IND,Asia,India,2020-11-21,9095806,45209,40175,133227,501,513,6591,33,29,97,0,0,1,,,,,,,,,1066022,130657808,95,1,946654,1,0,24,samples tested,,,,,,69,1380004385,450,28,6,3,6427,21,282,10,2,21,60,1,70,1
IND,Asia,India,2020-11-22,9139865,44059,42105,133738,511,524,6623,32,31,97,0,0,1,,,,,,,,,1075326,131733134,95,1,985188,1,0,23,samples tested,,,,,,69,1380004385,450,28,6,3,6427,21,282,10,2,21,60,1,70,1
IND,Asia,India,2020-11-23,9177840,37975,43364,134218,480,528,6651,28,31,97,0,0,1,,,,,,,,,849596,132582730,96,1,983458,1,0,23,samples tested,,,,,,69,1380004385,450,28,6,3,6427,21,282,10,2,21,60,1,70,1
IND,Asia,India,2020-11-24,9222216,44376,44187,134699,481,529,6683,32,32,98,0,0,1,,,,,,,,,1099545,133682275,97,1,1019910,1,0,23,samples tested,,,,,,69,1380004385,450,28,6,3,6427,21,282,10,2,21,60,1,70,1
IND,Asia,India,2020-11-25,9266705,44489,44032,135223,524,521,6715,32,32,98,0,0,1,,,,,,,,,1159032,134841307,98,1,1051589,1,0,24,samples tested,,,,,,69,1380004385,450,28,6,3,6427,21,282,10,2,21,60,1,70,1
IND,Asia,India,2020-11-26,9309787,43082,43632,135715,492,508,6746,31,32,98,0,0,1,,,,,,,,,1090238,135931545,99,1,1060451,1,0,24,samples tested,,,,,,69,1380004385,450,28,6,3,6427,21,282,10,2,21,60,1,70,1
IND,Asia,India,2020-11-27,9351109,41322,42930,136200,485,496,6776,30,31,99,0,0,1,,,,,,,,,1131204,137062749,99,1,1067280,1,0,25,samples tested,,,,,,69,1380004385,450,28,6,3,6427,21,282,10,2,21,60,1,70,1
IND,Asia,India,2020-11-28,9392919,41810,42445,136696,496,496,6806,30,31,99,0,0,1,,,,,,,,,1157605,138220354,100,1,1080364,1,0,26,samples tested,,,,,,69,1380004385,450,28,6,3,6427,21,282,10,2,21,60,1,70,1
IND,Asia,India,2020-11-29,9431691,38772,41689,137139,443,486,6835,28,30,99,0,0,1,,,,,,,,,1283449,139503803,101,1,1110096,1,0,27,samples tested,,,,,,69,1380004385,450,28,6,3,6427,21,282,10,2,21,60,1,70,1
IND,Asia,India,2020-11-30,9462809,31118,40710,137621,482,486,6857,23,30,100,0,0,1,,,,,,,,,876173,140379976,102,1,1113892,1,0,27,samples tested,,,,,,69,1380004385,450,28,6,3,6427,21,282,10,2,21,60,1,70,1
IND,Asia,India,2020-12-01,9499413,36604,39600,138122,501,489,6884,27,29,100,0,0,1,,,,,,,,,969322,141349298,102,1,1095289,1,0,28,samples tested,,,,,,69,1380004385,450,28,6,3,6427,21,282,10,2,21,60,1,70,1
IND,Asia,India,2020-12-02,9534964,35551,38323,138648,526,489,6909,26,28,100,0,0,1,,,,,,,,,1096651,142445949,103,1,1086377,1,0,28,samples tested,,,,,,69,1380004385,450,28,6,3,6427,21,282,10,2,21,60,1,70,1
IND,Asia,India,2020-12-03,9571559,36595,37396,139188,540,496,6936,27,27,101,0,0,1,,,,,,,,,1111698,143557647,104,1,1089443,1,0,29,samples tested,,,,,,69,1380004385,450,28,6,3,6427,21,282,10,2,21,60,1,70,1
IND,Asia,India,2020-12-04,9608211,36652,36729,139700,512,500,6962,27,27,101,0,0,1,,,,,,,,,1170102,144727749,105,1,1095000,1,0,30,samples tested,,,,,,69,1380004385,450,28,6,3,6427,21,282,10,2,21,60,1,70,1
IND,Asia,India,2020-12-05,9644222,36011,35900,140182,482,498,6989,26,26,102,0,0,1,,,,,,,,,1157763,145885512,106,1,1095023,1,0,30,samples tested,,,,,,69,1380004385,450,28,6,3,6427,21,282,10,2,21,60,1,70,1
IND,Asia,India,2020-12-06,9677203,32981,35073,140573,391,491,7012,24,25,102,0,0,1,,,,,,,,,1101063,146986575,107,1,1068967,1,0,30,samples tested,,,,,,69,1380004385,450,28,6,3,6427,21,282,10,2,21,60,1,70,1
IND,Asia,India,2020-12-07,9703770,26567,34423,140958,385,477,7032,19,25,102,0,0,1,,,,,,,,,801081,147787656,107,1,1058240,1,0,31,samples tested,,,,,,69,1380004385,450,28,6,3,6427,21,282,10,2,21,60,1,70,1
IND,Asia,India,2020-12-08,9735850,32080,33777,141360,402,463,7055,23,24,102,0,0,1,,,,,,,,,1026399,148814055,108,1,1066394,1,0,32,samples tested,,,,,,69,1380004385,450,28,6,3,6427,21,282,10,2,21,60,1,70,1
IND,Asia,India,2020-12-09,9767371,31521,33201,141772,412,446,7078,23,24,103,0,0,1,,,,,,,,,1022712,149836767,109,1,1055831,1,0,32,samples tested,,,,,,69,1380004385,450,28,6,3,6427,21,282,10,2,21,60,1,70,1
IND,Asia,India,2020-12-10,9796744,29373,32169,142185,413,428,7099,21,23,103,0,0,1,,,,,,,,,922959,150759726,109,1,1028868,1,0,32,samples tested,,,,,,69,1380004385,450,28,6,3,6427,21,282,10,2,21,60,1,70,1
IND,Asia,India,2020-12-11,9826775,30031,31223,142628,443,418,7121,22,23,103,0,0,1,,,,,,,,,,,,,1000116,1,0,32,samples tested,,,,,,69,1380004385,450,28,6,3,6427,21,282,10,2,21,60,1,70,1
IND,Asia,India,2020-12-12,9857029,30254,30401,143019,391,405,7143,22,22,104,0,0,1,,,,,,,,,,152697399,111,,973127,1,0,32,samples tested,,,,,,69,1380004385,450,28,6,3,6427,21,282,10,2,21,60,1,70,1
IND,Asia,India,2020-12-13,9884100,27071,29557,143355,336,397,7162,20,21,104,0,0,1,,,,,,,,,1014434,153711833,111,1,960751,1,0,32,samples tested,,,,,,69,1380004385,450,28,6,3,6427,21,282,10,2,21,60,1,70,1
IND,Asia,India,2020-12-14,9906165,22065,28914,143709,354,393,7178,16,21,104,0,0,1,,,,,,,,,855157,154566990,112,1,968476,1,0,34,samples tested,,,,,,69,1380004385,450,28,6,3,6427,21,282,10,2,21,60,1,70,1
IND,Asia,India,2020-12-15,9932547,26382,28100,144096,387,391,7197,19,20,104,0,0,1,,,,,,,,,993665,155560655,113,1,963800,1,0,34,samples tested,,,,,,69,1380004385,450,28,6,3,6427,21,282,10,2,21,60,1,70,1
IND,Asia,India,2020-12-16,9956557,24010,27027,144451,355,383,7215,17,20,105,0,0,1,,,,,,,,,1085625,156646280,114,1,972788,1,0,36,samples tested,,,,,,69,1380004385,450,28,6,3,6427,21,282,10,2,21,60,1,70,1
IND,Asia,India,2020-12-17,9979447,22890,26100,144789,338,372,7231,17,19,105,0,0,1,,,,,,,,,1158960,157805240,114,1,1006502,1,0,39,samples tested,,,,,,69,1380004385,450,28,6,3,6427,21,282,10,2,21,60,1,70,1
IND,Asia,India,2020-12-18,10004599,25152,25403,145136,347,358,7250,18,18,105,0,0,1,,,,,,,,,1113406,158918646,115,1,1027155,1,0,40,samples tested,,,,,,69,1380004385,450,28,6,3,6427,21,282,10,2,21,60,1,70,1
IND,Asia,India,2020-12-19,10031223,26624,24885,145477,341,351,7269,19,18,105,0,0,1,,,,,,,,,1171868,160090514,116,1,1056159,1,0,42,samples tested,,,,,,69,1380004385,450,28,6,3,6427,21,282,10,2,21,60,1,70,1
IND,Asia,India,2020-12-20,10055560,24337,24494,145810,333,351,7287,18,18,106,0,0,1,,,,,,,,,1107681,161198195,117,1,1069480,1,0,44,samples tested,,,,,,69,1380004385,450,28,6,3,6427,21,282,10,2,21,60,1,70,1
IND,Asia,India,2020-12-21,10075116,19556,24136,146111,301,343,7301,14,17,106,0,0,1,,,,,,,,,900134,162098329,117,1,1075906,1,0,45,samples tested,,,,,,69,1380004385,450,28,6,3,6427,21,282,10,2,21,60,1,70,1
IND,Asia,India,2020-12-22,10099066,23950,23788,146444,333,335,7318,17,17,106,0,0,1,,,,,,,,,1072228,163170557,118,1,1087129,1,0,46,samples tested,,,,,,69,1380004385,450,28,6,3,6427,21,282,10,2,21,60,1,70,1
IND,Asia,India,2020-12-23,10123778,24712,23889,146756,312,329,7336,18,17,106,0,0,1,,,,,,,,,1098164,164268721,119,1,1088920,1,0,46,samples tested,,,,,,69,1380004385,450,28,6,3,6427,21,282,10,2,21,60,1,70,1
IND,Asia,India,2020-12-24,10146845,23067,23914,147092,336,329,7353,17,17,107,0,0,1,,,,,,,,,1039645,165308366,120,1,1071875,1,0,45,samples tested,,,,,,69,1380004385,450,28,6,3,6427,21,282,10,2,21,60,1,70,1
IND,Asia,India,2020-12-25,10169118,22273,23503,147343,251,315,7369,16,17,107,0,0,1,,,,,,,,,997396,166305762,121,1,1055302,1,0,45,samples tested,,,,,,69,1380004385,450,28,6,3,6427,21,282,10,2,21,60,1,70,1
IND,Asia,India,2020-12-26,10187850,18732,22375,147622,279,306,7382,14,16,107,0,0,1,,,,,,,,,853527,167159289,121,1,1009825,1,0,45,samples tested,,,,,,69,1380004385,450,28,6,3,6427,21,282,10,2,21,60,1,70,1
IND,Asia,India,2020-12-27,10207871,20021,21759,147901,279,299,7397,15,16,107,0,0,1,,,,,,,,,943368,168102657,122,1,986352,1,0,45,samples tested,,,,,,69,1380004385,450,28,6,3,6427,21,282,10,2,21,60,1,70,1
IND,Asia,India,2020-12-28,10224303,16432,21312,148153,252,292,7409,12,15,107,0,0,1,,,,,,,,,715397,168818054,122,1,959961,1,0,45,samples tested,,,,,,69,1380004385,450,28,6,3,6427,21,282,10,2,21,60,1,70,1
IND,Asia,India,2020-12-29,10244852,20549,20827,148439,286,285,7424,15,15,108,0,0,1,,,,,,,,,983695,169801749,123,1,947313,1,0,46,samples tested,,,,,,69,1380004385,450,28,6,3,6427,21,282,10,2,21,60,1,70,1
IND,Asia,India,2020-12-30,10266674,21822,20414,148738,299,283,7440,16,15,108,0,0,1,,,,,,,,,1120281,170922030,124,1,950473,1,0,47,samples tested,,,,,,69,1380004385,450,28,6,3,6427,21,282,10,2,21,60,1,70,1
IND,Asia,India,2020-12-31,10266674,0,17118,148738,0,235,7440,0,12,108,0,0,,,,,,,,,,1127244,172049274,125,1,962987,1,0,56,samples tested,,,,,,69,1380004385,450,28,6,3,6427,21,282,10,2,21,60,1,70,1
IND,Asia,India,2021-01-01,10286709,20035,16799,148994,256,236,7454,15,12,108,0,0,,,,,,,,,,1062420,173111694,125,1,972276,1,0,58,samples tested,,,,,,69,1380004385,450,28,6,3,6427,21,282,10,2,21,60,1,70,1
IND,Asia,India,2021-01-02,10323965,37256,19445,149435,441,259,7481,27,14,108,0,0,,,,,,,,,,829964,173941658,126,1,968910,1,0,50,samples tested,,,,,,69,1380004385,450,28,6,3,6427,21,282,10,2,21,60,1,70,1
IND,Asia,India,2021-01-03,10340469,16504,18943,149649,214,250,7493,12,14,108,0,0,,,,,,,,,,958125,174899783,127,1,971018,1,0,51,samples tested,,,,,,69,1380004385,450,28,6,3,6427,21,282,10,2,21,60,1,70,1
IND,Asia,India,2021-01-04,10356844,16375,18934,149850,201,242,7505,12,14,109,0,0,,,,,,,,,,735978,175635761,127,1,973958,1,0,51,samples tested,,,,,,69,1380004385,450,28,6,3,6427,21,282,10,2,21,60,1,70,1
IND,Asia,India,2021-01-05,10374932,18088,18583,150114,264,239,7518,13,13,109,0,0,,,,,,,,,,896236,176531997,128,1,961464,1,0,52,samples tested,,,,,,69,1380004385,450,28,6,3,6427,21,282,10,2,21,60,1,70,1
IND,Asia,India,2021-01-06,10395278,20346,18372,150336,222,228,7533,15,13,109,0,0,,,,,,,,,,931408,177463405,129,1,934482,1,0,51,samples tested,,,,,,69,1380004385,450,28,6,3,6427,21,282,10,2,21,60,1,70,1
IND,Asia,India,2021-01-07,10413417,18139,20963,150570,234,262,7546,13,15,109,0,0,,,,,,,,,,937590,178400995,129,1,907389,1,0,43,samples tested,,,,,,69,1380004385,450,28,6,3,6427,21,282,10,2,21,60,1,70,1
IND,Asia,India,2021-01-08,10413417,0,18101,150570,0,225,7546,0,13,109,0,0,,,,,,,,,,935369,179336364,130,1,889239,1,0,49,samples tested,,,,,,69,1380004385,450,28,6,3,6427,21,282,10,2,21,60,1,70,1
IND,Asia,India,2021-01-09,10450284,36867,18046,150999,429,223,7573,27,13,109,0,0,,,,,,,,,,916951,180253315,131,1,901665,1,0,50,samples tested,,,,,,69,1380004385,450,28,6,3,6427,21,282,10,2,21,60,1,70,1
IND,Asia,India,2021-01-10,10466595,16311,18018,151160,161,216,7584,12,13,110,0,0,,,,,,,,,,843307,181096622,131,1,885263,1,0,49,samples tested,,,,,,69,1380004385,450,28,6,3,6427,21,282,10,2,21,60,1,70,1
IND,Asia,India,2021-01-11,10479179,12584,17476,151327,167,211,7594,9,13,110,0,0,,,,,,,,,,659209,181755831,132,0,874296,1,0,50,samples tested,,,,,,69,1380004385,450,28,6,3,6427,21,282,10,2,21,60,1,70,1
IND,Asia,India,2021-01-12,10495147,15968,17174,151529,202,202,7605,12,12,110,0,0,,,,,,,,,,897056,182652887,132,1,874413,1,0,51,samples tested,,,,,,,1380004385,450,28,6,3,6427,21,282,10,2,21,60,1,70,1
IND,Asia,India,2021-01-13,10512093,16946,16688,151727,198,199,7617,12,12,110,0,0,,,,,,,,,,836227,183489114,133,1,860816,1,0,52,samples tested,,,,,,,1380004385,450,28,6,3,6427,21,282,10,2,21,60,1,70,1
IND,Asia,India,2021-01-14,10527683,15590,16324,151918,191,193,7629,11,12,110,0,0,,,,,,,,,,743191,184232305,134,1,833044,1,0,59,samples tested,,,,,,,1380004385,450,28,6,3,6427,21,282,10,2,21,60,1,70,1
IND,Asia,India,2021-01-15,10542841,15158,18489,152093,175,218,7640,11,13,110,0,0,,,,,,,,,,730096,184962401,134,1,803720,1,,,samples tested,0,,,0,,,1380004385,450,28,6,3,6427,21,282,10,2,21,60,1,70,1
IND,Asia,India,2021-01-16,10557985,15144,15386,152274,181,182,7651,11,11,110,0,0,,,,,,,,,,,,,,,,,,,191181,191181,191181,0,139,,1380004385,450,28,6,3,6427,21,282,10,2,21,60,1,70,1
IND,Asia,India,2021-01-17,,,,,,,,,,,,,,,,,,,,,,,,,,,,,,,224301,33120,112150,0,81,,1380004385,450,28,6,3,6427,21,282,10,2,21,60,1,70,1
