countryterritoryCode,continentExp,countriesAndTerritories,dateRep,total_cases,cases,new_cases_smoothed,total_deaths,deaths,new_deaths_smoothed,total_cases_per_million,new_cases_per_million,new_cases_smoothed_per_million,total_deaths_per_million,new_deaths_per_million,new_deaths_smoothed_per_million,reproduction_rate,icu_patients,icu_patients_per_million,hosp_patients,hosp_patients_per_million,weekly_icu_admissions,weekly_icu_admissions_per_million,weekly_hosp_admissions,weekly_hosp_admissions_per_million,total_tests,new_tests,total_tests_per_thousand,new_tests_per_thousand,new_tests_smoothed,new_tests_smoothed_per_thousand,positive_rate,tests_per_case,tests_units,total_vaccinations,people_vaccinated,people_fully_vaccinated,new_vaccinations,new_vaccinations_smoothed,total_vaccinations_per_hundred,people_vaccinated_per_hundred,people_fully_vaccinated_per_hundred,new_vaccinations_smoothed_per_million,stringency_index,popData2019,population_density,median_age,aged_65_older,aged_70_older,gdp_per_capita,extreme_poverty,cardiovasc_death_rate,diabetes_prevalence,female_smokers,male_smokers,handwashing_facilities,hospital_beds_per_thousand,life_expectancy,human_development_index
USA,North America,United States,2020-01-22,1,,,,,,0,,,,,,,,,,,,,,,,,,,,,,,,,,,,,,,,,0,331002647,36,38,15,10,54225,1,151,11,19,25,,3,79,1
USA,North America,United States,2020-01-23,1,0,,,,,0,0,,,,,,,,,,,,,,,,,,,,,,,,,,,,,,,,0,331002647,36,38,15,10,54225,1,151,11,19,25,,3,79,1
USA,North America,United States,2020-01-24,2,1,,,,,0,0,,,,,,,,,,,,,,,,,,,,,,,,,,,,,,,,0,331002647,36,38,15,10,54225,1,151,11,19,25,,3,79,1
USA,North America,United States,2020-01-25,2,0,,,,,0,0,,,,,,,,,,,,,,,,,,,,,,,,,,,,,,,,0,331002647,36,38,15,10,54225,1,151,11,19,25,,3,79,1
USA,North America,United States,2020-01-26,5,3,,,,,0,0,,,,,,,,,,,,,,,,,,,,,,,,,,,,,,,,0,331002647,36,38,15,10,54225,1,151,11,19,25,,3,79,1
USA,North America,United States,2020-01-27,5,0,,,,,0,0,,,,,,,,,,,,,,,,,,,,,,,,,,,,,,,,0,331002647,36,38,15,10,54225,1,151,11,19,25,,3,79,1
USA,North America,United States,2020-01-28,5,0,1,,,0,0,0,0,,,0,,,,,,,,,,,,,,,,,,,,,,,,,,,,0,331002647,36,38,15,10,54225,1,151,11,19,25,,3,79,1
USA,North America,United States,2020-01-29,6,1,1,,,0,0,0,0,,,0,,,,,,,,,,,,,,,,,,,,,,,,,,,,0,331002647,36,38,15,10,54225,1,151,11,19,25,,3,79,1
USA,North America,United States,2020-01-30,6,0,1,,,0,0,0,0,,,0,,,,,,,,,,,,,,,,,,,,,,,,,,,,0,331002647,36,38,15,10,54225,1,151,11,19,25,,3,79,1
USA,North America,United States,2020-01-31,8,2,1,,,0,0,0,0,,,0,,,,,,,,,,,,,,,,,,,,,,,,,,,,0,331002647,36,38,15,10,54225,1,151,11,19,25,,3,79,1
USA,North America,United States,2020-02-01,8,0,1,,,0,0,0,0,,,0,,,,,,,,,,,,,,,,,,,,,,,,,,,,0,331002647,36,38,15,10,54225,1,151,11,19,25,,3,79,1
USA,North America,United States,2020-02-02,8,0,0,,,0,0,0,0,,,0,,,,,,,,,,,,,,,,,,,,,,,,,,,,6,331002647,36,38,15,10,54225,1,151,11,19,25,,3,79,1
USA,North America,United States,2020-02-03,11,3,1,,,0,0,0,0,,,0,,,,,,,,,,,,,,,,,,,,,,,,,,,,6,331002647,36,38,15,10,54225,1,151,11,19,25,,3,79,1
USA,North America,United States,2020-02-04,11,0,1,,,0,0,0,0,,,0,,,,,,,,,,,,,,,,,,,,,,,,,,,,6,331002647,36,38,15,10,54225,1,151,11,19,25,,3,79,1
USA,North America,United States,2020-02-05,11,0,1,,,0,0,0,0,,,0,,,,,,,,,,,,,,,,,,,,,,,,,,,,6,331002647,36,38,15,10,54225,1,151,11,19,25,,3,79,1
USA,North America,United States,2020-02-06,12,1,1,,,0,0,0,0,,,0,,,,,,,,,,,,,,,,,,,,,,,,,,,,6,331002647,36,38,15,10,54225,1,151,11,19,25,,3,79,1
USA,North America,United States,2020-02-07,12,0,1,,,0,0,0,0,,,0,,,,,,,,,,,,,,,,,,,,,,,,,,,,6,331002647,36,38,15,10,54225,1,151,11,19,25,,3,79,1
USA,North America,United States,2020-02-08,12,0,1,,,0,0,0,0,,,0,,,,,,,,,,,,,,,,,,,,,,,,,,,,6,331002647,36,38,15,10,54225,1,151,11,19,25,,3,79,1
USA,North America,United States,2020-02-09,12,0,1,,,0,0,0,0,,,0,,,,,,,,,,,,,,,,,,,,,,,,,,,,6,331002647,36,38,15,10,54225,1,151,11,19,25,,3,79,1
USA,North America,United States,2020-02-10,12,0,0,,,0,0,0,0,,,0,,,,,,,,,,,,,,,,,,,,,,,,,,,,6,331002647,36,38,15,10,54225,1,151,11,19,25,,3,79,1
USA,North America,United States,2020-02-11,13,1,0,,,0,0,0,0,,,0,,,,,,,,,,,,,,,,,,,,,,,,,,,,6,331002647,36,38,15,10,54225,1,151,11,19,25,,3,79,1
USA,North America,United States,2020-02-12,13,0,0,,,0,0,0,0,,,0,,,,,,,,,,,,,,,,,,,,,,,,,,,,6,331002647,36,38,15,10,54225,1,151,11,19,25,,3,79,1
USA,North America,United States,2020-02-13,14,1,0,,,0,0,0,0,,,0,,,,,,,,,,,,,,,,,,,,,,,,,,,,6,331002647,36,38,15,10,54225,1,151,11,19,25,,3,79,1
USA,North America,United States,2020-02-14,14,0,0,,,0,0,0,0,,,0,,,,,,,,,,,,,,,,,,,,,,,,,,,,6,331002647,36,38,15,10,54225,1,151,11,19,25,,3,79,1
USA,North America,United States,2020-02-15,14,0,0,,,0,0,0,0,,,0,,,,,,,,,,,,,,,,,,,,,,,,,,,,6,331002647,36,38,15,10,54225,1,151,11,19,25,,3,79,1
USA,North America,United States,2020-02-16,14,0,0,,,0,0,0,0,,,0,,,,,,,,,,,,,,,,,,,,,,,,,,,,6,331002647,36,38,15,10,54225,1,151,11,19,25,,3,79,1
USA,North America,United States,2020-02-17,14,0,0,,,0,0,0,0,,,0,,,,,,,,,,,,,,,,,,,,,,,,,,,,6,331002647,36,38,15,10,54225,1,151,11,19,25,,3,79,1
USA,North America,United States,2020-02-18,14,0,0,,,0,0,0,0,,,0,,,,,,,,,,,,,,,,,,,,,,,,,,,,6,331002647,36,38,15,10,54225,1,151,11,19,25,,3,79,1
USA,North America,United States,2020-02-19,14,0,0,,,0,0,0,0,,,0,,,,,,,,,,,,,,,,,,,,,,,,,,,,6,331002647,36,38,15,10,54225,1,151,11,19,25,,3,79,1
USA,North America,United States,2020-02-20,14,0,0,,,0,0,0,0,,,0,,,,,,,,,,,,,,,,,,,,,,,,,,,,6,331002647,36,38,15,10,54225,1,151,11,19,25,,3,79,1
USA,North America,United States,2020-02-21,16,2,0,,,0,0,0,0,,,0,,,,,,,,,,,,,,,,,,,,,,,,,,,,6,331002647,36,38,15,10,54225,1,151,11,19,25,,3,79,1
USA,North America,United States,2020-02-22,16,0,0,,,0,0,0,0,,,0,,,,,,,,,,,,,,,,,,,,,,,,,,,,6,331002647,36,38,15,10,54225,1,151,11,19,25,,3,79,1
USA,North America,United States,2020-02-23,16,0,0,,,0,0,0,0,,,0,,,,,,,,,,,,,,,,,,,,,,,,,,,,6,331002647,36,38,15,10,54225,1,151,11,19,25,,3,79,1
USA,North America,United States,2020-02-24,16,0,0,,,0,0,0,0,,,0,,,,,,,,,,,,,,,,,,,,,,,,,,,,6,331002647,36,38,15,10,54225,1,151,11,19,25,,3,79,1
USA,North America,United States,2020-02-25,16,0,0,,,0,0,0,0,,,0,,,,,,,,,,,,,,,,,,,,,,,,,,,,6,331002647,36,38,15,10,54225,1,151,11,19,25,,3,79,1
USA,North America,United States,2020-02-26,16,0,0,,,0,0,0,0,,,0,,,,,,,,,,,,,,,,,,,,,,,,,,,,6,331002647,36,38,15,10,54225,1,151,11,19,25,,3,79,1
USA,North America,United States,2020-02-27,17,1,0,,,0,0,0,0,,,0,,,,,,,,,,,,,,,,,,,,,,,,,,,,6,331002647,36,38,15,10,54225,1,151,11,19,25,,3,79,1
USA,North America,United States,2020-02-28,17,0,0,,,0,0,0,0,,,0,,,,,,,,,,,,,,,,,,,,,,,,,,,,6,331002647,36,38,15,10,54225,1,151,11,19,25,,3,79,1
USA,North America,United States,2020-02-29,25,8,1,1,1,0,0,0,0,0,0,0,,,,,,,,,,,,,,,,,,,,,,,,,,,,6,331002647,36,38,15,10,54225,1,151,11,19,25,,3,79,1
USA,North America,United States,2020-03-01,32,7,2,1,0,0,0,0,0,0,0,0,,,,,,,,,,183,183,0,0,,,,,tests performed,,,,,,,,,,8,331002647,36,38,15,10,54225,1,151,11,19,25,,3,79,1
USA,North America,United States,2020-03-02,55,23,6,6,5,1,0,0,0,0,0,0,,,,,,,,,,638,455,0,0,,,,,tests performed,,,,,,,,,,11,331002647,36,38,15,10,54225,1,151,11,19,25,,3,79,1
USA,North America,United States,2020-03-03,74,19,8,7,1,1,0,0,0,0,0,0,,,,,,,,,,1444,806,0,0,,,,,tests performed,,,,,,,,,,11,331002647,36,38,15,10,54225,1,151,11,19,25,,3,79,1
USA,North America,United States,2020-03-04,107,33,13,11,4,2,0,0,0,0,0,0,,,,,,,,,,2344,900,0,0,,,,,tests performed,,,,,,,,,,11,331002647,36,38,15,10,54225,1,151,11,19,25,,3,79,1
USA,North America,United States,2020-03-05,184,77,24,12,1,2,1,0,0,0,0,0,4,,,,,,,,,3494,1150,0,0,,,,,tests performed,,,,,,,,,,20,331002647,36,38,15,10,54225,1,151,11,19,25,,3,79,1
USA,North America,United States,2020-03-06,237,53,31,14,2,2,1,0,0,0,0,0,4,,,,,,,,,5008,1514,0,0,,,,,tests performed,,,,,,,,,,20,331002647,36,38,15,10,54225,1,151,11,19,25,,3,79,1
USA,North America,United States,2020-03-07,403,166,54,17,3,2,1,1,0,0,0,0,4,,,,,,,,,6805,1797,0,0,,,0,8,tests performed,,,,,,,,,,20,331002647,36,38,15,10,54225,1,151,11,19,25,,3,79,1
USA,North America,United States,2020-03-08,519,116,70,21,4,3,2,0,0,0,0,0,3,,,,,0,0,6,0,8392,1587,0,0,1173,0,,,tests performed,,,,,,,,,,20,331002647,36,38,15,10,54225,1,151,11,19,25,,3,79,1
USA,North America,United States,2020-03-09,594,75,77,22,1,2,2,0,0,0,0,0,3,,,,,,,,,10628,2236,0,0,1427,0,,,tests performed,,,,,,,,,,20,331002647,36,38,15,10,54225,1,151,11,19,25,,3,79,1
USA,North America,United States,2020-03-10,782,188,101,28,6,3,2,1,0,0,0,0,3,,,,,,,,,13854,3226,0,0,1773,0,,,tests performed,,,,,,,,,,20,331002647,36,38,15,10,54225,1,151,11,19,25,,3,79,1
USA,North America,United States,2020-03-11,1147,365,149,33,5,3,3,1,0,0,0,0,3,,,,,,,,,18409,4555,0,0,2295,0,,,tests performed,,,,,,,,,,22,331002647,36,38,15,10,54225,1,151,11,19,25,,3,79,1
USA,North America,United States,2020-03-12,1586,439,200,43,10,4,5,1,1,0,0,0,3,,,,,,,,,27000,8591,0,0,3358,0,,,tests performed,,,,,,,,,,30,331002647,36,38,15,10,54225,1,151,11,19,25,,3,79,1
USA,North America,United States,2020-03-13,2219,633,283,51,8,5,7,2,1,0,0,0,3,,,,,,,,,38393,11393,0,0,4769,0,,,tests performed,,,,,,,,,,30,331002647,36,38,15,10,54225,1,151,11,19,25,,3,79,1
USA,North America,United States,2020-03-14,2978,759,368,58,7,6,9,2,1,0,0,0,3,,,,,,,,,51183,12790,0,0,6340,0,0,10,tests performed,,,,,,,,,,36,331002647,36,38,15,10,54225,1,151,11,19,25,,3,79,1
USA,North America,United States,2020-03-15,3212,234,385,70,12,7,10,1,1,0,0,0,3,,,,,0,0,31,0,65412,14229,0,0,8146,0,,,tests performed,,,,,,,,,,41,331002647,36,38,15,10,54225,1,151,11,19,25,,3,79,1
USA,North America,United States,2020-03-16,4679,1467,584,97,27,11,14,4,2,0,0,0,4,,,,,,,,,92226,26814,0,0,11657,0,,,tests performed,,,,,,,,,,52,331002647,36,38,15,10,54225,1,151,11,19,25,,3,79,1
USA,North America,United States,2020-03-17,6512,1833,819,133,36,15,20,6,2,0,0,0,4,,,325,1,,,,,131675,39449,0,0,16832,0,,,tests performed,,,,,,,,,,55,331002647,36,38,15,10,54225,1,151,11,19,25,,3,79,1
USA,North America,United States,2020-03-18,9169,2657,1146,192,59,23,28,8,3,1,0,0,4,,,416,1,,,,,181514,49839,1,0,23301,0,,,tests performed,,,,,,,,,,55,331002647,36,38,15,10,54225,1,151,11,19,25,,3,79,1
USA,North America,United States,2020-03-19,13663,4494,1725,264,72,32,41,14,5,1,0,0,4,,,617,2,,,,,241067,59553,1,0,30581,0,,,tests performed,,,,,,,,,,67,331002647,36,38,15,10,54225,1,151,11,19,25,,3,79,1
USA,North America,United States,2020-03-20,20030,6367,2544,367,103,45,61,19,8,1,0,0,3,,,1042,3,,,,,315428,74361,1,0,39576,0,,,tests performed,,,,,,,,,,67,331002647,36,38,15,10,54225,1,151,11,19,25,,3,79,1
USA,North America,United States,2020-03-21,26025,5995,3292,466,99,58,79,18,10,1,0,0,3,,,1492,5,,,,,390086,74658,1,0,48415,0,0,11,tests performed,,,,,,,,,,73,331002647,36,38,15,10,54225,1,151,11,19,25,,3,79,1
USA,North America,United States,2020-03-22,34898,8873,4527,576,110,72,105,27,14,2,0,0,3,,,2173,7,0,0,2946,9,462615,72529,1,0,56743,0,,,tests performed,,,,,,,,,,73,331002647,36,38,15,10,54225,1,151,11,19,25,,3,79,1
USA,North America,United States,2020-03-23,46136,11238,5922,763,187,95,139,34,18,2,1,0,3,,,2812,8,,,,,539435,76820,2,0,63887,0,,,tests performed,,,,,,,,,,73,331002647,36,38,15,10,54225,1,151,11,19,25,,3,79,1
USA,North America,United States,2020-03-24,56755,10619,7178,1004,241,124,171,32,22,3,1,0,3,,,3938,12,,,,,640982,101547,2,0,72758,0,,,tests performed,,,,,,,,,,73,331002647,36,38,15,10,54225,1,151,11,19,25,,3,79,1
USA,North America,United States,2020-03-25,68837,12082,8524,1330,326,163,208,37,26,4,1,0,3,,,5140,16,,,,,753141,112159,2,0,81661,0,,,tests performed,,,,,,,,,,73,331002647,36,38,15,10,54225,1,151,11,19,25,,3,79,1
USA,North America,United States,2020-03-26,86693,17856,10433,1742,412,211,262,54,32,5,1,1,2,1299,4,7805,24,,,,,880243,127102,3,0,91311,0,,,tests performed,,,,,,,,,,73,331002647,36,38,15,10,54225,1,151,11,19,25,,3,79,1
USA,North America,United States,2020-03-27,105383,18690,12193,2263,521,271,318,56,37,7,2,1,2,1792,5,10887,33,,,,,1012814,132571,3,0,99627,0,,,tests performed,,,,,,,,,,73,331002647,36,38,15,10,54225,1,151,11,19,25,,3,79,1
USA,North America,United States,2020-03-28,125013,19630,14141,2898,635,347,378,59,43,9,2,1,2,2174,7,12393,37,,,,,1131487,118673,3,0,105914,0,0,8,tests performed,,,,,,,,,,73,331002647,36,38,15,10,54225,1,151,11,19,25,,3,79,1
USA,North America,United States,2020-03-29,143912,18899,15573,3490,592,416,435,57,47,11,2,1,2,2456,7,14055,42,82,0,14331,43,1238994,107507,4,0,110911,0,,,tests performed,,,,,,,,,,73,331002647,36,38,15,10,54225,1,151,11,19,25,,3,79,1
USA,North America,United States,2020-03-30,165987,22075,17122,4187,697,489,501,67,52,13,2,1,2,3087,9,15892,48,,,,,1358397,119403,4,0,116995,0,,,tests performed,,,,,,,,,,73,331002647,36,38,15,10,54225,1,151,11,19,25,,3,79,1
USA,North America,United States,2020-03-31,192301,26314,19364,5278,1091,611,581,79,58,16,3,2,2,3487,11,18155,55,,,,,1497141,138744,5,0,122308,0,,,tests performed,,,,,,,,,,73,331002647,36,38,15,10,54225,1,151,11,19,25,,3,79,1
USA,North America,United States,2020-04-01,224544,32243,22244,6539,1261,744,678,97,67,20,4,2,2,3937,12,20906,63,,,,,1646895,149754,5,0,127679,0,,,tests performed,,,,,,,,,,73,331002647,36,38,15,10,54225,1,151,11,19,25,,3,79,1
USA,North America,United States,2020-04-02,256779,32235,24298,8035,1496,899,776,97,73,24,5,3,2,4513,14,22995,69,,,,,1805707,158812,5,0,132209,0,,,tests performed,,,,,,,,,,73,331002647,36,38,15,10,54225,1,151,11,19,25,,3,79,1
USA,North America,United States,2020-04-03,289066,32287,26240,9442,1407,1026,873,98,79,29,4,3,2,4928,15,25723,78,,,,,1971538,165831,6,1,136961,0,,,tests performed,,,,,,,,,,73,331002647,36,38,15,10,54225,1,151,11,19,25,,3,79,1
USA,North America,United States,2020-04-04,321482,32416,28067,10989,1547,1156,971,98,85,33,5,3,2,5500,17,30456,92,,,,,2116364,144826,6,0,140697,0,0,4,tests performed,,,,,,,,,,73,331002647,36,38,15,10,54225,1,151,11,19,25,,3,79,1
USA,North America,United States,2020-04-05,351359,29877,29635,12570,1581,1297,1061,90,90,38,5,4,1,5811,18,32180,97,453,1,28347,86,2254104,137740,7,0,145016,0,,,tests performed,,,,,,,,,,73,331002647,36,38,15,10,54225,1,151,11,19,25,,3,79,1
USA,North America,United States,2020-04-06,382740,31381,30965,14326,1756,1448,1156,95,94,43,5,4,1,7079,21,36159,109,,,,,2392772,138668,7,0,147768,0,,,tests performed,,,,,,,,,,73,331002647,36,38,15,10,54225,1,151,11,19,25,,3,79,1
USA,North America,United States,2020-04-07,413507,30767,31601,16900,2574,1660,1249,93,95,51,8,5,1,9978,30,43849,132,,,,,2568516,175744,8,1,153054,0,,,tests performed,,,,,,,,,,73,331002647,36,38,15,10,54225,1,151,11,19,25,,3,79,1
USA,North America,United States,2020-04-08,444699,31192,31451,19043,2143,1786,1343,94,95,58,6,5,1,10276,31,45359,137,,,,,2732754,164238,8,0,155123,0,,,tests performed,,,,,,,,,,73,331002647,36,38,15,10,54225,1,151,11,19,25,,3,79,1
USA,North America,United States,2020-04-09,480640,35941,31980,21249,2206,1888,1452,109,97,64,7,6,1,12445,38,51323,155,,,,,2902865,170111,9,1,156737,0,,,tests performed,,,,,,,,,,73,331002647,36,38,15,10,54225,1,151,11,19,25,,3,79,1
USA,North America,United States,2020-04-10,515055,34415,32284,23467,2218,2004,1556,104,98,71,7,6,1,12693,38,53167,161,,,,,3077842,174977,9,1,158043,0,,,tests performed,,,,,,,,,,73,331002647,36,38,15,10,54225,1,151,11,19,25,,3,79,1
USA,North America,United States,2020-04-11,544185,29130,31815,25599,2132,2087,1644,88,96,77,6,6,1,13293,40,55563,168,,,,,3289261,211419,10,1,167557,1,0,5,tests performed,,,,,,,,,,73,331002647,36,38,15,10,54225,1,151,11,19,25,,3,79,1
USA,North America,United States,2020-04-12,571440,27255,31440,27419,1820,2121,1726,82,95,83,5,6,1,13597,41,55294,167,840,3,26077,79,3399401,110140,10,0,163614,0,,,tests performed,,,,,,,,,,73,331002647,36,38,15,10,54225,1,151,11,19,25,,3,79,1
USA,North America,United States,2020-04-13,598370,26930,30804,29381,1962,2151,1808,81,93,89,6,6,1,13605,41,56211,170,,,,,3512074,112673,11,0,159900,0,,,tests performed,,,,,,,,,,73,331002647,36,38,15,10,54225,1,151,11,19,25,,3,79,1
USA,North America,United States,2020-04-14,627151,28781,30521,31824,2443,2132,1895,87,92,96,7,6,1,14047,42,59610,180,,,,,3672476,160402,11,0,157709,0,,,tests performed,,,,,,,,,,73,331002647,36,38,15,10,54225,1,151,11,19,25,,3,79,1
USA,North America,United States,2020-04-15,652591,25440,29699,34422,2598,2197,1972,77,90,104,8,7,1,14639,44,59930,181,,,,,3843208,170732,12,1,158636,0,,,tests performed,,,,,,,,,,73,331002647,36,38,15,10,54225,1,151,11,19,25,,3,79,1
USA,North America,United States,2020-04-16,682626,30035,28855,36582,2160,2190,2062,91,87,111,7,7,1,15136,46,59496,180,,,,,4023283,180075,12,1,160060,0,,,tests performed,,,,,,,,,,73,331002647,36,38,15,10,54225,1,151,11,19,25,,3,79,1
USA,North America,United States,2020-04-17,715656,33030,28657,38673,2091,2172,2162,100,87,117,6,7,1,14910,45,58892,178,,,,,4217446,194163,13,1,162801,0,,,tests performed,,,,,,,,,,73,331002647,36,38,15,10,54225,1,151,11,19,25,,3,79,1
USA,North America,United States,2020-04-18,743588,27932,28486,40646,1973,2150,2246,84,86,123,6,6,1,14764,45,57799,175,,,,,4381233,163787,13,0,155996,0,0,5,tests performed,,,,,,,,,,73,331002647,36,38,15,10,54225,1,151,11,19,25,,3,79,1
USA,North America,United States,2020-04-19,769684,26096,28321,42584,1938,2166,2325,79,86,129,6,7,1,14385,43,56497,171,696,2,23320,70,4514948,133715,14,0,159364,0,,,tests performed,,,,,,,,,,73,331002647,36,38,15,10,54225,1,151,11,19,25,,3,79,1
USA,North America,United States,2020-04-20,799512,29828,28735,44780,2196,2200,2415,90,87,135,7,7,1,14463,44,56721,171,,,,,4671113,156165,14,0,165577,0,,,tests performed,,,,,,,,,,73,331002647,36,38,15,10,54225,1,151,11,19,25,,3,79,1
USA,North America,United States,2020-04-21,825429,25917,28325,47318,2538,2213,2494,78,86,143,8,7,1,14945,45,59779,181,,,,,4897054,225941,15,1,174940,1,,,tests performed,,,,,,,,,,73,331002647,36,38,15,10,54225,1,151,11,19,25,,3,79,1
USA,North America,United States,2020-04-22,854288,28859,28814,49746,2428,2189,2581,87,87,150,7,7,1,15016,45,59207,179,,,,,5128391,231337,15,1,183598,1,,,tests performed,,,,,,,,,,73,331002647,36,38,15,10,54225,1,151,11,19,25,,3,79,1
USA,North America,United States,2020-04-23,887858,33570,29319,52202,2456,2231,2682,101,89,158,7,7,1,14737,45,59214,179,,,,,5356599,228208,16,1,190474,1,,,tests performed,,,,,,,,,,73,331002647,36,38,15,10,54225,1,151,11,19,25,,3,79,1
USA,North America,United States,2020-04-24,920185,32327,29218,54362,2160,2241,2780,98,88,164,7,7,1,14623,44,57370,173,,,,,5618620,262021,17,1,200168,1,,,tests performed,,,,,,,,,,73,331002647,36,38,15,10,54225,1,151,11,19,25,,3,79,1
USA,North America,United States,2020-04-25,950580,30395,29570,56068,1706,2203,2872,92,89,169,5,7,1,14411,44,57340,173,,,,,5833588,214968,18,1,207479,1,0,6,tests performed,,,,,,,,,,73,331002647,36,38,15,10,54225,1,151,11,19,25,,3,79,1
USA,North America,United States,2020-04-26,977081,26501,29628,57418,1350,2119,2952,80,90,173,4,6,1,14093,43,56161,170,426,1,17851,54,6001992,168404,18,1,212435,1,,,tests performed,,,,,,,,,,73,331002647,36,38,15,10,54225,1,151,11,19,25,,3,79,1
USA,North America,United States,2020-04-27,1000784,23703,28753,58882,1464,2015,3023,72,87,178,4,6,1,13812,42,56183,170,,,,,6226155,224163,19,1,222149,1,,,tests performed,,,,,,,,,,73,331002647,36,38,15,10,54225,1,151,11,19,25,,3,79,1
USA,North America,United States,2020-04-28,1025361,24577,28562,61106,2224,1970,3098,74,86,185,7,6,1,13562,41,56034,169,,,,,6492178,266023,20,1,227875,1,,,tests performed,,,,,,,,,,73,331002647,36,38,15,10,54225,1,151,11,19,25,,3,79,1
USA,North America,United States,2020-04-29,1051799,26438,28216,63625,2519,1983,3178,80,85,192,8,6,1,13550,41,56009,169,,,,,6782547,290369,20,1,236308,1,,,tests performed,,,,,,,,,,73,331002647,36,38,15,10,54225,1,151,11,19,25,,3,79,1
USA,North America,United States,2020-04-30,1081019,29220,27594,66028,2403,1975,3266,88,83,199,7,6,1,13246,40,54905,166,,,,,7100003,317456,21,1,249058,1,,,tests performed,,,,,,,,,,73,331002647,36,38,15,10,54225,1,151,11,19,25,,3,79,1
USA,North America,United States,2020-05-01,1115945,34926,27966,67916,1888,1936,3371,106,84,205,6,6,1,12861,39,54897,166,,,,,7431472,331469,22,1,258979,1,,,tests performed,,,,,,,,,,73,331002647,36,38,15,10,54225,1,151,11,19,25,,3,79,1
USA,North America,United States,2020-05-02,1143295,27350,27531,69621,1705,1936,3454,83,83,210,5,6,1,12904,39,54008,163,,,,,7695614,264142,23,1,266004,1,0,8,tests performed,,,,,,,,,,73,331002647,36,38,15,10,54225,1,151,11,19,25,,3,79,1
USA,North America,United States,2020-05-03,1167592,24297,27216,70739,1118,1903,3527,73,82,214,3,6,1,12724,38,52623,159,1931,6,23311,70,7908680,213066,24,1,272384,1,,,tests performed,,,,,,,,,,73,331002647,36,38,15,10,54225,1,151,11,19,25,,3,79,1
USA,North America,United States,2020-05-04,1191677,24085,27270,72063,1324,1883,3600,73,82,218,4,6,1,12701,38,52375,158,,,,,8155304,246624,25,1,275593,1,,,tests performed,,,,,,,,,,73,331002647,36,38,15,10,54225,1,151,11,19,25,,3,79,1
USA,North America,United States,2020-05-05,1216208,24531,27264,74350,2287,1892,3674,74,82,225,7,6,1,12620,38,53164,161,,,,,8471520,316216,26,1,282763,1,,,tests performed,,,,,,,,,,73,331002647,36,38,15,10,54225,1,151,11,19,25,,3,79,1
USA,North America,United States,2020-05-06,1240767,24559,26995,76699,2349,1868,3749,74,82,232,7,6,1,12480,38,52609,159,,,,,8825417,353897,27,1,291839,1,,,tests performed,,,,,,,,,,73,331002647,36,38,15,10,54225,1,151,11,19,25,,3,79,1
USA,North America,United States,2020-05-07,1268179,27412,26737,78618,1919,1799,3831,83,81,238,6,5,1,12135,37,51445,155,,,,,9185026,359609,28,1,297860,1,,,tests performed,,,,,,,,,,73,331002647,36,38,15,10,54225,1,151,11,19,25,,3,79,1
USA,North America,United States,2020-05-08,1295017,26838,25582,80367,1749,1779,3912,81,77,243,5,5,1,11786,36,49770,150,,,,,9580140,395114,29,1,306953,1,,,tests performed,,,,,,,,,,73,331002647,36,38,15,10,54225,1,151,11,19,25,,3,79,1
USA,North America,United States,2020-05-09,1320153,25136,25265,81899,1532,1754,3988,76,76,247,5,5,1,11504,35,48581,147,,,,,9904245,324105,30,1,315519,1,0,10,tests performed,,,,,,,,,,73,331002647,36,38,15,10,54225,1,151,11,19,25,,3,79,1
USA,North America,United States,2020-05-10,1339020,18867,24490,82810,911,1724,4045,57,74,250,3,5,1,11382,34,46735,141,1943,6,18995,57,10145415,241170,31,1,319534,1,,,tests performed,,,,,,,,,,73,331002647,36,38,15,10,54225,1,151,11,19,25,,3,79,1
USA,North America,United States,2020-05-11,1358291,19271,23802,83810,1000,1678,4104,58,72,253,3,5,1,11153,34,46550,141,,,,,10460206,314791,32,1,329272,1,,,tests performed,,,,,,,,,,73,331002647,36,38,15,10,54225,1,151,11,19,25,,3,79,1
USA,North America,United States,2020-05-12,1381238,22947,23576,85428,1618,1583,4173,69,71,258,5,5,1,11241,34,47343,143,,,,,10873435,413229,33,1,343131,1,,,tests performed,,,,,,,,,,73,331002647,36,38,15,10,54225,1,151,11,19,25,,3,79,1
USA,North America,United States,2020-05-13,1401646,20408,22983,87170,1742,1496,4235,62,69,263,5,5,1,10991,33,46921,142,,,,,11319191,445756,34,1,356253,1,,,tests performed,,,,,,,,,,73,331002647,36,38,15,10,54225,1,151,11,19,25,,3,79,1
USA,North America,United States,2020-05-14,1428464,26818,22898,88951,1781,1476,4316,81,69,269,5,4,1,10655,32,45923,139,,,,,11766411,447220,36,1,368769,1,,,tests performed,,,,,,,,,,73,331002647,36,38,15,10,54225,1,151,11,19,25,,3,79,1
USA,North America,United States,2020-05-15,1453211,24747,22599,90621,1670,1465,4390,75,68,274,5,4,1,10476,32,44553,135,,,,,12211133,444722,37,1,375856,1,,,tests performed,,,,,,,,,,73,331002647,36,38,15,10,54225,1,151,11,19,25,,3,79,1
USA,North America,United States,2020-05-16,1477370,24159,22460,91893,1272,1428,4463,73,68,278,4,4,1,10276,31,43515,131,,,,,12570235,359102,38,1,380856,1,0,13,tests performed,,,,,,,,,,73,331002647,36,38,15,10,54225,1,151,11,19,25,,3,79,1
USA,North America,United States,2020-05-17,1495733,18363,22388,92656,763,1407,4519,55,68,280,2,4,1,9945,30,42019,127,558,2,12050,36,12871068,300833,39,1,389379,1,,,tests performed,,,,,,,,,,73,331002647,36,38,15,10,54225,1,151,11,19,25,,3,79,1
USA,North America,United States,2020-05-18,1518123,22390,22833,93832,1176,1432,4586,68,69,283,4,4,1,9748,29,41940,127,,,,,13219253,348185,40,1,394150,1,,,tests performed,,,,,,,,,,73,331002647,36,38,15,10,54225,1,151,11,19,25,,3,79,1
USA,North America,United States,2020-05-19,1539130,21007,22556,95333,1501,1415,4650,63,68,288,5,4,1,9598,29,42023,127,,,,,13645659,426406,41,1,396032,1,,,tests performed,,,,,,,,,,73,331002647,36,38,15,10,54225,1,151,11,19,25,,3,79,1
USA,North America,United States,2020-05-20,1561827,22697,22883,96848,1515,1383,4718,69,69,293,5,4,1,9522,29,41856,126,,,,,14102030,456371,43,1,397548,1,,,tests performed,,,,,,,,,,73,331002647,36,38,15,10,54225,1,151,11,19,25,,3,79,1
USA,North America,United States,2020-05-21,1587593,25766,22733,98055,1207,1301,4796,78,69,296,4,4,1,9092,27,41359,125,,,,,14558302,456272,44,1,398842,1,,,tests performed,,,,,,,,,,73,331002647,36,38,15,10,54225,1,151,11,19,25,,3,79,1
USA,North America,United States,2020-05-22,1611249,23656,22577,99300,1245,1240,4868,71,68,300,4,4,1,9042,27,40008,121,,,,,15043527,485225,45,1,404628,1,,,tests performed,,,,,,,,,,73,331002647,36,38,15,10,54225,1,151,11,19,25,,3,79,1
USA,North America,United States,2020-05-23,1632361,21112,22142,100447,1147,1222,4932,64,67,303,3,4,1,8739,26,38625,117,,,,,15427420,383893,47,1,408169,1,0,14,tests performed,,,,,,,,,,73,331002647,36,38,15,10,54225,1,151,11,19,25,,3,79,1
USA,North America,United States,2020-05-24,1652428,20067,22385,101055,608,1200,4992,61,68,305,2,4,1,8491,26,37742,114,798,2,15345,46,15769347,341927,48,1,414040,1,,,tests performed,,,,,,,,,,73,331002647,36,38,15,10,54225,1,151,11,19,25,,3,79,1
USA,North America,United States,2020-05-25,1671100,18672,21854,101614,559,1112,5049,56,66,307,2,3,1,8467,26,37703,114,,,,,16103993,334646,49,1,412106,1,,,tests performed,,,,,,,,,,73,331002647,36,38,15,10,54225,1,151,11,19,25,,3,79,1
USA,North America,United States,2020-05-26,1690750,19650,21660,102277,663,992,5108,59,65,309,2,3,1,8580,26,37751,114,,,,,16560428,456435,50,1,416396,1,,,tests performed,,,,,,,,,,73,331002647,36,38,15,10,54225,1,151,11,19,25,,3,79,1
USA,North America,United States,2020-05-27,1709299,18549,21067,103777,1500,990,5164,56,64,314,5,3,1,8552,26,38300,116,,,,,17114265,553837,52,2,430319,1,,,tests performed,,,,,,,,,,73,331002647,36,38,15,10,54225,1,151,11,19,25,,3,79,1
USA,North America,United States,2020-05-28,1731621,22322,20575,104944,1167,984,5231,67,62,317,4,3,1,8392,25,38000,115,,,,,17648327,534062,53,2,441432,1,,,tests performed,,,,,,,,,,73,331002647,36,38,15,10,54225,1,151,11,19,25,,3,79,1
USA,North America,United States,2020-05-29,1756093,24472,20692,106111,1167,973,5305,74,63,321,4,3,1,8170,25,36942,112,,,,,18186288,537961,55,2,448966,1,,,tests performed,,,,,,,,,,73,331002647,36,38,15,10,54225,1,151,11,19,25,,3,79,1
USA,North America,United States,2020-05-30,1779726,23633,21052,107061,950,945,5377,71,64,323,3,3,1,7960,24,35759,108,,,,,18639557,453269,56,1,458877,1,0,15,tests performed,,,,,,,,,,73,331002647,36,38,15,10,54225,1,151,11,19,25,,3,79,1
USA,North America,United States,2020-05-31,1798713,18987,20898,107755,694,957,5434,57,63,326,2,3,1,7625,23,34925,106,644,2,25227,76,19011834,372277,57,1,463212,1,,,tests performed,,,,,,,,,,73,331002647,36,38,15,10,54225,1,151,11,19,25,,3,79,1
USA,North America,United States,2020-06-01,1816148,17435,20721,108536,781,989,5487,53,63,328,2,3,1,7592,23,34325,104,,,,,19448544,436710,59,1,477793,1,,,tests performed,,,,,,,,,,73,331002647,36,38,15,10,54225,1,151,11,19,25,,3,79,1
USA,North America,United States,2020-06-02,1837651,21503,20986,109576,1040,1043,5552,65,63,331,3,3,1,7410,22,33956,103,,,,,19971527,522983,60,2,487300,1,,,tests performed,,,,,,,,,,73,331002647,36,38,15,10,54225,1,151,11,19,25,,3,79,1
USA,North America,United States,2020-06-03,1857495,19844,21171,110570,994,970,5612,60,64,334,3,3,1,7229,22,33227,100,,,,,20559356,587829,62,2,492156,1,,,tests performed,,,,,,,,,,73,331002647,36,38,15,10,54225,1,151,11,19,25,,3,79,1
USA,North America,United States,2020-06-04,1879144,21649,21075,111588,1018,949,5677,65,64,337,3,3,1,7044,21,32802,99,,,,,21180170,620814,64,2,504549,2,,,tests performed,,,,,,,,,,73,331002647,36,38,15,10,54225,1,151,11,19,25,,3,79,1
USA,North America,United States,2020-06-05,1904544,25400,21207,112476,888,909,5754,77,64,340,3,3,1,6921,21,32502,98,,,,,21755134,574964,66,2,509835,2,,,tests performed,,,,,,,,,,73,331002647,36,38,15,10,54225,1,151,11,19,25,,3,79,1
USA,North America,United States,2020-06-06,1925704,21160,20854,113179,703,874,5818,64,63,342,2,3,1,6762,20,31994,97,,,,,22221611,466477,67,1,511722,2,0,16,tests performed,,,,,,,,,,73,331002647,36,38,15,10,54225,1,151,11,19,25,,3,79,1
USA,North America,United States,2020-06-07,1943620,17916,20701,113629,450,839,5872,54,63,343,1,3,1,6501,20,31490,95,512,2,7048,21,22627499,405888,68,1,516524,2,,,tests performed,,,,,,,,,,73,331002647,36,38,15,10,54225,1,151,11,19,25,,3,79,1
USA,North America,United States,2020-06-08,1961257,17637,20730,114136,507,800,5925,53,63,345,2,2,1,6398,19,31105,94,,,,,23077466,449967,70,1,518417,2,,,tests performed,,,,,,,,,,73,331002647,36,38,15,10,54225,1,151,11,19,25,,3,79,1
USA,North America,United States,2020-06-09,1979639,18382,20284,115057,921,783,5981,56,61,348,3,2,1,6453,19,31179,94,,,,,23637525,560059,71,2,523714,2,,,tests performed,,,,,,,,,,73,331002647,36,38,15,10,54225,1,151,11,19,25,,3,79,1
USA,North America,United States,2020-06-10,2000749,21110,20465,115950,893,769,6045,64,62,350,3,2,1,6256,19,30961,94,,,,,24265340,627815,73,2,529426,2,,,tests performed,,,,,,,,,,73,331002647,36,38,15,10,54225,1,151,11,19,25,,3,79,1
USA,North America,United States,2020-06-11,2023881,23132,20677,116803,853,745,6114,70,62,353,3,2,1,6075,18,29850,90,,,,,24875178,609838,75,2,527858,2,,,tests performed,,,,,,,,,,73,331002647,36,38,15,10,54225,1,151,11,19,25,,3,79,1
USA,North America,United States,2020-06-12,2048746,24865,20600,117621,818,735,6190,75,62,355,2,2,1,6009,18,29306,89,,,,,25490630,615452,77,2,533642,2,,,tests performed,,,,,,,,,,73,331002647,36,38,15,10,54225,1,151,11,19,25,,3,79,1
USA,North America,United States,2020-06-13,2073954,25208,21179,118393,772,745,6266,76,64,358,2,2,1,5883,18,28578,86,,,,,26020525,529895,79,2,542702,2,0,15,tests performed,,,,,,,,,,73,331002647,36,38,15,10,54225,1,151,11,19,25,,3,79,1
USA,North America,United States,2020-06-14,2092902,18948,21326,118708,315,726,6323,57,64,359,1,2,1,5749,17,28020,85,509,2,8055,24,26432992,412467,80,1,543642,2,,,tests performed,,,,,,,,,,73,331002647,36,38,15,10,54225,1,151,11,19,25,,3,79,1
USA,North America,United States,2020-06-15,2112721,19819,21638,119095,387,708,6383,60,65,360,1,2,1,5700,17,28034,85,,,,,26938059,505067,81,2,551513,2,,,tests performed,,,,,,,,,,69,331002647,36,38,15,10,54225,1,151,11,19,25,,3,79,1
USA,North America,United States,2020-06-16,2136391,23670,22393,119916,821,694,6454,72,68,362,2,2,1,5570,17,28370,86,,,,,27611044,672985,83,2,567646,2,,,tests performed,,,,,,,,,,69,331002647,36,38,15,10,54225,1,151,11,19,25,,3,79,1
USA,North America,United States,2020-06-17,2163449,27058,23243,120657,741,672,6536,82,70,365,2,2,1,5608,17,28647,87,,,,,28316048,705004,86,2,578673,2,,,tests performed,,,,,,,,,,69,331002647,36,38,15,10,54225,1,151,11,19,25,,3,79,1
USA,North America,United States,2020-06-18,2191971,28522,24013,121346,689,649,6622,86,73,367,2,2,1,5472,17,28538,86,,,,,29016976,700928,88,2,591685,2,,,tests performed,,,,,,,,,,69,331002647,36,38,15,10,54225,1,151,11,19,25,,3,79,1
USA,North America,United States,2020-06-19,2223531,31560,24969,122008,662,627,6718,95,75,369,2,2,1,5337,16,28693,87,,,,,29720896,703920,90,2,604324,2,,,tests performed,,,,,,,,,,69,331002647,36,38,15,10,54225,1,151,11,19,25,,3,79,1
USA,North America,United States,2020-06-20,2255800,32269,25978,122613,605,603,6815,97,78,370,2,2,1,5229,16,28084,85,,,,,30304644,583748,92,2,612017,2,0,12,tests performed,,,,,,,,,,69,331002647,36,38,15,10,54225,1,151,11,19,25,,3,79,1
USA,North America,United States,2020-06-21,2280946,25146,26863,122912,299,601,6891,76,81,371,1,2,1,5195,16,28325,86,478,1,6829,21,30728396,423752,93,1,613629,2,,,tests performed,,,,,,,,,,69,331002647,36,38,15,10,54225,1,151,11,19,25,,3,79,1
USA,North America,United States,2020-06-22,2313093,32147,28625,123301,389,601,6988,97,86,373,1,2,1,5325,16,28963,88,,,,,31271120,542724,94,2,619009,2,,,tests performed,,,,,,,,,,69,331002647,36,38,15,10,54225,1,151,11,19,25,,3,79,1
USA,North America,United States,2020-06-23,2350156,37063,30538,124142,841,604,7100,112,92,375,3,2,1,5392,16,30355,92,,,,,31971647,700527,97,2,622943,2,,,tests performed,,,,,,,,,,69,331002647,36,38,15,10,54225,1,151,11,19,25,,3,79,1
USA,North America,United States,2020-06-24,2386014,35858,31795,124899,757,606,7208,108,96,377,2,2,1,5292,16,31270,94,,,,,32737671,766024,99,2,631660,2,,,tests performed,,,,,,,,,,69,331002647,36,38,15,10,54225,1,151,11,19,25,,3,79,1
USA,North America,United States,2020-06-25,2426329,40315,33480,125441,542,585,7330,122,101,379,2,2,1,5319,16,31922,96,,,,,33511384,773713,101,2,642058,2,,,tests performed,,,,,,,,,,69,331002647,36,38,15,10,54225,1,151,11,19,25,,3,79,1
USA,North America,United States,2020-06-26,2472311,45982,35540,126070,629,580,7469,139,107,381,2,2,1,5290,16,31850,96,,,,,34317773,806389,104,2,656697,2,,,tests performed,,,,,,,,,,69,331002647,36,38,15,10,54225,1,151,11,19,25,,3,79,1
USA,North America,United States,2020-06-27,2513651,41340,36836,126578,508,566,7594,125,111,382,2,2,1,5314,16,32566,98,,,,,35011677,693904,106,2,672433,2,0,10,tests performed,,,,,,,,,,69,331002647,36,38,15,10,54225,1,151,11,19,25,,3,79,1
USA,North America,United States,2020-06-28,2554376,40725,39061,126870,292,565,7717,123,118,383,1,2,1,5252,16,32575,98,529,2,7784,24,35576992,565315,107,2,692657,2,,,tests performed,,,,,,,,,,69,331002647,36,38,15,10,54225,1,151,11,19,25,,3,79,1
USA,North America,United States,2020-06-29,2595655,41279,40366,127261,391,566,7842,125,122,384,1,2,1,5389,16,33742,102,,,,,36236028,659036,109,2,709273,2,,,tests performed,,,,,,,,,,69,331002647,36,38,15,10,54225,1,151,11,19,25,,3,79,1
USA,North America,United States,2020-06-30,2642081,46426,41704,127893,632,536,7982,140,126,386,2,2,1,5426,16,35337,107,,,,,37087997,851969,112,3,730907,2,,,tests performed,,,,,,,,,,69,331002647,36,38,15,10,54225,1,151,11,19,25,,3,79,1
USA,North America,United States,2020-07-01,2693890,51809,43982,128590,697,527,8139,157,133,388,2,2,1,5492,17,36526,110,,,,,37964359,876362,115,3,746670,2,,,tests performed,,,,,,,,,,69,331002647,36,38,15,10,54225,1,151,11,19,25,,3,79,1
USA,North America,United States,2020-07-02,2750517,56627,46313,129323,733,555,8310,171,140,391,2,2,1,5636,17,37646,114,,,,,38812528,848169,117,3,757306,2,,,tests performed,,,,,,,,,,69,331002647,36,38,15,10,54225,1,151,11,19,25,,3,79,1
USA,North America,United States,2020-07-03,2801874,51357,47080,129985,662,559,8465,155,142,393,2,2,1,5597,17,37927,115,,,,,39600026,787498,120,2,754608,2,,,tests performed,,,,,,,,,,69,331002647,36,38,15,10,54225,1,151,11,19,25,,3,79,1
USA,North America,United States,2020-07-04,2847553,45679,47700,130278,293,529,8603,138,144,394,1,2,1,5633,17,38281,116,,,,,40207560,607534,121,2,742269,2,0,10,tests performed,,,,,,,,,,69,331002647,36,38,15,10,54225,1,151,11,19,25,,3,79,1
USA,North America,United States,2020-07-05,2898322,50769,49135,130582,304,530,8756,153,148,395,1,2,1,5653,17,38872,117,537,2,8142,25,40723959,516399,123,2,735281,2,,,tests performed,,,,,,,,,,69,331002647,36,38,15,10,54225,1,151,11,19,25,,3,79,1
USA,North America,United States,2020-07-06,2941394,43072,49391,130945,363,526,8886,130,149,396,1,2,1,5678,17,39960,121,,,,,41437582,713623,125,2,743079,2,,,tests performed,,,,,,,,,,69,331002647,36,38,15,10,54225,1,151,11,19,25,,3,79,1
USA,North America,United States,2020-07-07,3002036,60642,51422,132145,1200,607,9070,183,155,399,4,2,1,5838,18,41949,127,,,,,42322139,884557,128,3,747735,2,,,tests performed,,,,,,,,,,69,331002647,36,38,15,10,54225,1,151,11,19,25,,3,79,1
USA,North America,United States,2020-07-08,3062146,60110,52608,133002,857,630,9251,182,159,402,3,2,1,5872,18,43207,131,,,,,43289155,967016,131,3,760685,2,,,tests performed,,,,,,,,,,69,331002647,36,38,15,10,54225,1,151,11,19,25,,3,79,1
USA,North America,United States,2020-07-09,3124633,62487,53445,134007,1005,669,9440,189,161,405,3,2,1,5843,18,44051,133,,,,,44280522,991367,134,3,781142,2,,,tests performed,,,,,,,,,,69,331002647,36,38,15,10,54225,1,151,11,19,25,,3,79,1
USA,North America,United States,2020-07-10,3192672,68039,55828,134820,813,691,9645,206,169,407,2,2,1,5899,18,51724,156,,,,,45276226,995704,137,3,810886,2,,,tests performed,,,,,,,,,,69,331002647,36,38,15,10,54225,1,151,11,19,25,,3,79,1
USA,North America,United States,2020-07-11,3252687,60015,57876,135531,711,750,9827,181,175,409,2,2,1,5939,18,51982,157,,,,,46103422,827196,139,2,842266,3,0,10,tests performed,,,,,,,,,,69,331002647,36,38,15,10,54225,1,151,11,19,25,,3,79,1
USA,North America,United States,2020-07-12,3311137,58450,58974,135996,465,773,10003,177,178,411,1,2,1,5930,18,52860,160,669,2,14467,44,46784190,680768,141,2,865747,3,,,tests performed,,,,,,,,,,69,331002647,36,38,15,10,54225,1,151,11,19,25,,3,79,1
USA,North America,United States,2020-07-13,3370026,58889,61233,136423,427,783,10181,178,185,412,1,2,1,6063,18,54118,163,,,,,47635342,851152,144,3,885394,3,,,tests performed,,,,,,,,,,69,331002647,36,38,15,10,54225,1,151,11,19,25,,3,79,1
USA,North America,United States,2020-07-14,3438038,68012,62286,137351,928,744,10387,205,188,415,3,2,1,6238,19,55678,168,,,,,48625345,990003,147,3,900458,3,,,tests performed,,,,,,,,,,69,331002647,36,38,15,10,54225,1,151,11,19,25,,3,79,1
USA,North America,United States,2020-07-15,3506145,68107,63428,138319,968,760,10592,206,192,418,3,2,1,6328,19,56340,170,,,,,49648900,1023555,150,3,908535,3,,,tests performed,,,,,,,,,,69,331002647,36,38,15,10,54225,1,151,11,19,25,,3,79,1
USA,North America,United States,2020-07-16,3581954,75809,65332,139281,962,753,10822,229,197,421,3,2,1,6349,19,57602,174,,,,,50656542,1007642,153,3,910860,3,,,tests performed,,,,,,,,,,69,331002647,36,38,15,10,54225,1,151,11,19,25,,3,79,1
USA,North America,United States,2020-07-17,3654203,72249,65933,140200,919,769,11040,218,199,424,3,2,1,6451,19,57871,175,,,,,51688673,1032131,156,3,916064,3,,,tests performed,,,,,,,,,,69,331002647,36,38,15,10,54225,1,151,11,19,25,,3,79,1
USA,North America,United States,2020-07-18,3716740,62537,66293,141070,870,791,11229,189,200,426,3,2,1,6397,19,57822,175,,,,,52582124,893451,159,3,925529,3,0,11,tests performed,,,,,,,,,,69,331002647,36,38,15,10,54225,1,151,11,19,25,,3,79,1
USA,North America,United States,2020-07-19,3777211,60471,66582,141540,470,792,11411,183,201,428,1,2,1,6384,19,58052,175,714,2,13329,40,53287837,705713,161,2,929092,3,,,tests performed,,,,,,,,,,69,331002647,36,38,15,10,54225,1,151,11,19,25,,3,79,1
USA,North America,United States,2020-07-20,3839293,62082,67038,142084,544,809,11599,188,203,429,2,2,1,6551,20,58518,177,,,,,54175395,887558,164,3,934293,3,,,tests performed,,,,,,,,,,67,331002647,36,38,15,10,54225,1,151,11,19,25,,3,79,1
USA,North America,United States,2020-07-21,3903780,64487,66535,143207,1123,837,11794,195,201,433,3,3,1,6717,20,59476,180,,,,,55186824,1011429,167,3,937354,3,,,tests performed,,,,,,,,,,67,331002647,36,38,15,10,54225,1,151,11,19,25,,3,79,1
USA,North America,United States,2020-07-22,3974341,70561,66885,144425,1218,872,12007,213,202,436,4,3,1,10460,32,59758,181,,,,,56277895,1091071,170,3,946999,3,,,tests performed,,,,,,,,,,67,331002647,36,38,15,10,54225,1,151,11,19,25,,3,79,1
USA,North America,United States,2020-07-23,4042769,68428,65831,145522,1097,892,12214,207,199,440,3,3,1,10423,31,59860,181,,,,,57338618,1060723,173,3,954582,3,,,tests performed,,,,,,,,,,67,331002647,36,38,15,10,54225,1,151,11,19,25,,3,79,1
USA,North America,United States,2020-07-24,4116070,73301,65981,146675,1153,925,12435,221,199,443,3,3,1,10389,31,59800,181,,,,,58388338,1049720,176,3,957095,3,,,tests performed,,,,,,,,,,67,331002647,36,38,15,10,54225,1,151,11,19,25,,3,79,1
USA,North America,United States,2020-07-25,4180969,64899,66318,147555,880,926,12631,196,200,446,3,3,1,10380,31,59382,179,,,,,59247578,859240,179,3,952208,3,0,12,tests performed,,,,,,,,,,67,331002647,36,38,15,10,54225,1,151,11,19,25,,3,79,1
USA,North America,United States,2020-07-26,4235816,54847,65515,148076,521,934,12797,166,198,447,2,3,1,10353,31,58731,177,950,3,14988,45,59908806,661228,181,2,945853,3,,,tests performed,,,,,,,,,,67,331002647,36,38,15,10,54225,1,151,11,19,25,,3,79,1
USA,North America,United States,2020-07-27,4292554,56738,64752,149208,1132,1018,12968,171,196,451,3,3,1,10328,31,58987,178,,,,,60687057,778251,183,2,930237,3,,,tests performed,,,,,,,,,,67,331002647,36,38,15,10,54225,1,151,11,19,25,,3,79,1
USA,North America,United States,2020-07-28,4359003,66449,65032,150569,1361,1052,13169,201,196,455,4,3,1,10463,32,57185,173,,,,,61628149,941092,186,3,920189,3,,,tests performed,,,,,,,,,,67,331002647,36,38,15,10,54225,1,151,11,19,25,,3,79,1
USA,North America,United States,2020-07-29,4430816,71813,65211,151991,1422,1081,13386,217,197,459,4,3,1,10535,32,57422,173,,,,,62643844,1015695,189,3,909421,3,,,tests performed,,,,,,,,,,67,331002647,36,38,15,10,54225,1,151,11,19,25,,3,79,1
USA,North America,United States,2020-07-30,4498234,67418,65066,153215,1224,1099,13590,204,197,463,4,3,1,10519,32,56571,171,,,,,63671629,1027785,192,3,904716,3,,,tests performed,,,,,,,,,,67,331002647,36,38,15,10,54225,1,151,11,19,25,,3,79,1
USA,North America,United States,2020-07-31,4566931,68697,64409,154478,1263,1115,13797,208,195,467,4,3,1,10473,32,55721,168,,,,,64645137,973508,195,3,893828,3,,,tests performed,,,,,,,,,,67,331002647,36,38,15,10,54225,1,151,11,19,25,,3,79,1
USA,North America,United States,2020-08-01,4623105,56174,63162,155574,1096,1146,13967,170,191,470,3,3,1,10450,32,54554,165,,,,,65422091,776954,198,2,882073,3,0,14,tests performed,,,,,,,,,,67,331002647,36,38,15,10,54225,1,151,11,19,25,,3,79,1
USA,North America,United States,2020-08-02,4668652,45547,61834,155988,414,1130,14105,138,187,471,1,3,1,10415,31,54106,163,945,3,17599,53,66028807,606716,199,2,874286,3,,,tests performed,,,,,,,,,,67,331002647,36,38,15,10,54225,1,151,11,19,25,,3,79,1
USA,North America,United States,2020-08-03,4714173,45521,60231,156553,565,1049,14242,138,182,473,2,3,1,10233,31,53517,162,,,,,66776751,747944,202,2,869956,3,,,tests performed,,,,,,,,,,67,331002647,36,38,15,10,54225,1,151,11,19,25,,3,79,1
USA,North America,United States,2020-08-04,4772945,58772,59135,157910,1357,1049,14420,178,179,477,4,3,1,10207,31,53436,161,,,,,67635162,858411,204,3,858145,3,,,tests performed,,,,,,,,,,67,331002647,36,38,15,10,54225,1,151,11,19,25,,3,79,1
USA,North America,United States,2020-08-05,4827393,54448,56654,159307,1397,1045,14584,164,171,481,4,3,1,9988,30,53435,161,,,,,68574160,938998,207,3,847188,3,,,tests performed,,,,,,,,,,67,331002647,36,38,15,10,54225,1,151,11,19,25,,3,79,1
USA,North America,United States,2020-08-06,4886727,59334,55499,160533,1226,1045,14763,179,168,485,4,3,1,9996,30,53219,161,,,,,69538190,964030,210,3,838080,3,,,tests performed,,,,,,,,,,67,331002647,36,38,15,10,54225,1,151,11,19,25,,3,79,1
USA,North America,United States,2020-08-07,4945996,59269,54152,161766,1233,1041,14942,179,164,489,4,3,1,9698,29,51327,155,,,,,70528690,990500,213,3,840508,3,,,tests performed,,,,,,,,,,67,331002647,36,38,15,10,54225,1,151,11,19,25,,3,79,1
USA,North America,United States,2020-08-08,5000107,54111,53857,162845,1079,1039,15106,163,163,492,3,3,1,9662,29,50071,151,,,,,71320782,792092,215,2,842670,3,0,15,tests performed,,,,,,,,,,67,331002647,36,38,15,10,54225,1,151,11,19,25,,3,79,1
USA,North America,United States,2020-08-09,5045855,45748,53886,163381,536,1056,15244,138,163,494,2,3,1,9307,28,48997,148,793,2,21064,64,71937758,616976,217,2,844136,3,,,tests performed,,,,,,,,,,67,331002647,36,38,15,10,54225,1,151,11,19,25,,3,79,1
USA,North America,United States,2020-08-10,5093475,47620,54186,163934,553,1054,15388,144,164,495,2,3,1,9209,28,48751,147,,,,,72698614,760856,220,2,845980,3,,,tests performed,,,,,,,,,,67,331002647,36,38,15,10,54225,1,151,11,19,25,,3,79,1
USA,North America,United States,2020-08-11,5141430,47955,52641,164972,1038,1009,15533,145,159,498,3,3,1,9135,28,48600,147,,,,,73579675,881061,222,3,849216,3,,,tests performed,,,,,,,,,,67,331002647,36,38,15,10,54225,1,151,11,19,25,,3,79,1
USA,North America,United States,2020-08-12,5197413,55983,52860,166484,1512,1025,15702,169,160,503,5,3,1,9564,29,48067,145,,,,,74575416,995741,225,3,857322,3,,,tests performed,,,,,,,,,,67,331002647,36,38,15,10,54225,1,151,11,19,25,,3,79,1
USA,North America,United States,2020-08-13,5248690,51277,51709,167543,1059,1001,15857,155,156,506,3,3,1,9480,29,47303,143,,,,,75531442,956026,228,3,856179,3,,,tests performed,,,,,,,,,,67,331002647,36,38,15,10,54225,1,151,11,19,25,,3,79,1
USA,North America,United States,2020-08-14,5314012,65322,52574,168875,1332,1016,16054,197,159,510,4,3,1,9277,28,45868,139,,,,,76476256,944814,231,3,849652,3,,,tests performed,,,,,,,,,,67,331002647,36,38,15,10,54225,1,151,11,19,25,,3,79,1
USA,North America,United States,2020-08-15,5360914,46902,51544,169905,1030,1009,16196,142,156,513,3,3,1,9087,27,44922,136,,,,,77228120,751864,233,2,843905,3,0,17,tests performed,,,,,,,,,,67,331002647,36,38,15,10,54225,1,151,11,19,25,,3,79,1
USA,North America,United States,2020-08-16,5400103,39189,50607,170482,577,1014,16314,118,153,515,2,3,1,8958,27,44155,133,843,3,14541,44,77781353,553233,235,2,834799,3,,,tests performed,,,,,,,,,,67,331002647,36,38,15,10,54225,1,151,11,19,25,,3,79,1
USA,North America,United States,2020-08-17,5436757,36654,49040,170940,458,1001,16425,111,148,516,1,3,1,8881,27,43614,132,,,,,78439541,658188,237,2,820132,2,,,tests performed,,,,,,,,,,67,331002647,36,38,15,10,54225,1,151,11,19,25,,3,79,1
USA,North America,United States,2020-08-18,5481755,44998,48618,172242,1302,1039,16561,136,147,520,4,3,1,8859,27,43840,132,,,,,79319423,879882,240,3,819964,2,,,tests performed,,,,,,,,,,67,331002647,36,38,15,10,54225,1,151,11,19,25,,3,79,1
USA,North America,United States,2020-08-19,5529102,47347,47384,173561,1319,1011,16704,143,143,524,4,3,1,8747,26,43406,131,,,,,80295560,976137,243,3,817163,2,,,tests performed,,,,,,,,,,67,331002647,36,38,15,10,54225,1,151,11,19,25,,3,79,1
USA,North America,United States,2020-08-20,5572890,43788,46314,174644,1083,1014,16836,132,140,528,3,3,1,8486,26,42109,127,,,,,81268949,973389,246,3,819644,2,,,tests performed,,,,,,,,,,67,331002647,36,38,15,10,54225,1,151,11,19,25,,3,79,1
USA,North America,United States,2020-08-21,5621596,48706,43941,175736,1092,980,16984,147,133,531,3,3,1,8358,25,41049,124,,,,,82207771,938822,248,3,818788,2,,,tests performed,,,,,,,,,,67,331002647,36,38,15,10,54225,1,151,11,19,25,,3,79,1
USA,North America,United States,2020-08-22,5664641,43045,43390,176706,970,972,17114,130,131,534,3,3,1,8207,25,40017,121,,,,,82984222,776451,251,2,822300,2,0,18,tests performed,,,,,,,,,,67,331002647,36,38,15,10,54225,1,151,11,19,25,,3,79,1
USA,North America,United States,2020-08-23,5698902,34261,42686,177164,458,955,17217,104,129,535,1,3,1,7949,24,39064,118,773,2,11535,35,83533224,549002,252,2,821696,2,,,tests performed,,,,,,,,,,67,331002647,36,38,15,10,54225,1,151,11,19,25,,3,79,1
USA,North America,United States,2020-08-24,5735502,36600,42678,177617,453,954,17328,111,129,537,1,3,1,7854,24,38806,117,,,,,84182452,649228,254,2,820416,2,,,tests performed,,,,,,,,,,67,331002647,36,38,15,10,54225,1,151,11,19,25,,3,79,1
USA,North America,United States,2020-08-25,5775618,40116,41980,178832,1215,941,17449,121,127,540,4,3,1,7854,24,38831,117,,,,,85062444,879992,257,3,820432,2,,,tests performed,,,,,,,,,,67,331002647,36,38,15,10,54225,1,151,11,19,25,,3,79,1
USA,North America,United States,2020-08-26,5820908,45290,41687,180059,1227,928,17586,137,126,544,4,3,1,7742,23,38515,116,,,,,86052650,990206,260,3,822441,2,,,tests performed,,,,,,,,,,67,331002647,36,38,15,10,54225,1,151,11,19,25,,3,79,1
USA,North America,United States,2020-08-27,5866093,45185,41886,181159,1100,931,17722,137,127,547,3,3,1,7712,23,37498,113,,,,,87045762,993112,263,3,825259,2,,,tests performed,,,,,,,,,,67,331002647,36,38,15,10,54225,1,151,11,19,25,,3,79,1
USA,North America,United States,2020-08-28,5913046,46953,41636,182123,964,912,17864,142,126,550,3,3,1,7564,23,37356,113,,,,,88004672,958910,266,3,828129,3,,,tests performed,,,,,,,,,,67,331002647,36,38,15,10,54225,1,151,11,19,25,,3,79,1
USA,North America,United States,2020-08-29,5955722,42676,41583,183021,898,902,17993,129,126,553,3,3,1,7413,22,36516,110,,,,,88784033,779361,268,2,828544,3,0,18,tests performed,,,,,,,,,,67,331002647,36,38,15,10,54225,1,151,11,19,25,,3,79,1
USA,North America,United States,2020-08-30,5990118,34396,41602,183464,443,900,18097,104,126,554,1,3,1,7268,22,35801,108,742,2,10080,30,89391511,607478,270,2,836898,3,,,tests performed,,,,,,,,,,67,331002647,36,38,15,10,54225,1,151,11,19,25,,3,79,1
USA,North America,United States,2020-08-31,6025593,35475,41442,184003,539,912,18204,107,125,556,2,3,1,7047,21,35453,107,,,,,90040355,648844,272,2,836843,3,,,tests performed,,,,,,,,,,67,331002647,36,38,15,10,54225,1,151,11,19,25,,3,79,1
USA,North America,United States,2020-09-01,6067260,41667,41663,185053,1050,889,18330,126,126,559,3,3,1,7084,21,35338,107,,,,,90922448,882093,275,3,837143,3,,,tests performed,,,,,,,,,,67,331002647,36,38,15,10,54225,1,151,11,19,25,,3,79,1
USA,North America,United States,2020-09-02,6108200,40940,41042,186098,1045,863,18454,124,124,562,3,3,1,7091,21,35660,108,,,,,91915603,993155,278,3,837565,3,,,tests performed,,,,,,,,,,67,331002647,36,38,15,10,54225,1,151,11,19,25,,3,79,1
USA,North America,United States,2020-09-03,6152285,44085,40885,187156,1058,857,18587,133,124,565,3,3,1,6923,21,34753,105,,,,,92921330,1005727,281,3,839367,3,,,tests performed,,,,,,,,,,67,331002647,36,38,15,10,54225,1,151,11,19,25,,3,79,1
USA,North America,United States,2020-09-04,6202700,50415,41379,188116,960,856,18739,152,125,568,3,3,1,6922,21,34177,103,,,,,93956829,1035499,284,3,850308,3,,,tests performed,,,,,,,,,,67,331002647,36,38,15,10,54225,1,151,11,19,25,,3,79,1
USA,North America,United States,2020-09-05,6245682,42982,41423,188890,774,838,18869,130,125,571,2,3,1,6766,20,33626,102,,,,,94749899,793070,286,2,852267,3,0,19,tests performed,,,,,,,,,,67,331002647,36,38,15,10,54225,1,151,11,19,25,,3,79,1
USA,North America,United States,2020-09-06,6276981,31299,40980,189303,413,834,18964,95,124,572,1,3,1,6700,20,32497,98,686,2,8507,26,95305069,555170,288,2,844794,3,,,tests performed,,,,,,,,,,67,331002647,36,38,15,10,54225,1,151,11,19,25,,3,79,1
USA,North America,United States,2020-09-07,6300449,23468,39265,189589,286,798,19034,71,119,573,1,2,1,6630,20,32116,97,,,,,95709269,404200,289,1,809845,2,,,tests performed,,,,,,,,,,67,331002647,36,38,15,10,54225,1,151,11,19,25,,3,79,1
USA,North America,United States,2020-09-08,6327884,27435,37232,190043,454,713,19117,83,112,574,1,2,1,6543,20,32339,98,,,,,96351514,642245,291,2,775581,2,,,tests performed,,,,,,,,,,67,331002647,36,38,15,10,54225,1,151,11,19,25,,3,79,1
USA,North America,United States,2020-09-09,6361638,33754,36205,191200,1157,729,19219,102,109,578,3,2,1,6659,20,32653,99,,,,,97274213,922699,294,3,765516,2,,,tests performed,,,,,,,,,,67,331002647,36,38,15,10,54225,1,151,11,19,25,,3,79,1
USA,North America,United States,2020-09-10,6397758,36120,35068,192116,916,709,19328,109,106,580,3,2,1,6522,20,32521,98,,,,,98331142,1056929,297,3,772830,2,,,tests performed,,,,,,,,,,67,331002647,36,38,15,10,54225,1,151,11,19,25,,3,79,1
USA,North America,United States,2020-09-11,6445407,47649,34672,193312,1196,742,19472,144,105,584,4,2,1,6376,19,31530,95,,,,,99400361,1069219,300,3,777647,2,,,tests performed,,,,,,,,,,67,331002647,36,38,15,10,54225,1,151,11,19,25,,3,79,1
USA,North America,United States,2020-09-12,6486484,41077,34400,194031,719,734,19596,124,104,586,2,2,1,6451,19,30758,93,,,,,100244878,844517,303,3,784997,2,0,20,tests performed,,,,,,,,,,62,331002647,36,38,15,10,54225,1,151,11,19,25,,3,79,1
USA,North America,United States,2020-09-13,6520750,34266,34824,194427,396,732,19700,104,105,587,1,2,1,6233,19,29921,90,567,2,8076,24,100860022,615144,305,2,793565,2,,,tests performed,,,,,,,,,,62,331002647,36,38,15,10,54225,1,151,11,19,25,,3,79,1
USA,North America,United States,2020-09-14,6555127,34377,36383,194841,414,750,19804,104,110,589,1,2,1,6249,19,30071,91,,,,,101550709,690687,307,2,834491,3,,,tests performed,,,,,,,,,,62,331002647,36,38,15,10,54225,1,151,11,19,25,,3,79,1
USA,North America,United States,2020-09-15,6594554,39427,38096,196127,1286,869,19923,119,115,593,4,3,1,6308,19,30427,92,,,,,102513714,963005,310,3,880314,3,,,tests performed,,,,,,,,,,62,331002647,36,38,15,10,54225,1,151,11,19,25,,3,79,1
USA,North America,United States,2020-09-16,6633389,38835,38822,197110,983,844,20040,117,117,595,3,3,1,6303,19,30345,92,,,,,103625229,1111515,313,3,907288,3,,,tests performed,,,,,,,,,,62,331002647,36,38,15,10,54225,1,151,11,19,25,,3,79,1
USA,North America,United States,2020-09-17,6678579,45190,40117,197974,864,837,20177,137,121,598,3,3,1,6285,19,30035,91,,,,,104745451,1120222,316,3,916330,3,,,tests performed,,,,,,,,,,62,331002647,36,38,15,10,54225,1,151,11,19,25,,3,79,1
USA,North America,United States,2020-09-18,6727725,49146,40331,198892,918,797,20325,148,122,601,3,2,1,6175,19,29651,90,,,,,105937771,1192320,320,4,933916,3,,,tests performed,,,,,,,,,,62,331002647,36,38,15,10,54225,1,151,11,19,25,,3,79,1
USA,North America,United States,2020-09-19,6769847,42122,40480,199605,713,796,20453,127,122,603,2,2,1,6163,19,29185,88,,,,,106846777,909006,323,3,943128,3,0,20,tests performed,,,,,,,,,,62,331002647,36,38,15,10,54225,1,151,11,19,25,,3,79,1
USA,North America,United States,2020-09-20,6808147,38300,41057,199855,250,775,20568,116,124,604,1,2,1,6100,18,28724,87,589,2,8405,25,107454849,608072,325,2,942118,3,,,tests performed,,,,,,,,,,62,331002647,36,38,15,10,54225,1,151,11,19,25,,3,79,1
USA,North America,United States,2020-09-21,6860061,51914,43562,200282,427,777,20725,157,132,605,1,2,1,6138,19,28849,87,,,,,108181377,726528,327,2,947238,3,,,tests performed,,,,,,,,,,62,331002647,36,38,15,10,54225,1,151,11,19,25,,3,79,1
USA,North America,United States,2020-09-22,6899723,39662,43596,201298,1016,739,20845,120,132,608,3,2,1,6188,19,29645,90,,,,,109175110,993733,330,3,951628,3,,,tests performed,,,,,,,,,,62,331002647,36,38,15,10,54225,1,151,11,19,25,,3,79,1
USA,North America,United States,2020-09-23,6938731,39008,43620,202379,1081,753,20963,118,132,611,3,2,1,6200,19,30015,91,,,,,110338204,1163094,333,4,958996,3,,,tests performed,,,,,,,,,,62,331002647,36,38,15,10,54225,1,151,11,19,25,,3,79,1
USA,North America,United States,2020-09-24,6985760,47029,43883,203303,924,761,21105,142,133,614,3,2,1,6274,19,30159,91,,,,,111502015,1163811,337,4,965223,3,,,tests performed,,,,,,,,,,62,331002647,36,38,15,10,54225,1,151,11,19,25,,3,79,1
USA,North America,United States,2020-09-25,7033944,48184,43746,204231,928,763,21250,146,132,617,3,2,1,6220,19,29888,90,,,,,112597510,1095495,340,3,951391,3,,,tests performed,,,,,,,,,,62,331002647,36,38,15,10,54225,1,151,11,19,25,,3,79,1
USA,North America,United States,2020-09-26,7078562,44618,44102,204986,755,769,21385,135,133,619,2,2,1,6143,19,29670,90,,,,,113505440,907930,343,3,951238,3,0,19,tests performed,,,,,,,,,,62,331002647,36,38,15,10,54225,1,151,11,19,25,,3,79,1
USA,North America,United States,2020-09-27,7116078,37516,43990,205277,291,775,21499,113,133,620,1,2,1,6170,19,29579,89,769,2,8696,26,114087613,582173,345,2,947538,3,,,tests performed,,,,,,,,,,62,331002647,36,38,15,10,54225,1,151,11,19,25,,3,79,1
USA,North America,United States,2020-09-28,7149281,33203,41317,205612,335,761,21599,100,125,621,1,2,1,6048,18,29696,90,,,,,114734511,646898,347,2,936162,3,,,tests performed,,,,,,,,,,62,331002647,36,38,15,10,54225,1,151,11,19,25,,3,79,1
USA,North America,United States,2020-09-29,7192498,43217,41825,206490,878,742,21729,131,126,624,3,2,1,6172,19,30601,92,,,,,115696978,962467,350,3,931695,3,,,tests performed,,,,,,,,,,62,331002647,36,38,15,10,54225,1,151,11,19,25,,3,79,1
USA,North America,United States,2020-09-30,7231832,39334,41872,207436,946,722,21848,119,126,627,3,2,1,6241,19,31021,94,,,,,116877189,1180211,353,4,934141,3,,,tests performed,,,,,,,,,,62,331002647,36,38,15,10,54225,1,151,11,19,25,,3,79,1
USA,North America,United States,2020-10-01,7277418,45586,41665,208289,853,712,21986,138,126,629,3,2,1,6262,19,30942,93,,,,,118061586,1184397,357,4,937082,3,,,tests performed,,,,,,,,,,62,331002647,36,38,15,10,54225,1,151,11,19,25,,3,79,1
USA,North America,United States,2020-10-02,7332238,54820,42613,209216,927,712,22152,166,129,632,3,2,1,6195,19,30880,93,,,,,119219740,1158154,360,3,946033,3,,,tests performed,,,,,,,,,,62,331002647,36,38,15,10,54225,1,151,11,19,25,,3,79,1
USA,North America,United States,2020-10-03,7380797,48559,43176,209890,674,701,22298,147,130,634,2,2,1,6073,18,30209,91,,,,,120171210,951470,363,3,952253,3,0,19,tests performed,,,,,,,,,,62,331002647,36,38,15,10,54225,1,151,11,19,25,,3,79,1
USA,North America,United States,2020-10-04,7416539,35742,42923,210247,357,710,22406,108,130,635,1,2,1,6056,18,30063,91,679,2,9423,28,120803276,632066,365,2,959380,3,,,tests performed,,,,,,,,,,62,331002647,36,38,15,10,54225,1,151,11,19,25,,3,79,1
USA,North America,United States,2020-10-05,7455962,39423,43812,210709,462,728,22525,119,132,637,1,2,1,6292,19,31426,95,,,,,121591493,788217,367,2,979569,3,,,tests performed,,,,,,,,,,62,331002647,36,38,15,10,54225,1,151,11,19,25,,3,79,1
USA,North America,United States,2020-10-06,7501009,45047,44073,211411,702,703,22661,136,133,639,2,2,1,6490,20,32726,99,,,,,122791187,1199694,371,4,1013458,3,,,tests performed,,,,,,,,,,62,331002647,36,38,15,10,54225,1,151,11,19,25,,3,79,1
USA,North America,United States,2020-10-07,7551949,50940,45731,212325,914,698,22815,154,138,641,3,2,1,6591,20,33565,101,,,,,124161472,1370285,375,4,1040612,3,,,tests performed,,,,,,,,,,62,331002647,36,38,15,10,54225,1,151,11,19,25,,3,79,1
USA,North America,United States,2020-10-08,7610451,58502,47576,213293,968,715,22992,177,144,644,3,2,1,6694,20,34446,104,,,,,125547062,1385590,379,4,1069354,3,,,tests performed,,,,,,,,,,62,331002647,36,38,15,10,54225,1,151,11,19,25,,3,79,1
USA,North America,United States,2020-10-09,7666716,56265,47783,214247,954,719,23162,170,144,647,3,2,1,6775,20,34974,106,,,,,126900667,1353605,383,4,1097275,3,,,tests performed,,,,,,,,,,62,331002647,36,38,15,10,54225,1,151,11,19,25,,3,79,1
USA,North America,United States,2020-10-10,7721622,54906,48689,214882,635,713,23328,166,147,649,2,2,1,6752,20,34700,105,,,,,127972148,1071481,387,3,1114420,3,0,18,tests performed,,,,,,,,,,62,331002647,36,38,15,10,54225,1,151,11,19,25,,3,79,1
USA,North America,United States,2020-10-11,7767500,45878,50137,215312,430,724,23467,139,151,650,1,2,1,6749,20,34609,105,824,2,9169,28,128705355,733207,389,2,1128868,3,,,tests performed,,,,,,,,,,62,331002647,36,38,15,10,54225,1,151,11,19,25,,3,79,1
USA,North America,United States,2020-10-12,7809362,41862,50486,215664,352,708,23593,126,153,652,1,2,1,6860,21,35148,106,,,,,129491206,785851,391,2,1128530,3,,,tests performed,,,,,,,,,,62,331002647,36,38,15,10,54225,1,151,11,19,25,,3,79,1
USA,North America,United States,2020-10-13,7861469,52107,51494,216450,786,720,23750,157,156,654,2,2,1,7104,21,36171,109,,,,,130522970,1031764,394,3,1104540,3,,,tests performed,,,,,,,,,,66,331002647,36,38,15,10,54225,1,151,11,19,25,,3,79,1
USA,North America,United States,2020-10-14,7921089,59620,52734,217430,980,729,23931,180,159,657,3,2,1,7236,22,37184,112,,,,,131717058,1194088,398,4,1079369,3,,,tests performed,,,,,,,,,,66,331002647,36,38,15,10,54225,1,151,11,19,25,,3,79,1
USA,North America,United States,2020-10-15,7985864,64775,53630,218259,829,709,24126,196,162,659,3,2,1,7303,22,37423,113,,,,,132965809,1248751,402,4,1059821,3,,,tests performed,,,,,,,,,,66,331002647,36,38,15,10,54225,1,151,11,19,25,,3,79,1
USA,North America,United States,2020-10-16,8054907,69043,55456,219163,904,702,24335,209,168,662,3,2,1,7333,22,37479,113,,,,,134252266,1286457,406,4,1050228,3,,,tests performed,,,,,,,,,,66,331002647,36,38,15,10,54225,1,151,11,19,25,,3,79,1
USA,North America,United States,2020-10-17,8111563,56656,55706,219916,753,719,24506,171,168,664,2,2,1,7466,23,37474,113,,,,,135333270,1081004,409,3,1051589,3,0,15,tests performed,,,,,,,,,,66,331002647,36,38,15,10,54225,1,151,11,19,25,,3,79,1
USA,North America,United States,2020-10-18,8160870,49307,56196,220365,449,722,24655,149,170,666,1,2,1,7383,22,36536,110,838,3,11836,36,136083791,750521,411,2,1054062,3,,,tests performed,,,,,,,,,,66,331002647,36,38,15,10,54225,1,151,11,19,25,,3,79,1
USA,North America,United States,2020-10-19,8228585,67715,59889,220828,463,738,24860,205,181,667,1,2,1,8063,24,37976,115,,,,,136925135,841344,414,3,1061990,3,,,tests performed,,,,,,,,,,66,331002647,36,38,15,10,54225,1,151,11,19,25,,3,79,1
USA,North America,United States,2020-10-20,8290408,61823,61277,221747,919,757,25046,187,185,670,3,2,1,8206,25,39391,119,,,,,138155797,1230662,417,4,1090404,3,,,tests performed,,,,,,,,,,66,331002647,36,38,15,10,54225,1,151,11,19,25,,3,79,1
USA,North America,United States,2020-10-21,8353581,63173,61785,222911,1164,783,25237,191,187,673,4,2,1,8291,25,40397,122,,,,,139582157,1426360,422,4,1123586,3,,,tests performed,,,,,,,,,,66,331002647,36,38,15,10,54225,1,151,11,19,25,,3,79,1
USA,North America,United States,2020-10-22,8429792,76211,63418,223781,870,789,25467,230,192,676,3,2,1,8180,25,41114,124,,,,,141064873,1482716,426,4,1157009,3,,,tests performed,,,,,,,,,,66,331002647,36,38,15,10,54225,1,151,11,19,25,,3,79,1
USA,North America,United States,2020-10-23,8511514,81722,65230,224733,952,796,25714,247,197,679,3,2,1,8342,25,41614,126,,,,,142493600,1428727,430,4,1177333,4,,,tests performed,,,,,,,,,,66,331002647,36,38,15,10,54225,1,151,11,19,25,,3,79,1
USA,North America,United States,2020-10-24,8594218,82704,68951,225673,940,822,25964,250,208,682,3,2,1,8675,26,42087,127,,,,,143629101,1135501,434,3,1185119,4,0,14,tests performed,,,,,,,,,,66,331002647,36,38,15,10,54225,1,151,11,19,25,,3,79,1
USA,North America,United States,2020-10-25,8656238,62020,70767,226066,393,814,26152,187,214,683,1,2,1,8590,26,41883,127,1029,3,26498,80,144400628,771527,436,2,1188120,4,,,tests performed,,,,,,,,,,66,331002647,36,38,15,10,54225,1,151,11,19,25,,3,79,1
USA,North America,United States,2020-10-26,8723553,67315,70710,226558,492,819,26355,203,214,684,1,2,1,8946,27,42988,130,,,,,145323400,922772,439,3,1199752,4,,,tests performed,,,,,,,,,,62,331002647,36,38,15,10,54225,1,151,11,19,25,,3,79,1
USA,North America,United States,2020-10-27,8800136,76583,72818,227521,963,825,26586,231,220,687,3,2,1,8985,27,44391,134,,,,,146618426,1295026,443,4,1208947,4,,,tests performed,,,,,,,,,,62,331002647,36,38,15,10,54225,1,151,11,19,25,,3,79,1
USA,North America,United States,2020-10-28,8879326,79190,75106,228531,1010,803,26826,239,227,690,3,2,1,9133,28,45214,137,,,,,148052372,1433946,447,4,1210031,4,,,tests performed,,,,,,,,,,62,331002647,36,38,15,10,54225,1,151,11,19,25,,3,79,1
USA,North America,United States,2020-10-29,8970125,90799,77190,229498,967,817,27100,274,233,693,3,2,1,9320,28,46191,140,,,,,149482292,1429920,452,4,1202488,4,,,tests performed,,,,,,,,,,62,331002647,36,38,15,10,54225,1,151,11,19,25,,3,79,1
USA,North America,United States,2020-10-30,9069103,98978,79656,230531,1033,828,27399,299,241,696,3,3,1,9550,29,46880,142,,,,,150957395,1475103,456,4,1209114,4,,,tests performed,,,,,,,,,,62,331002647,36,38,15,10,54225,1,151,11,19,25,,3,79,1
USA,North America,United States,2020-10-31,9158771,89668,80650,231420,889,821,27670,271,244,699,3,2,1,9613,29,47486,143,,,,,152149783,1192388,460,4,1217240,4,0,12,tests performed,,,,,,,,,,62,331002647,36,38,15,10,54225,1,151,11,19,25,,3,79,1
USA,North America,United States,2020-11-01,9263564,104793,86761,231851,431,826,27986,317,262,700,1,2,1,9665,29,47615,144,1037,3,14454,44,153026794,877011,462,3,1232309,4,,,tests performed,,,,,,,,,,62,331002647,36,38,15,10,54225,1,151,11,19,25,,3,79,1
USA,North America,United States,2020-11-02,9348673,85109,89303,232397,546,834,28243,257,270,702,2,3,1,9957,30,48750,147,,,,,154011651,984857,465,3,1241179,4,,,tests performed,,,,,,,,,,62,331002647,36,38,15,10,54225,1,151,11,19,25,,3,79,1
USA,North America,United States,2020-11-03,9475593,126920,96494,233960,1563,920,28627,383,292,707,5,3,1,10538,32,50509,153,,,,,155334766,1323115,469,4,1245191,4,,,tests performed,,,,,,,,,,62,331002647,36,38,15,10,54225,1,151,11,19,25,,3,79,1
USA,North America,United States,2020-11-04,9579978,104385,100093,235054,1094,932,28942,315,302,710,3,3,1,10892,33,52166,158,,,,,156908951,1574185,474,5,1265226,4,,,tests performed,,,,,,,,,,62,331002647,36,38,15,10,54225,1,151,11,19,25,,3,79,1
USA,North America,United States,2020-11-05,9709076,129098,105564,236194,1140,957,29332,390,319,714,3,3,1,11050,33,53380,161,,,,,158544808,1635857,479,5,1294645,4,,,tests performed,,,,,,,,,,62,331002647,36,38,15,10,54225,1,151,11,19,25,,3,79,1
USA,North America,United States,2020-11-06,9836826,127750,109675,237383,1189,979,29718,386,331,717,4,3,1,11213,34,55005,166,,,,,160165991,1621183,484,5,1315514,4,,,tests performed,,,,,,,,,,62,331002647,36,38,15,10,54225,1,151,11,19,25,,3,79,1
USA,North America,United States,2020-11-07,9964034,127208,115038,238393,1010,996,30103,384,348,720,3,3,1,11215,34,56037,169,,,,,161578253,1412262,488,4,1346924,4,0,9,tests performed,,,,,,,,,,62,331002647,36,38,15,10,54225,1,151,11,19,25,,3,79,1
USA,North America,United States,2020-11-08,10079115,115081,116507,238888,495,1005,30450,348,352,722,1,3,1,11223,34,56942,172,1362,4,17123,52,162559695,981442,491,3,1361843,4,,,tests performed,,,,,,,,,,62,331002647,36,38,15,10,54225,1,151,11,19,25,,3,79,1
USA,North America,United States,2020-11-09,10199575,120460,121557,239592,704,1028,30814,364,367,724,2,3,1,11636,35,59342,179,,,,,163742447,1182752,495,4,1390114,4,,,tests performed,,,,,,,,,,65,331002647,36,38,15,10,54225,1,151,11,19,25,,3,79,1
USA,North America,United States,2020-11-10,10339806,140231,123459,240965,1373,1001,31238,424,373,728,4,3,1,12057,36,62119,188,,,,,165222232,1479785,499,4,1412495,4,,,tests performed,,,,,,,,,,65,331002647,36,38,15,10,54225,1,151,11,19,25,,3,79,1
USA,North America,United States,2020-11-11,10486184,146378,129458,242387,1422,1048,31680,442,391,732,4,3,1,12626,38,65549,198,,,,,166936251,1714019,504,5,1432471,4,,,tests performed,,,,,,,,,,65,331002647,36,38,15,10,54225,1,151,11,19,25,,3,79,1
USA,North America,United States,2020-11-12,10650570,164386,134499,243564,1177,1053,32177,497,406,736,4,3,1,12917,39,67236,203,,,,,168726522,1790271,510,5,1454531,4,,,tests performed,,,,,,,,,,65,331002647,36,38,15,10,54225,1,151,11,19,25,,3,79,1
USA,North America,United States,2020-11-13,10830756,180186,141990,244740,1176,1051,32721,544,429,739,4,3,1,13280,40,68585,207,,,,,170574721,1848199,515,6,1486961,4,,,tests performed,,,,,,,,,,65,331002647,36,38,15,10,54225,1,151,11,19,25,,3,79,1
USA,North America,United States,2020-11-14,10998298,167542,147752,246002,1262,1087,33227,506,446,743,4,3,1,13491,41,69588,210,,,,,172144176,1569455,520,5,1509418,5,0,8,tests performed,,,,,,,,,,65,331002647,36,38,15,10,54225,1,151,11,19,25,,3,79,1
USA,North America,United States,2020-11-15,11134448,136150,150762,246652,650,1109,33639,411,455,745,2,3,1,13849,42,70202,212,1450,4,22098,67,173318247,1174071,524,4,1536936,5,,,tests performed,,,,,,,,,,65,331002647,36,38,15,10,54225,1,151,11,19,25,,3,79,1
USA,North America,United States,2020-11-16,11296951,162503,156768,247401,749,1116,34129,491,474,747,2,3,1,14471,44,73320,222,,,,,174758340,1440093,528,4,1573699,5,,,tests performed,,,,,,,,,,75,331002647,36,38,15,10,54225,1,151,11,19,25,,3,79,1
USA,North America,United States,2020-11-17,11460388,163437,160083,249082,1681,1160,34623,494,484,753,5,4,1,15009,45,77047,233,,,,,176589970,1831630,534,6,1623963,5,,,tests performed,,,,,,,,,,75,331002647,36,38,15,10,54225,1,151,11,19,25,,3,79,1
USA,North America,United States,2020-11-18,11633255,172867,163867,250960,1878,1225,35146,522,495,758,6,4,1,15557,47,79478,240,,,,,178620153,2030183,540,6,1669129,5,,,tests performed,,,,,,,,,,75,331002647,36,38,15,10,54225,1,151,11,19,25,,3,79,1
USA,North America,United States,2020-11-19,11824408,191153,167691,252935,1975,1339,35723,577,507,764,6,4,1,15759,48,80669,244,,,,,180624749,2004596,546,6,1699747,5,,,tests performed,,,,,,,,,,75,331002647,36,38,15,10,54225,1,151,11,19,25,,3,79,1
USA,North America,United States,2020-11-20,12022364,197956,170230,254820,1885,1440,36321,598,514,770,6,4,1,16146,49,82318,249,,,,,182700440,2075691,552,6,1732246,5,,,tests performed,,,,,,,,,,75,331002647,36,38,15,10,54225,1,151,11,19,25,,3,79,1
USA,North America,United States,2020-11-21,12201487,179123,171884,256301,1481,1471,36862,541,519,774,4,4,1,16264,49,83346,252,,,,,184491797,1791357,557,5,1763946,5,0,9,tests performed,,,,,,,,,,75,331002647,36,38,15,10,54225,1,151,11,19,25,,3,79,1
USA,North America,United States,2020-11-22,12348137,146650,173384,257184,883,1505,37305,443,524,777,3,5,1,16411,50,83882,253,1559,5,25171,76,185880481,1388684,562,4,1794605,5,,,tests performed,,,,,,,,,,75,331002647,36,38,15,10,54225,1,151,11,19,25,,3,79,1
USA,North America,United States,2020-11-23,12522119,173982,175024,258140,956,1534,37831,526,529,780,3,5,1,17060,52,85945,260,,,,,187507106,1626625,566,5,1821252,6,,,tests performed,,,,,,,,,,75,331002647,36,38,15,10,54225,1,151,11,19,25,,3,79,1
USA,North America,United States,2020-11-24,12697162,175043,176682,260250,2110,1595,38360,529,534,786,6,5,1,17317,52,88132,266,,,,,189395767,1888661,572,6,1829400,6,,,tests performed,,,,,,,,,,75,331002647,36,38,15,10,54225,1,151,11,19,25,,3,79,1
USA,North America,United States,2020-11-25,12879847,182685,178085,262534,2284,1653,38912,552,538,793,7,5,1,17738,54,90043,272,,,,,191537925,2142158,579,6,1845396,6,,,tests performed,,,,,,,,,,75,331002647,36,38,15,10,54225,1,151,11,19,25,,3,79,1
USA,North America,United States,2020-11-26,12991459,111612,166722,263768,1234,1548,39249,337,504,797,4,5,1,18019,54,90564,274,,,,,193004515,1466590,583,4,1768538,5,,,tests performed,,,,,,,,,,75,331002647,36,38,15,10,54225,1,151,11,19,25,,3,79,1
USA,North America,United States,2020-11-27,13199466,208007,168157,265196,1428,1482,39877,628,508,801,4,4,1,18056,55,89913,272,,,,,194469953,1465438,588,4,1681359,5,,,tests performed,,,,,,,,,,75,331002647,36,38,15,10,54225,1,151,11,19,25,,3,79,1
USA,North America,United States,2020-11-28,13354901,155435,164773,266428,1232,1447,40347,470,498,805,4,4,1,18249,55,91762,277,,,,,195773151,1303198,591,4,1611622,5,0,8,tests performed,,,,,,,,,,75,331002647,36,38,15,10,54225,1,151,11,19,25,,3,79,1
USA,North America,United States,2020-11-29,13494948,140047,163830,267270,842,1441,40770,423,495,807,3,4,1,18437,56,93357,282,1446,4,23723,72,196908856,1135705,595,3,1575482,5,,,tests performed,,,,,,,,,,75,331002647,36,38,15,10,54225,1,151,11,19,25,,3,79,1
USA,North America,United States,2020-11-30,13655181,160233,161866,268469,1199,1476,41254,484,489,811,4,4,1,18807,57,96134,290,,,,,198333797,1424941,599,4,1546670,5,,,tests performed,,,,,,,,,,75,331002647,36,38,15,10,54225,1,151,11,19,25,,3,79,1
USA,North America,United States,2020-12-01,13842693,187512,163647,271030,2561,1540,41820,566,494,819,8,5,1,19292,58,98736,298,,,,,200121005,1787208,605,5,1532177,5,,,tests performed,,,,,,,,,,75,331002647,36,38,15,10,54225,1,151,11,19,25,,3,79,1
USA,North America,United States,2020-12-02,14044565,201872,166388,273814,2784,1611,42430,610,503,827,8,5,1,19687,59,100327,303,,,,,202165198,2044193,611,6,1518182,5,,,tests performed,,,,,,,,,,72,331002647,36,38,15,10,54225,1,151,11,19,25,,3,79,1
USA,North America,United States,2020-12-03,14266847,222282,182198,276663,2849,1842,43102,672,550,836,9,6,1,19714,60,100746,304,,,,,204284785,2119587,617,6,1611467,5,,,tests performed,,,,,,,,,,72,331002647,36,38,15,10,54225,1,151,11,19,25,,3,79,1
USA,North America,United States,2020-12-04,14498883,232036,185631,279276,2613,2011,43803,701,561,844,8,6,1,19853,60,101309,306,,,,,206359720,2074935,623,6,1698538,5,,,tests performed,,,,,,,,,,72,331002647,36,38,15,10,54225,1,151,11,19,25,,3,79,1
USA,North America,United States,2020-12-05,14713624,214741,194103,281478,2202,2150,44452,649,586,850,7,6,1,19947,60,101192,306,,,,,208021033,1661313,628,5,1749697,5,0,7,tests performed,,,,,,,,,,72,331002647,36,38,15,10,54225,1,151,11,19,25,,3,79,1
USA,North America,United States,2020-12-06,14894418,180794,199924,282603,1125,2190,44998,546,604,854,3,7,1,20145,61,101501,307,1672,5,29395,89,209304941,1283908,632,4,1770869,5,,,tests performed,,,,,,,,,,72,331002647,36,38,15,10,54225,1,151,11,19,25,,3,79,1
USA,North America,United States,2020-12-07,15089009,194591,204833,284058,1455,2227,45586,588,619,858,4,7,1,20097,61,102122,309,,,,,210812731,1507790,637,5,1782705,5,,,tests performed,,,,,,,,,,72,331002647,36,38,15,10,54225,1,151,11,19,25,,3,79,1
USA,North America,United States,2020-12-08,15312876,223867,210026,286608,2550,2225,46262,676,635,866,8,7,1,20475,62,104637,316,,,,,212676022,1863291,643,6,1793574,5,,,tests performed,,,,,,,,,,72,331002647,36,38,15,10,54225,1,151,11,19,25,,3,79,1
USA,North America,United States,2020-12-09,15534536,221660,212853,289663,3055,2264,46932,670,643,875,9,7,1,20903,63,106671,322,,,,,214755063,2079041,649,6,1798552,5,,,tests performed,,,,,,,,,,72,331002647,36,38,15,10,54225,1,151,11,19,25,,3,79,1
USA,North America,United States,2020-12-10,15765165,230629,214045,292549,2886,2269,47629,697,647,884,9,7,1,21024,64,107300,324,,,,,216884001,2128938,655,6,1799888,5,,,tests performed,,,,,,,,,,72,331002647,36,38,15,10,54225,1,151,11,19,25,,3,79,1
USA,North America,United States,2020-12-11,16003837,238672,214993,295861,3312,2369,48350,721,650,894,10,7,1,21012,63,108101,327,,,,,218895852,2011851,661,6,1790876,5,,,tests performed,,,,,,,,,,72,331002647,36,38,15,10,54225,1,151,11,19,25,,3,79,1
USA,North America,United States,2020-12-12,16220250,216413,215232,298157,2296,2383,49003,654,650,901,7,7,1,21198,64,108461,328,,,,,220591405,1695553,666,5,1795767,5,0,8,tests performed,,,,,,,,,,72,331002647,36,38,15,10,54225,1,151,11,19,25,,3,79,1
USA,North America,United States,2020-12-13,16407679,187429,216180,299536,1379,2419,49570,566,653,905,4,7,1,21230,64,109298,330,1548,5,29135,88,221821971,1230566,670,4,1788147,5,,,tests performed,,,,,,,,,,72,331002647,36,38,15,10,54225,1,151,11,19,25,,3,79,1
USA,North America,United States,2020-12-14,16600830,193151,215974,301021,1485,2423,50153,584,652,909,4,7,1,21458,65,110573,334,,,,,223313371,1491400,675,5,1785806,5,,,tests performed,,,,,,,,,,72,331002647,36,38,15,10,54225,1,151,11,19,25,,3,79,1
USA,North America,United States,2020-12-15,16810019,209189,213878,304083,3062,2496,50785,632,646,919,9,8,1,21897,66,112816,341,,,,,225223778,1910407,680,6,1792537,5,,,tests performed,,,,,,,,,,72,331002647,36,38,15,10,54225,1,151,11,19,25,,3,79,1
USA,North America,United States,2020-12-16,17055759,245740,217318,307755,3672,2585,51528,742,657,930,11,8,1,21943,66,113257,342,,,,,227240400,2016622,687,6,1783620,5,,,tests performed,,,,,,,,,,72,331002647,36,38,15,10,54225,1,151,11,19,25,,3,79,1
USA,North America,United States,2020-12-17,17294836,239077,218524,311101,3346,2650,52250,722,660,940,10,8,1,21912,66,114492,346,,,,,229230880,1990480,693,6,1763840,5,,,tests performed,,,,,,,,,,72,331002647,36,38,15,10,54225,1,151,11,19,25,,3,79,1
USA,North America,United States,2020-12-18,17545869,251033,220290,313898,2797,2577,53008,758,666,948,8,8,1,21745,66,113955,344,,,,,231193132,1962252,698,6,1756754,5,,,tests performed,,,,,,,,,,72,331002647,36,38,15,10,54225,1,151,11,19,25,,3,79,1
USA,North America,United States,2020-12-19,17737484,191615,216748,316382,2484,2604,53587,579,655,956,8,8,1,21692,66,113914,344,,,,,232855016,1661884,703,5,1751944,5,0,8,tests performed,,,,,,,,,,72,331002647,36,38,15,10,54225,1,151,11,19,25,,3,79,1
USA,North America,United States,2020-12-20,17925033,187549,216765,317877,1495,2620,54154,567,655,960,5,8,1,21763,66,113601,343,1536,5,28859,87,234103387,1248371,707,4,1754488,5,,,tests performed,556208,556208,,,,0,0,,,72,331002647,36,38,15,10,54225,1,151,11,19,25,,3,79,1
USA,North America,United States,2020-12-21,18123641,198608,217544,319664,1787,2663,54754,600,657,966,5,8,1,21884,66,115358,349,,,,,235572588,1469201,712,4,1751317,5,,,tests performed,614117,614117,,57909,57909,0,0,,175,72,331002647,36,38,15,10,54225,1,151,11,19,25,,3,79,1
USA,North America,United States,2020-12-22,18320881,197240,215837,323037,3373,2708,55350,596,652,976,10,8,1,22213,67,117777,356,,,,,237488030,1915442,717,6,1752036,5,,,tests performed,,,,,127432,,,,385,72,331002647,36,38,15,10,54225,1,151,11,19,25,,3,79,1
USA,North America,United States,2020-12-23,18549642,228761,213412,326391,3354,2662,56041,691,645,986,10,8,1,22489,68,119463,361,,,,,239668587,2180557,724,7,1775455,5,,,tests performed,1008025,1008025,,,150606,0,0,,455,72,331002647,36,38,15,10,54225,1,151,11,19,25,,3,79,1
USA,North America,United States,2020-12-24,18742803,193161,206852,329258,2867,2594,56624,584,625,995,9,8,1,22623,68,120200,363,,,,,241493744,1825157,730,6,1751838,5,,,tests performed,,,,,191001,,,,577,72,331002647,36,38,15,10,54225,1,151,11,19,25,,3,79,1
USA,North America,United States,2020-12-25,18839532,96729,184809,330434,1176,2362,56917,292,558,998,4,7,1,22418,68,118948,359,,,,,242555665,1061921,733,3,1623219,5,,,tests performed,,,,,215238,,,,650,72,331002647,36,38,15,10,54225,1,151,11,19,25,,3,79,1
USA,North America,United States,2020-12-26,19066376,226844,189842,332075,1641,2242,57602,685,574,1003,5,7,1,22373,68,117344,355,,,,,243524796,969131,736,3,1524254,5,0,8,tests performed,1944585,1944585,,,231396,1,1,,699,72,331002647,36,38,15,10,54225,1,151,11,19,25,,3,79,1
USA,North America,United States,2020-12-27,19222064,155688,185290,333289,1214,2202,58072,470,560,1007,4,7,1,22447,68,118720,359,1134,3,23403,71,244451308,926512,739,3,1478274,4,,,tests performed,,,,,211379,,,,639,72,331002647,36,38,15,10,54225,1,151,11,19,25,,3,79,1
USA,North America,United States,2020-12-28,19396237,174173,181799,335130,1841,2209,58598,526,549,1012,6,7,1,22579,68,121202,366,,,,,245692910,1241602,742,4,1445760,4,,,tests performed,2127143,2127143,,,216147,1,1,,653,72,331002647,36,38,15,10,54225,1,151,11,19,25,,3,79,1
USA,North America,United States,2020-12-29,19595117,198880,182034,338793,3663,2251,59199,601,550,1024,11,7,1,22838,69,124686,377,,,,,247489446,1796536,748,5,1428774,4,,,tests performed,,,,,235685,,,,712,72,331002647,36,38,15,10,54225,1,151,11,19,25,,3,79,1
USA,North America,United States,2020-12-30,19827133,232016,182499,342542,3749,2307,59900,701,551,1035,11,7,1,23069,70,125220,378,,,,,249630613,2141167,754,6,1423147,4,,,tests performed,2794588,2794588,,,255223,1,1,,771,72,331002647,36,38,15,10,54225,1,151,11,19,25,,3,79,1
USA,North America,United States,2020-12-31,20061049,233916,188321,345955,3413,2385,60607,707,569,1045,10,7,1,23097,70,125423,379,,,,,251499573,1868960,760,6,1429404,4,,,tests performed,,,,,278776,,,,842,72,331002647,36,38,15,10,54225,1,151,11,19,25,,3,79,1
USA,North America,United States,2021-01-01,20213393,152344,196266,347982,2027,2507,61067,460,593,1051,6,8,1,23255,70,125047,378,,,,,252702735,1203162,763,4,1449581,4,,,tests performed,,,,,302329,,,,913,72,331002647,36,38,15,10,54225,1,151,11,19,25,,3,79,1
USA,North America,United States,2021-01-02,20513675,300282,206757,350310,2328,2605,61974,907,625,1058,7,8,1,23133,70,123614,373,,,,,253764960,1062225,767,3,1462881,4,0,6,tests performed,4225756,4225756,,,325882,1,1,,985,72,331002647,36,38,15,10,54225,1,151,11,19,25,,3,79,1
USA,North America,United States,2021-01-03,20722231,208556,214310,351657,1347,2624,62604,630,647,1062,4,8,1,23243,70,125562,379,1269,4,28673,87,254760918,995958,770,3,1472801,4,,,tests performed,,,,,336949,,,,1018,72,331002647,36,38,15,10,54225,1,151,11,19,25,,3,79,1
USA,North America,United States,2021-01-04,20906021,183790,215683,353652,1995,2646,63160,555,652,1068,6,8,1,23435,71,128210,387,,,,,256073087,1312169,774,4,1482882,4,0,7,tests performed,4563260,4563260,,,348017,1,1,,1051,72,331002647,36,38,15,10,54225,1,151,11,19,25,,3,79,1
USA,North America,United States,2021-01-05,21139547,233526,220633,357402,3750,2658,63865,706,667,1080,11,8,1,23509,71,131195,396,,,,,257897436,1824349,779,6,1486856,4,,,tests performed,4836469,4836469,,273209,339372,1,1,,1025,72,331002647,36,38,15,10,54225,1,151,11,19,25,,3,79,1
USA,North America,United States,2021-01-06,21393464,253917,223762,361292,3890,2679,64632,767,676,1092,12,8,1,23708,72,132474,400,,,,,260065612,2168176,786,7,1490714,5,,,tests performed,5306797,5306797,,470328,358887,2,2,,1084,72,331002647,36,38,15,10,54225,1,151,11,19,25,,3,79,1
USA,North America,United States,2021-01-07,21670202,276738,229879,365242,3950,2755,65468,836,694,1103,12,8,1,23821,72,132370,400,,,,,262176484,2110872,792,6,1525273,5,,,tests performed,5919418,5919418,,612621,378253,2,2,,1143,72,331002647,36,38,15,10,54225,1,151,11,19,25,,3,79,1
USA,North America,United States,2021-01-08,21962246,292044,249836,369279,4037,3042,66351,882,755,1116,12,9,1,23912,72,131921,399,,,,,264195039,2018555,798,6,1641758,5,,,tests performed,6688231,6688231,,768813,419933,2,2,,1269,72,331002647,36,38,15,10,54225,1,151,11,19,25,,3,79,1
USA,North America,United States,2021-01-09,22224220,261974,244364,372530,3251,3174,67142,791,738,1125,10,10,1,23718,72,130781,395,,,,,265828297,1633258,803,5,1723334,5,,,tests performed,,,,,461263,,,,1394,72,331002647,36,38,15,10,54225,1,151,11,19,25,,3,79,1
USA,North America,United States,2021-01-10,22437501,213281,245039,374354,1824,3242,67786,644,740,1131,6,10,1,23640,71,129223,390,1273,4,33902,102,266935333,1107036,806,3,1739202,5,,,tests performed,,,,,546636,,,,1651,72,331002647,36,38,15,10,54225,1,151,11,19,25,,3,79,1
USA,North America,United States,2021-01-11,22651464,213963,249349,376360,2006,3244,68433,646,753,1137,6,10,1,23501,71,129793,392,,,,,268352373,1417040,811,4,1754184,5,0,8,tests performed,8987322,8987322,,,632009,3,3,,1909,72,331002647,36,38,15,10,54225,1,151,11,19,25,,3,79,1
USA,North America,United States,2021-01-12,22877702,226238,248308,380826,4466,3346,69116,683,750,1151,13,10,1,23881,72,131326,397,,,,,270226548,1874175,816,6,1761302,5,,,tests performed,9327138,9327138,,339816,641524,3,3,,1938,72,331002647,36,38,15,10,54225,1,151,11,19,25,,3,79,1
USA,North America,United States,2021-01-13,23107573,229871,244873,384790,3964,3357,69811,694,740,1162,12,10,1,23857,72,130391,394,,,,,272163074,1936526,822,6,1728209,5,,,tests performed,10278462,,,951324,710238,3,,,2146,72,331002647,36,38,15,10,54225,1,151,11,19,25,,3,79,1
USA,North America,United States,2021-01-14,23342548,234975,238907,388720,3930,3354,70521,710,722,1174,12,10,1,23891,72,128947,390,,,,,274086599,1923525,828,6,1701445,5,,,tests performed,11148991,9690757,1342086,870529,747082,3,3,0,2257,72,331002647,36,38,15,10,54225,1,151,11,19,25,,3,79,1
USA,North America,United States,2021-01-15,23583255,240707,231573,392525,3805,3321,71248,727,700,1186,11,10,1,23593,71,127235,384,,,,,275965646,1879047,834,6,1681515,5,,,tests performed,12279180,10595866,1610524,1130189,798707,4,3,0,2413,72,331002647,36,38,15,10,54225,1,151,11,19,25,,3,79,1
USA,North America,United States,2021-01-16,23784019,200764,222828,395877,3352,3335,71854,607,673,1196,10,10,,23524,71,126139,381,,,,,277427080,1461434,838,4,1656969,5,,,tests performed,,,,,811670,,,,2452,72,331002647,36,38,15,10,54225,1,151,11,19,25,,3,79,1
USA,North America,United States,2021-01-17,23961423,177404,217703,397628,1751,3325,72390,536,658,1201,5,10,,23432,71,124387,376,1158,3,27012,82,278422748,995668,841,3,1641059,5,,,tests performed,,,,,824632,,,,2491,72,331002647,36,38,15,10,54225,1,151,11,19,25,,3,79,1
USA,North America,United States,2021-01-18,24104028,142605,207509,399033,1405,3239,72821,431,627,1206,4,10,,23226,70,123848,374,,,,,279495098,1072350,844,3,1591818,5,,,tests performed,,,,,837595,,,,2530,72,331002647,36,38,15,10,54225,1,151,11,19,25,,3,79,1
USA,North America,United States,2021-01-19,24281012,176984,200473,401807,2774,2997,73356,535,606,1214,8,9,,23029,70,123820,374,,,,,280936325,1441227,849,4,1529968,5,,,tests performed,15707588,13595803,2023124,,911493,5,4,1,2754,72,331002647,36,38,15,10,54225,1,151,11,19,25,,3,79,1
USA,North America,United States,2021-01-20,24463591,182579,193717,406184,4377,3056,73908,552,585,1227,13,9,,22809,69,122700,371,,,,,282428907,1492582,853,5,1466548,4,,,tests performed,16525281,14270441,2161419,817693,892403,5,4,1,2696,72,331002647,36,38,15,10,54225,1,151,11,19,25,,3,79,1
USA,North America,United States,2021-01-21,24656646,193055,187728,410387,4203,3095,74491,583,567,1240,13,9,,22309,67,119949,362,,,,,283521441,1092534,857,3,1347835,4,,,tests performed,17546374,15053257,2394961,1021093,913912,5,5,1,2761,72,331002647,36,38,15,10,54225,1,151,11,19,25,,3,79,1
USA,North America,United States,2021-01-22,24846678,190032,180489,414147,3760,3089,75065,574,545,1251,11,9,,22008,66,116264,351,,,,,,,,,,,,,,19107959,16243093,2756953,1561585,975540,6,5,1,2947,72,331002647,36,38,15,10,54225,1,151,11,19,25,,3,79,1
USA,North America,United States,2021-01-23,25016816,170138,176114,417476,3329,3086,75579,514,532,1261,10,9,,,,,,,,,,,,,,,,,,,20537990,17390345,3027865,1430031,1057387,6,5,1,3194,72,331002647,36,38,15,10,54225,1,151,11,19,25,,3,79,1
USA,North America,United States,2021-01-24,25147891,131075,169495,419251,1775,3089,75975,396,512,1267,5,9,,,,,,,,,,,,,,,,,,,21848655,18502131,3216836,1310665,1122182,7,6,1,3390,72,331002647,36,38,15,10,54225,1,151,11,19,25,,3,79,1
USA,North America,United States,2021-01-25,25298986,151095,170708,421168,1917,3162,76431,456,516,1272,6,10,,,,,,,,,,,,,,,,,,,22734243,19252279,3346390,885588,1126251,7,6,1,3403,72,331002647,36,38,15,10,54225,1,151,11,19,25,,3,79,1
USA,North America,United States,2021-01-26,25445583,146597,166367,425252,4084,3349,76874,443,503,1285,12,10,,,,,,,,,,,,,,,,,,,23540994,19902237,3481921,806751,1119058,7,6,1,3381,,331002647,36,38,15,10,54225,1,151,11,19,25,,3,79,1
USA,North America,United States,2021-01-27,25598061,152478,162067,429195,3943,3287,77335,461,490,1297,12,10,,,,,,,,,,,,,,,,,,,24652634,20687970,3801053,1111640,1161050,7,6,1,3508,,331002647,36,38,15,10,54225,1,151,11,19,25,,3,79,1
USA,North America,United States,2021-01-28,25762726,164665,158011,433067,3872,3240,77832,497,477,1308,12,10,,,,,,,,,,,,,,,,,,,,,,,,,,,,,331002647,36,38,15,10,54225,1,151,11,19,25,,3,79,1
