date,state,city,place_type,confirmed,deaths,order_for_place,is_last,estimated_population_2019,estimated_population,city_ibge_code,confirmed_per_100k_inhabitants,death_rate
2021-05-03,DF,,state,381468,7883,422,True,3015268,3055149,53,12486.06860,0.0207
2021-05-02,DF,,state,380639,7855,421,False,3015268,3055149,53,12458.93408,0.0206
2021-05-01,DF,,state,379752,7826,420,False,3015268,3055149,53,12429.90113,0.0206
2021-04-30,DF,,state,378783,7798,419,False,3015268,3055149,53,12398.18418,0.0206
2021-04-29,DF,,state,377656,7761,418,False,3015268,3055149,53,12361.29564,0.0206
2021-04-28,DF,,state,376727,7718,417,False,3015268,3055149,53,12330.88795,0.0205
2021-04-27,DF,,state,375506,7669,416,False,3015268,3055149,53,12290.92264,0.0204
2021-04-26,DF,,state,374588,7628,415,False,3015268,3055149,53,12260.87500,0.0204
2021-04-25,DF,,state,373501,7569,414,False,3015268,3055149,53,12225.29572,0.0203
2021-04-24,DF,,state,372563,7534,413,False,3015268,3055149,53,12194.59346,0.0202
2021-04-23,DF,,state,371719,7494,412,False,3015268,3055149,53,12166.96796,0.0202
2021-04-22,DF,,state,370686,7440,411,False,3015268,3055149,53,12133.15619,0.0201
2021-04-21,DF,,state,369808,7388,410,False,3015268,3055149,53,12104.41782,0.0200
2021-04-20,DF,,state,368924,7344,409,False,3015268,3055149,53,12075.48306,0.0199
2021-04-19,DF,,state,367969,7284,408,False,3015268,3055149,53,12044.22436,0.0198
2021-04-18,DF,,state,366708,7210,407,False,3015268,3055149,53,12002.94977,0.0197
2021-04-17,DF,,state,365646,7172,406,False,3015268,3055149,53,11968.18879,0.0196
2021-04-16,DF,,state,364452,7125,405,False,3015268,3055149,53,11929.10722,0.0195
2021-04-15,DF,,state,363344,7049,404,False,3015268,3055149,53,11892.84058,0.0194
2021-04-14,DF,,state,362379,6972,403,False,3015268,3055149,53,11861.25456,0.0192
2021-04-13,DF,,state,361023,6906,402,False,3015268,3055149,53,11816.87047,0.0191
2021-04-12,DF,,state,360124,6840,401,False,3015268,3055149,53,11787.44474,0.0190
2021-04-11,DF,,state,359122,6754,400,False,3015268,3055149,53,11754.64765,0.0188
2021-04-10,DF,,state,357761,6709,399,False,3015268,3055149,53,11710.09990,0.0188
2021-04-09,DF,,state,356558,6676,398,False,3015268,3055149,53,11670.72375,0.0187
2021-04-08,DF,,state,354816,6609,397,False,3015268,3055149,53,11613.70526,0.0186
2021-04-07,DF,,state,353206,6532,396,False,3015268,3055149,53,11561.00734,0.0185
2021-04-06,DF,,state,352067,6449,395,False,3015268,3055149,53,11523.72601,0.0183
2021-04-05,DF,,state,351163,6366,394,False,3015268,3055149,53,11494.13662,0.0181
2021-04-04,DF,,state,349775,6288,393,False,3015268,3055149,53,11448.70512,0.0180
2021-04-03,DF,,state,348687,6235,392,False,3015268,3055149,53,11413.09311,0.0179
2021-04-02,DF,,state,346873,6207,391,False,3015268,3055149,53,11353.71794,0.0179
2021-04-01,DF,,state,345682,6150,390,False,3015268,3055149,53,11314.73457,0.0178
2021-03-31,DF,,state,344364,6029,389,False,3015268,3055149,53,11271.59428,0.0175
2021-03-30,DF,,state,343111,5912,388,False,3015268,3055149,53,11230.58155,0.0172
2021-03-29,DF,,state,341758,5818,387,False,3015268,3055149,53,11186.29566,0.0170
2021-03-28,DF,,state,340166,5757,386,False,3015268,3055149,53,11134.18691,0.0169
2021-03-27,DF,,state,338930,5717,385,False,3015268,3055149,53,11093.73062,0.0169
2021-03-26,DF,,state,337294,5674,384,False,3015268,3055149,53,11040.18167,0.0168
2021-03-25,DF,,state,335153,5610,383,False,3015268,3055149,53,10970.10326,0.0167
2021-03-24,DF,,state,333348,5553,382,False,3015268,3055149,53,10911.02267,0.0167
2021-03-23,DF,,state,332153,5503,381,False,3015268,3055149,53,10871.90838,0.0166
2021-03-22,DF,,state,330756,5441,380,False,3015268,3055149,53,10826.18229,0.0165
2021-03-21,DF,,state,328902,5382,379,False,3015268,3055149,53,10765.49785,0.0164
2021-03-20,DF,,state,327822,5355,378,False,3015268,3055149,53,10730.14769,0.0163
2021-03-19,DF,,state,326083,5321,377,False,3015268,3055149,53,10673.22739,0.0163
2021-03-18,DF,,state,324576,5274,376,False,3015268,3055149,53,10623.90083,0.0162
2021-03-17,DF,,state,322686,5206,375,False,3015268,3055149,53,10562.03805,0.0161
2021-03-16,DF,,state,321364,5176,374,False,3015268,3055149,53,10518.76684,0.0161
2021-03-15,DF,,state,319936,5145,373,False,3015268,3055149,53,10472.02608,0.0161
2021-03-14,DF,,state,317880,5116,372,False,3015268,3055149,53,10404.72985,0.0161
2021-03-13,DF,,state,316181,5097,371,False,3015268,3055149,53,10349.11882,0.0161
2021-03-12,DF,,state,314521,5082,370,False,3015268,3055149,53,10294.78431,0.0162
2021-03-11,DF,,state,312956,5048,369,False,3015268,3055149,53,10243.55932,0.0161
2021-03-10,DF,,state,311098,5027,368,False,3015268,3055149,53,10182.74395,0.0162
2021-03-09,DF,,state,309547,5002,367,False,3015268,3055149,53,10131.97720,0.0162
2021-03-08,DF,,state,308539,4979,366,False,3015268,3055149,53,10098.98372,0.0161
2021-03-07,DF,,state,306251,4962,365,False,3015268,3055149,53,10024.09375,0.0162
2021-03-06,DF,,state,305377,4950,364,False,3015268,3055149,53,9995.48631,0.0162
2021-03-05,DF,,state,303685,4933,363,False,3015268,3055149,53,9940.10439,0.0162
2021-03-04,DF,,state,302185,4918,362,False,3015268,3055149,53,9891.00695,0.0163
2021-03-03,DF,,state,300919,4900,361,False,3015268,3055149,53,9849.56871,0.0163
2021-03-02,DF,,state,299399,4887,360,False,3015268,3055149,53,9799.81664,0.0163
2021-03-01,DF,,state,298836,4865,359,False,3015268,3055149,53,9781.38873,0.0163
2021-02-28,DF,,state,296694,4838,358,False,3015268,3055149,53,9711.27758,0.0163
2021-02-27,DF,,state,295615,4831,357,False,3015268,3055149,53,9675.96016,0.0163
2021-02-26,DF,,state,294911,4819,356,False,3015268,3055149,53,9652.91709,0.0163
2021-02-25,DF,,state,293782,4805,355,False,3015268,3055149,53,9615.96308,0.0164
2021-02-24,DF,,state,292714,4791,354,False,3015268,3055149,53,9581.00571,0.0164
2021-02-23,DF,,state,291353,4775,353,False,3015268,3055149,53,9536.45796,0.0164
2021-02-22,DF,,state,290771,4766,352,False,3015268,3055149,53,9517.40815,0.0164
2021-02-21,DF,,state,289820,4757,351,False,3015268,3055149,53,9486.28037,0.0164
2021-02-20,DF,,state,288977,4747,350,False,3015268,3055149,53,9458.68761,0.0164
2021-02-19,DF,,state,288229,4738,349,False,3015268,3055149,53,9434.20435,0.0164
2021-02-18,DF,,state,287365,4728,348,False,3015268,3055149,53,9405.92423,0.0165
2021-02-17,DF,,state,286720,4718,347,False,3015268,3055149,53,9384.81233,0.0165
2021-02-16,DF,,state,286137,4708,346,False,3015268,3055149,53,9365.72979,0.0165
2021-02-15,DF,,state,285576,4697,345,False,3015268,3055149,53,9347.36735,0.0164
2021-02-14,DF,,state,284838,4688,344,False,3015268,3055149,53,9323.21140,0.0165
2021-02-13,DF,,state,284301,4680,343,False,3015268,3055149,53,9305.63452,0.0165
2021-02-12,DF,,state,283706,4671,342,False,3015268,3055149,53,9286.15920,0.0165
2021-02-11,DF,,state,283194,4660,341,False,3015268,3055149,53,9269.40061,0.0165
2021-02-10,DF,,state,282649,4649,340,False,3015268,3055149,53,9251.56187,0.0164
2021-02-09,DF,,state,282071,4641,339,False,3015268,3055149,53,9232.64299,0.0165
2021-02-08,DF,,state,281546,4631,338,False,3015268,3055149,53,9215.45889,0.0164
2021-02-07,DF,,state,281002,4618,337,False,3015268,3055149,53,9197.65288,0.0164
2021-02-06,DF,,state,280599,4608,336,False,3015268,3055149,53,9184.46203,0.0164
2021-02-05,DF,,state,280026,4600,335,False,3015268,3055149,53,9165.70681,0.0164
2021-02-04,DF,,state,279402,4591,334,False,3015268,3055149,53,9145.28228,0.0164
2021-02-03,DF,,state,278972,4582,333,False,3015268,3055149,53,9131.20768,0.0164
2021-02-02,DF,,state,278316,4573,332,False,3015268,3055149,53,9109.73573,0.0164
2021-02-01,DF,,state,277907,4564,331,False,3015268,3055149,53,9096.34849,0.0164
2021-01-31,DF,,state,277110,4554,330,False,3015268,3055149,53,9070.26138,0.0164
2021-01-30,DF,,state,276572,4545,329,False,3015268,3055149,53,9052.65177,0.0164
2021-01-29,DF,,state,275688,4533,328,False,3015268,3055149,53,9023.71701,0.0164
2021-01-28,DF,,state,274601,4519,327,False,3015268,3055149,53,8988.13773,0.0165
2021-01-27,DF,,state,273427,4508,326,False,3015268,3055149,53,8949.71080,0.0165
2021-01-26,DF,,state,272375,4505,325,False,3015268,3055149,53,8915.27713,0.0165
2021-01-25,DF,,state,271319,4490,324,False,3015268,3055149,53,8880.71253,0.0165
2021-01-24,DF,,state,270171,4476,323,False,3015268,3055149,53,8843.13662,0.0166
2021-01-23,DF,,state,269350,4468,322,False,3015268,3055149,53,8816.26395,0.0166
2021-01-22,DF,,state,268394,4460,321,False,3015268,3055149,53,8784.97252,0.0166
2021-01-21,DF,,state,267340,4452,320,False,3015268,3055149,53,8750.47338,0.0167
2021-01-20,DF,,state,266506,4442,319,False,3015268,3055149,53,8723.17520,0.0167
2021-01-19,DF,,state,265886,4436,318,False,3015268,3055149,53,8702.88159,0.0167
2021-01-18,DF,,state,265274,4427,317,False,3015268,3055149,53,8682.84984,0.0167
2021-01-17,DF,,state,264227,4421,316,False,3015268,3055149,53,8648.57982,0.0167
2021-01-16,DF,,state,263756,4412,315,False,3015268,3055149,53,8633.16323,0.0167
2021-01-15,DF,,state,262928,4406,314,False,3015268,3055149,53,8606.06144,0.0168
2021-01-14,DF,,state,262222,4399,313,False,3015268,3055149,53,8582.95291,0.0168
2021-01-13,DF,,state,261456,4388,312,False,3015268,3055149,53,8557.88048,0.0168
2021-01-12,DF,,state,260797,4375,311,False,3015268,3055149,53,8536.31034,0.0168
2021-01-11,DF,,state,259797,4368,310,False,3015268,3055149,53,8503.57871,0.0168
2021-01-10,DF,,state,258811,4356,309,False,3015268,3055149,53,8471.30533,0.0168
2021-01-09,DF,,state,258153,4351,308,False,3015268,3055149,53,8449.76792,0.0169
2021-01-08,DF,,state,257355,4345,307,False,3015268,3055149,53,8423.64808,0.0169
2021-01-07,DF,,state,256682,4337,306,False,3015268,3055149,53,8401.61969,0.0169
2021-01-06,DF,,state,255875,4328,305,False,3015268,3055149,53,8375.20527,0.0169
2021-01-05,DF,,state,255875,4328,304,False,3015268,3055149,53,8375.20527,0.0169
2021-01-04,DF,,state,254310,4289,303,False,3015268,3055149,53,8323.98027,0.0169
2021-01-03,DF,,state,253355,4269,302,False,3015268,3055149,53,8292.72157,0.0168
2021-01-02,DF,,state,252874,4268,301,False,3015268,3055149,53,8276.97765,0.0169
2021-01-01,DF,,state,252077,4263,300,False,3015268,3055149,53,8250.89055,0.0169
2020-12-31,DF,,state,251701,4259,299,False,3015268,3055149,53,8238.58345,0.0169
2020-12-30,DF,,state,251135,4248,298,False,3015268,3055149,53,8220.05735,0.0169
2020-12-29,DF,,state,250457,4241,297,False,3015268,3055149,53,8197.86531,0.0169
2020-12-28,DF,,state,249736,4223,296,False,3015268,3055149,53,8174.26581,0.0169
2020-12-27,DF,,state,248543,4201,295,False,3015268,3055149,53,8135.21697,0.0169
2020-12-26,DF,,state,247928,4198,294,False,3015268,3055149,53,8115.08702,0.0169
2020-12-25,DF,,state,247278,4192,293,False,3015268,3055149,53,8093.81146,0.0170
2020-12-24,DF,,state,246949,4188,292,False,3015268,3055149,53,8083.04276,0.0170
2020-12-23,DF,,state,246397,4181,291,False,3015268,3055149,53,8064.97490,0.0170
2020-12-22,DF,,state,245872,4169,290,False,3015268,3055149,53,8047.79080,0.0170
2020-12-21,DF,,state,245243,4156,289,False,3015268,3055149,53,8027.20260,0.0169
2020-12-20,DF,,state,244243,4145,288,False,3015268,3055149,53,7994.47097,0.0170
2020-12-19,DF,,state,243834,4138,287,False,3015268,3055149,53,7981.08374,0.0170
2020-12-18,DF,,state,243212,4132,286,False,3015268,3055149,53,7960.72467,0.0170
2020-12-17,DF,,state,242299,4123,285,False,3015268,3055149,53,7930.84069,0.0170
2020-12-16,DF,,state,241400,4107,284,False,3015268,3055149,53,7901.41496,0.0170
2020-12-15,DF,,state,240869,4095,283,False,3015268,3055149,53,7884.03446,0.0170
2020-12-14,DF,,state,240132,4086,282,False,3015268,3055149,53,7859.91125,0.0170
2020-12-13,DF,,state,239096,4066,281,False,3015268,3055149,53,7826.00129,0.0170
2020-12-12,DF,,state,238634,4059,280,False,3015268,3055149,53,7810.87927,0.0170
2020-12-11,DF,,state,237945,4051,279,False,3015268,3055149,53,7788.32718,0.0170
2020-12-10,DF,,state,237114,4043,278,False,3015268,3055149,53,7761.12720,0.0171
2020-12-09,DF,,state,236322,4032,277,False,3015268,3055149,53,7735.20375,0.0171
2020-12-08,DF,,state,235480,4011,276,False,3015268,3055149,53,7707.64372,0.0170
2020-12-07,DF,,state,234376,4001,275,False,3015268,3055149,53,7671.50800,0.0171
2020-12-06,DF,,state,233731,3985,274,False,3015268,3055149,53,7650.39610,0.0170
2020-12-05,DF,,state,233376,3978,273,False,3015268,3055149,53,7638.77637,0.0170
2020-12-04,DF,,state,232781,3968,272,False,3015268,3055149,53,7619.30106,0.0170
2020-12-03,DF,,state,231426,3962,271,False,3015268,3055149,53,7574.94970,0.0171
2020-12-02,DF,,state,230905,3955,270,False,3015268,3055149,53,7557.89652,0.0171
2020-12-01,DF,,state,230122,3939,269,False,3015268,3055149,53,7532.26766,0.0171
2020-11-30,DF,,state,229146,3930,268,False,3015268,3055149,53,7500.32159,0.0172
2020-11-29,DF,,state,228702,3925,267,False,3015268,3055149,53,7485.78875,0.0172
2020-11-28,DF,,state,228075,3920,266,False,3015268,3055149,53,7465.26601,0.0172
2020-11-27,DF,,state,227581,3915,265,False,3015268,3055149,53,7449.09659,0.0172
2020-11-26,DF,,state,226697,3910,264,False,3015268,3055149,53,7420.16183,0.0172
2020-11-25,DF,,state,225873,3906,263,False,3015268,3055149,53,7393.19097,0.0173
2020-11-24,DF,,state,225013,3898,262,False,3015268,3055149,53,7365.04177,0.0173
2020-11-23,DF,,state,224517,3882,261,False,3015268,3055149,53,7348.80688,0.0173
2020-11-22,DF,,state,223658,3867,260,False,3015268,3055149,53,7320.69041,0.0173
2020-11-21,DF,,state,223378,3862,259,False,3015268,3055149,53,7311.52556,0.0173
2020-11-20,DF,,state,222836,3857,258,False,3015268,3055149,53,7293.78502,0.0173
2020-11-19,DF,,state,222282,3852,257,False,3015268,3055149,53,7275.65169,0.0173
2020-11-18,DF,,state,221526,3845,256,False,3015268,3055149,53,7250.90658,0.0174
2020-11-17,DF,,state,221031,3837,255,False,3015268,3055149,53,7234.70443,0.0174
2020-11-16,DF,,state,220403,3825,254,False,3015268,3055149,53,7214.14897,0.0174
2020-11-15,DF,,state,219992,3817,253,False,3015268,3055149,53,7200.69627,0.0174
2020-11-14,DF,,state,219712,3813,252,False,3015268,3055149,53,7191.53141,0.0174
2020-11-13,DF,,state,219012,3808,251,False,3015268,3055149,53,7168.61927,0.0174
2020-11-12,DF,,state,218479,3797,250,False,3015268,3055149,53,7151.17331,0.0174
2020-11-11,DF,,state,217793,3788,249,False,3015268,3055149,53,7128.71942,0.0174
2020-11-10,DF,,state,217370,3775,248,False,3015268,3055149,53,7114.87394,0.0174
2020-11-09,DF,,state,216861,3759,247,False,3015268,3055149,53,7098.21354,0.0173
2020-11-08,DF,,state,216389,3752,246,False,3015268,3055149,53,7082.76421,0.0173
2020-11-07,DF,,state,215850,3740,245,False,3015268,3055149,53,7065.12186,0.0173
2020-11-06,DF,,state,215426,3733,244,False,3015268,3055149,53,7051.24365,0.0173
2020-11-05,DF,,state,214955,3728,243,False,3015268,3055149,53,7035.82706,0.0173
2020-11-04,DF,,state,214655,3719,242,False,3015268,3055149,53,7026.00757,0.0173
2020-11-03,DF,,state,214202,3707,241,False,3015268,3055149,53,7011.18014,0.0173
2020-11-02,DF,,state,213636,3695,240,False,3015268,3055149,53,6992.65404,0.0173
2020-11-01,DF,,state,213456,3688,239,False,3015268,3055149,53,6986.76235,0.0173
2020-10-31,DF,,state,213245,3683,238,False,3015268,3055149,53,6979.85597,0.0173
2020-10-30,DF,,state,212762,3676,237,False,3015268,3055149,53,6964.04660,0.0173
2020-10-29,DF,,state,212140,3670,236,False,3015268,3055149,53,6943.68753,0.0173
2020-10-28,DF,,state,211442,3661,235,False,3015268,3055149,53,6920.84085,0.0173
2020-10-27,DF,,state,210774,3653,234,False,3015268,3055149,53,6898.97612,0.0173
2020-10-26,DF,,state,210145,3641,233,False,3015268,3055149,53,6878.38793,0.0173
2020-10-25,DF,,state,209369,3633,232,False,3015268,3055149,53,6852.98818,0.0174
2020-10-24,DF,,state,208761,3623,231,False,3015268,3055149,53,6833.08736,0.0174
2020-10-23,DF,,state,208235,3613,230,False,3015268,3055149,53,6815.87052,0.0174
2020-10-22,DF,,state,207670,3600,229,False,3015268,3055149,53,6797.37715,0.0173
2020-10-21,DF,,state,207067,3587,228,False,3015268,3055149,53,6777.63998,0.0173
2020-10-20,DF,,state,206265,3575,227,False,3015268,3055149,53,6751.38921,0.0173
2020-10-19,DF,,state,205709,3561,226,False,3015268,3055149,53,6733.19043,0.0173
2020-10-18,DF,,state,204957,3545,225,False,3015268,3055149,53,6708.57624,0.0173
2020-10-17,DF,,state,204304,3539,224,False,3015268,3055149,53,6687.20249,0.0173
2020-10-16,DF,,state,203576,3526,223,False,3015268,3055149,53,6663.37386,0.0173
2020-10-15,DF,,state,202786,3499,222,False,3015268,3055149,53,6637.51588,0.0173
2020-10-14,DF,,state,202058,3488,221,False,3015268,3055149,53,6613.68725,0.0173
2020-10-13,DF,,state,201230,3466,220,False,3015268,3055149,53,6586.58547,0.0172
2020-10-12,DF,,state,200412,3439,219,False,3015268,3055149,53,6559.81099,0.0172
2020-10-11,DF,,state,200035,3424,218,False,3015268,3055149,53,6547.47117,0.0171
2020-10-10,DF,,state,199569,3412,217,False,3015268,3055149,53,6532.21823,0.0171
2020-10-09,DF,,state,198807,3398,216,False,3015268,3055149,53,6507.27673,0.0171
2020-10-08,DF,,state,198192,3391,215,False,3015268,3055149,53,6487.14678,0.0171
2020-10-07,DF,,state,197369,3378,214,False,3015268,3055149,53,6460.20865,0.0171
2020-10-06,DF,,state,196787,3364,213,False,3015268,3055149,53,6441.15884,0.0171
2020-10-05,DF,,state,195967,3346,212,False,3015268,3055149,53,6414.31891,0.0171
2020-10-04,DF,,state,195413,3325,211,False,3015268,3055149,53,6396.18559,0.0170
2020-10-03,DF,,state,194783,3309,210,False,3015268,3055149,53,6375.56466,0.0170
2020-10-02,DF,,state,194042,3291,209,False,3015268,3055149,53,6351.31053,0.0170
2020-10-01,DF,,state,193127,3276,208,False,3015268,3055149,53,6321.36109,0.0170
2020-09-30,DF,,state,192245,3255,207,False,3015268,3055149,53,6292.49179,0.0169
2020-09-29,DF,,state,191317,3224,206,False,3015268,3055149,53,6262.11684,0.0169
2020-09-28,DF,,state,190505,3203,205,False,3015268,3055149,53,6235.53876,0.0168
2020-09-27,DF,,state,189513,3188,204,False,3015268,3055149,53,6203.06898,0.0168
2020-09-26,DF,,state,188608,3183,203,False,3015268,3055149,53,6173.44686,0.0169
2020-09-25,DF,,state,187895,3175,202,False,3015268,3055149,53,6150.10921,0.0169
2020-09-24,DF,,state,186945,3164,201,False,3015268,3055149,53,6119.01416,0.0169
2020-09-23,DF,,state,186054,3148,200,False,3015268,3055149,53,6089.85028,0.0169
2020-09-22,DF,,state,185349,3131,199,False,3015268,3055149,53,6066.77448,0.0169
2020-09-21,DF,,state,184555,3097,198,False,3015268,3055149,53,6040.78557,0.0168
2020-09-20,DF,,state,183749,3062,197,False,3015268,3055149,53,6014.40388,0.0167
2020-09-19,DF,,state,183096,3048,196,False,3015268,3055149,53,5993.03013,0.0166
2020-09-18,DF,,state,181919,3037,195,False,3015268,3055149,53,5954.50500,0.0167
2020-09-17,DF,,state,180844,3022,194,False,3015268,3055149,53,5919.31850,0.0167
2020-09-16,DF,,state,179823,3000,193,False,3015268,3055149,53,5885.89951,0.0167
2020-09-15,DF,,state,178747,2970,192,False,3015268,3055149,53,5850.68028,0.0166
2020-09-14,DF,,state,177921,2930,191,False,3015268,3055149,53,5823.64395,0.0165
2020-09-13,DF,,state,176837,2899,190,False,3015268,3055149,53,5788.16287,0.0164
2020-09-12,DF,,state,175646,2883,189,False,3015268,3055149,53,5749.17950,0.0164
2020-09-11,DF,,state,174549,2867,188,False,3015268,3055149,53,5713.27290,0.0164
2020-09-10,DF,,state,173631,2843,187,False,3015268,3055149,53,5683.22527,0.0164
2020-09-09,DF,,state,172708,2813,186,False,3015268,3055149,53,5653.01398,0.0163
2020-09-08,DF,,state,171739,2763,185,False,3015268,3055149,53,5621.29703,0.0161
2020-09-07,DF,,state,170806,2720,184,False,3015268,3055149,53,5590.75842,0.0159
2020-09-06,DF,,state,169617,2710,183,False,3015268,3055149,53,5551.84052,0.0160
2020-09-05,DF,,state,168605,2700,182,False,3015268,3055149,53,5518.71611,0.0160
2020-09-04,DF,,state,167200,2681,181,False,3015268,3055149,53,5472.72817,0.0160
2020-09-03,DF,,state,165903,2641,180,False,3015268,3055149,53,5430.27525,0.0159
2020-09-02,DF,,state,164649,2609,179,False,3015268,3055149,53,5389.22979,0.0158
2020-09-01,DF,,state,163498,2573,178,False,3015268,3055149,53,5351.55569,0.0157
2020-08-31,DF,,state,162042,2521,177,False,3015268,3055149,53,5303.89844,0.0156
2020-08-30,DF,,state,160796,2469,176,False,3015268,3055149,53,5263.11483,0.0154
2020-08-29,DF,,state,159526,2450,175,False,3015268,3055149,53,5221.54566,0.0154
2020-08-28,DF,,state,158180,2440,174,False,3015268,3055149,53,5177.48889,0.0154
2020-08-27,DF,,state,156863,2425,173,False,3015268,3055149,53,5134.38133,0.0155
2020-08-26,DF,,state,155253,2399,172,False,3015268,3055149,53,5081.68341,0.0155
2020-08-25,DF,,state,153690,2344,171,False,3015268,3055149,53,5030.52388,0.0153
2020-08-24,DF,,state,150519,2316,170,False,3015268,3055149,53,4926.73189,0.0154
2020-08-23,DF,,state,148998,2274,169,False,3015268,3055149,53,4876.94708,0.0153
2020-08-22,DF,,state,147127,2257,168,False,3015268,3055149,53,4815.70621,0.0153
2020-08-21,DF,,state,145452,2242,167,False,3015268,3055149,53,4760.88073,0.0154
2020-08-20,DF,,state,143759,2200,166,False,3015268,3055149,53,4705.46608,0.0153
2020-08-19,DF,,state,141762,2148,165,False,3015268,3055149,53,4640.10102,0.0152
2020-08-18,DF,,state,140170,2097,164,False,3015268,3055149,53,4587.99227,0.0150
2020-08-17,DF,,state,138735,2042,163,False,3015268,3055149,53,4541.02239,0.0147
2020-08-16,DF,,state,136467,1976,162,False,3015268,3055149,53,4466.78705,0.0145
2020-08-15,DF,,state,135014,1958,161,False,3015268,3055149,53,4419.22800,0.0145
2020-08-14,DF,,state,133166,1935,160,False,3015268,3055149,53,4358.73995,0.0145
2020-08-13,DF,,state,131170,1905,159,False,3015268,3055149,53,4293.40762,0.0145
2020-08-12,DF,,state,129184,1870,158,False,3015268,3055149,53,4228.40261,0.0145
2020-08-11,DF,,state,127484,1815,157,False,3015268,3055149,53,4172.75884,0.0142
2020-08-10,DF,,state,126069,1762,156,False,3015268,3055149,53,4126.44359,0.0140
2020-08-09,DF,,state,123057,1731,155,False,3015268,3055149,53,4027.85592,0.0141
2020-08-08,DF,,state,121824,1712,154,False,3015268,3055149,53,3987.49783,0.0141
2020-08-07,DF,,state,119903,1682,153,False,3015268,3055149,53,3924.62037,0.0140
2020-08-06,DF,,state,118000,1651,152,False,3015268,3055149,53,3862.33208,0.0140
2020-08-05,DF,,state,115966,1605,151,False,3015268,3055149,53,3795.75595,0.0138
2020-08-04,DF,,state,113924,1572,150,False,3015268,3055149,53,3728.91797,0.0138
2020-08-03,DF,,state,112044,1546,149,False,3015268,3055149,53,3667.38251,0.0138
2020-08-02,DF,,state,110028,1523,148,False,3015268,3055149,53,3601.39555,0.0138
2020-08-01,DF,,state,107922,1490,147,False,3015268,3055149,53,3532.46274,0.0138
2020-07-31,DF,,state,106292,1469,146,False,3015268,3055149,53,3479.11018,0.0138
2020-07-30,DF,,state,104442,1444,145,False,3015268,3055149,53,3418.55667,0.0138
2020-07-29,DF,,state,102342,1419,144,False,3015268,3055149,53,3349.82025,0.0139
2020-07-28,DF,,state,100726,1391,143,False,3015268,3055149,53,3296.92594,0.0138
2020-07-27,DF,,state,98480,1339,142,False,3015268,3055149,53,3223.41071,0.0136
2020-07-26,DF,,state,96332,1308,141,False,3015268,3055149,53,3153.10317,0.0136
2020-07-25,DF,,state,94187,1275,140,False,3015268,3055149,53,3082.89383,0.0135
2020-07-24,DF,,state,92414,1244,139,False,3015268,3055149,53,3024.86065,0.0135
2020-07-23,DF,,state,90023,1218,138,False,3015268,3055149,53,2946.59933,0.0135
2020-07-22,DF,,state,87801,1176,137,False,3015268,3055149,53,2873.86965,0.0134
2020-07-21,DF,,state,86076,1158,136,False,3015268,3055149,53,2817.40760,0.0135
2020-07-20,DF,,state,84287,1112,135,False,3015268,3055149,53,2758.85071,0.0132
2020-07-19,DF,,state,82412,1085,134,False,3015268,3055149,53,2697.47891,0.0132
2020-07-18,DF,,state,81163,1075,133,False,3015268,3055149,53,2656.59711,0.0132
2020-07-17,DF,,state,79400,1060,132,False,3015268,3055149,53,2598.89125,0.0134
2020-07-16,DF,,state,77621,1037,131,False,3015268,3055149,53,2540.66168,0.0134
2020-07-15,DF,,state,75379,1001,130,False,3015268,3055149,53,2467.27737,0.0133
2020-07-14,DF,,state,73654,960,129,False,3015268,3055149,53,2410.81532,0.0130
2020-07-13,DF,,state,72284,930,128,False,3015268,3055149,53,2365.97299,0.0129
2020-07-12,DF,,state,70712,902,127,False,3015268,3055149,53,2314.51887,0.0128
2020-07-11,DF,,state,68406,871,126,False,3015268,3055149,53,2239.03973,0.0127
2020-07-10,DF,,state,67297,856,125,False,3015268,3055149,53,2202.74036,0.0127
2020-07-09,DF,,state,65677,823,124,False,3015268,3055149,53,2149.71512,0.0125
2020-07-08,DF,,state,64314,801,123,False,3015268,3055149,53,2105.10191,0.0125
2020-07-07,DF,,state,62694,767,122,False,3015268,3055149,53,2052.07667,0.0122
2020-07-06,DF,,state,60383,726,121,False,3015268,3055149,53,1976.43388,0.0120
2020-07-05,DF,,state,57854,699,120,False,3015268,3055149,53,1893.65560,0.0121
2020-07-04,DF,,state,55760,671,119,False,3015268,3055149,53,1825.11557,0.0120
2020-07-03,DF,,state,53996,643,118,False,3015268,3055149,53,1767.37698,0.0119
2020-07-02,DF,,state,52281,631,117,False,3015268,3055149,53,1711.24223,0.0121
2020-07-01,DF,,state,50676,620,116,False,3015268,3055149,53,1658.70797,0.0122
2020-06-30,DF,,state,49218,587,115,False,3015268,3055149,53,1610.98526,0.0119
2020-06-29,DF,,state,47071,559,114,False,3015268,3055149,53,1540.71045,0.0119
2020-06-28,DF,,state,44905,548,113,False,3015268,3055149,53,1469.81375,0.0122
2020-06-27,DF,,state,42766,537,112,False,3015268,3055149,53,1399.80080,0.0126
2020-06-26,DF,,state,41326,532,111,False,3015268,3055149,53,1352.66725,0.0129
2020-06-25,DF,,state,38871,509,110,False,3015268,3055149,53,1272.31110,0.0131
2020-06-24,DF,,state,37254,495,109,False,3015268,3055149,53,1219.38406,0.0133
2020-06-23,DF,,state,35368,475,108,False,3015268,3055149,53,1157.65221,0.0134
2020-06-22,DF,,state,34148,449,107,False,3015268,3055149,53,1117.71963,0.0131
2020-06-21,DF,,state,33227,423,106,False,3015268,3055149,53,1087.57380,0.0127
2020-06-20,DF,,state,32238,405,105,False,3015268,3055149,53,1055.20222,0.0126
2020-06-19,DF,,state,30902,396,104,False,3015268,3055149,53,1011.47276,0.0128
2020-06-18,DF,,state,28521,379,103,False,3015268,3055149,53,933.53876,0.0133
2020-06-17,DF,,state,27140,365,102,False,3015268,3055149,53,888.33638,0.0134
2020-06-16,DF,,state,25380,348,101,False,3015268,3055149,53,830.72871,0.0137
2020-06-15,DF,,state,23684,319,100,False,3015268,3055149,53,775.21587,0.0135
2020-06-14,DF,,state,22871,304,99,False,3015268,3055149,53,748.60506,0.0133
2020-06-13,DF,,state,21959,293,98,False,3015268,3055149,53,718.75382,0.0133
2020-06-12,DF,,state,21396,282,97,False,3015268,3055149,53,700.32591,0.0132
2020-06-11,DF,,state,20507,274,96,False,3015268,3055149,53,671.22749,0.0134
2020-06-10,DF,,state,19433,256,95,False,3015268,3055149,53,636.07372,0.0132
2020-06-09,DF,,state,18090,236,94,False,3015268,3055149,53,592.11515,0.0130
2020-06-08,DF,,state,16948,226,93,False,3015268,3055149,53,554.73563,0.0133
2020-06-07,DF,,state,16623,214,92,False,3015268,3055149,53,544.09785,0.0129
2020-06-06,DF,,state,15850,208,91,False,3015268,3055149,53,518.79630,0.0131
2020-06-05,DF,,state,14208,202,90,False,3015268,3055149,53,465.05097,0.0142
2020-06-04,DF,,state,12923,196,89,False,3015268,3055149,53,422.99083,0.0152
2020-06-03,DF,,state,12020,191,88,False,3015268,3055149,53,393.43417,0.0159
2020-06-02,DF,,state,11256,177,87,False,3015268,3055149,53,368.42720,0.0157
2020-06-01,DF,,state,10510,173,86,False,3015268,3055149,53,344.00941,0.0165
2020-05-31,DF,,state,9780,170,85,False,3015268,3055149,53,320.11532,0.0174
2020-05-30,DF,,state,9474,162,84,False,3015268,3055149,53,310.09944,0.0171
2020-05-29,DF,,state,8722,154,83,False,3015268,3055149,53,285.48526,0.0177
2020-05-28,DF,,state,8300,142,82,False,3015268,3055149,53,271.67251,0.0171
2020-05-27,DF,,state,7761,133,81,False,3015268,3055149,53,254.03016,0.0171
2020-05-26,DF,,state,7210,124,80,False,3015268,3055149,53,235.99504,0.0172
2020-05-25,DF,,state,6930,114,79,False,3015268,3055149,53,226.83018,0.0165
2020-05-24,DF,,state,6638,104,78,False,3015268,3055149,53,217.27255,0.0157
2020-05-23,DF,,state,6248,95,77,False,3015268,3055149,53,204.50721,0.0152
2020-05-22,DF,,state,5948,90,76,False,3015268,3055149,53,194.68772,0.0151
2020-05-21,DF,,state,5542,84,75,False,3015268,3055149,53,181.39868,0.0152
2020-05-20,DF,,state,5271,78,74,False,3015268,3055149,53,172.52841,0.0148
2020-05-19,DF,,state,4853,72,73,False,3015268,3055149,53,158.84659,0.0148
2020-05-18,DF,,state,4618,66,72,False,3015268,3055149,53,151.15466,0.0143
2020-05-17,DF,,state,4368,58,71,False,3015268,3055149,53,142.97175,0.0133
2020-05-16,DF,,state,4140,56,70,False,3015268,3055149,53,135.50894,0.0135
2020-05-15,DF,,state,3787,55,69,False,3015268,3055149,53,123.95467,0.0145
2020-05-14,DF,,state,3416,51,68,False,3015268,3055149,53,111.81124,0.0149
2020-05-13,DF,,state,3192,48,67,False,3015268,3055149,53,104.47936,0.0150
2020-05-12,DF,,state,2979,46,66,False,3015268,3055149,53,97.50752,0.0154
2020-05-11,DF,,state,2799,44,65,False,3015268,3055149,53,91.61583,0.0157
2020-05-10,DF,,state,2682,42,64,False,3015268,3055149,53,87.78623,0.0157
2020-05-09,DF,,state,2576,39,63,False,3015268,3055149,53,84.31667,0.0151
2020-05-08,DF,,state,2442,37,62,False,3015268,3055149,53,79.93064,0.0152
2020-05-07,DF,,state,2258,35,61,False,3015268,3055149,53,73.90802,0.0155
2020-05-06,DF,,state,2046,35,60,False,3015268,3055149,53,66.96891,0.0171
2020-05-05,DF,,state,1837,34,59,False,3015268,3055149,53,60.12800,0.0185
2020-05-04,DF,,state,1793,33,58,False,3015268,3055149,53,58.68781,0.0184
2020-05-03,DF,,state,1720,33,57,False,3015268,3055149,53,56.29840,0.0192
2020-05-02,DF,,state,1605,32,56,False,3015268,3055149,53,52.53426,0.0199
2020-05-01,DF,,state,1546,31,55,False,3015268,3055149,53,50.60310,0.0201
2020-04-30,DF,,state,1423,30,54,False,3015268,3055149,53,46.57711,0.0211
2020-04-29,DF,,state,1313,28,53,False,3015268,3055149,53,42.97663,0.0213
2020-04-28,DF,,state,1230,28,52,False,3015268,3055149,53,40.25990,0.0228
2020-04-27,DF,,state,1189,28,51,False,3015268,3055149,53,38.91791,0.0235
2020-04-26,DF,,state,1125,27,50,False,3015268,3055149,53,36.82308,0.0240
2020-04-25,DF,,state,1020,27,49,False,3015268,3055149,53,33.38626,0.0265
2020-04-24,DF,,state,1012,26,48,False,3015268,3055149,53,33.12441,0.0257
2020-04-23,DF,,state,968,26,47,False,3015268,3055149,53,31.68422,0.0269
2020-04-22,DF,,state,959,25,46,False,3015268,3055149,53,31.38963,0.0261
2020-04-21,DF,,state,913,24,45,False,3015268,3055149,53,29.88398,0.0263
2020-04-20,DF,,state,875,24,44,False,3015268,3055149,53,28.64017,0.0274
2020-04-19,DF,,state,860,24,43,False,3015268,3055149,53,28.14920,0.0279
2020-04-18,DF,,state,796,24,42,False,3015268,3055149,53,26.05438,0.0302
2020-04-17,DF,,state,756,24,41,False,3015268,3055149,53,24.74511,0.0317
2020-04-16,DF,,state,727,20,40,False,3015268,3055149,53,23.79589,0.0275
2020-04-15,DF,,state,688,17,39,False,3015268,3055149,53,22.51936,0.0247
2020-04-14,DF,,state,651,17,38,False,3015268,3055149,53,21.30829,0.0261
2020-04-13,DF,,state,641,15,37,False,3015268,3055149,53,20.98097,0.0234
2020-04-12,DF,,state,618,14,36,False,3015268,3055149,53,20.22815,0.0227
2020-04-11,DF,,state,592,14,35,False,3015268,3055149,53,19.37712,0.0236
2020-04-10,DF,,state,556,14,34,False,3015268,3055149,53,18.19879,0.0252
2020-04-09,DF,,state,527,13,33,False,3015268,3055149,53,17.24957,0.0247
2020-04-08,DF,,state,509,12,32,False,3015268,3055149,53,16.66040,0.0236
2020-04-07,DF,,state,503,12,31,False,3015268,3055149,53,16.46401,0.0239
2020-04-06,DF,,state,485,10,30,False,3015268,3055149,53,15.87484,0.0206
2020-04-05,DF,,state,468,7,29,False,3015268,3055149,53,15.31840,0.0150
2020-04-04,DF,,state,456,7,28,False,3015268,3055149,53,14.92562,0.0154
2020-04-03,DF,,state,419,6,27,False,3015268,3055149,53,13.71455,0.0143
2020-04-02,DF,,state,400,5,26,False,3015268,3055149,53,13.09265,0.0125
2020-04-01,DF,,state,370,4,25,False,3015268,3055149,53,12.11070,0.0108
2020-03-31,DF,,state,333,3,24,False,3015268,3055149,53,10.89963,0.0090
2020-03-30,DF,,state,312,2,23,False,3015268,3055149,53,10.21227,0.0064
2020-03-29,DF,,state,298,1,22,False,3015268,3055149,53,9.75403,0.0034
2020-03-28,DF,,state,260,0,21,False,3015268,3055149,53,8.51022,0.0000
2020-03-27,DF,,state,241,0,20,False,3015268,3055149,53,7.88832,0.0000
2020-03-26,DF,,state,201,0,19,False,3015268,3055149,53,6.57906,0.0000
2020-03-25,DF,,state,195,0,18,False,3015268,3055149,53,6.38267,0.0000
2020-03-24,DF,,state,161,0,17,False,3015268,3055149,53,5.26979,0.0000
2020-03-23,DF,,state,138,0,16,False,3015268,3055149,53,4.51696,0.0000
2020-03-22,DF,,state,117,0,15,False,3015268,3055149,53,3.82960,0.0000
2020-03-21,DF,,state,108,0,14,False,3015268,3055149,53,3.53502,0.0000
2020-03-20,DF,,state,87,0,13,False,3015268,3055149,53,2.84765,0.0000
2020-03-19,DF,,state,42,0,12,False,3015268,3055149,53,1.37473,0.0000
2020-03-18,DF,,state,34,0,11,False,3015268,3055149,53,1.11288,0.0000
2020-03-16,DF,,state,19,0,10,False,3015268,3055149,53,0.62190,0.0000
2020-03-15,DF,,state,14,0,9,False,3015268,3055149,53,0.45824,0.0000
2020-03-14,DF,,state,8,0,8,False,3015268,3055149,53,0.26185,0.0000
2020-03-13,DF,,state,2,0,7,False,3015268,3055149,53,0.06546,0.0000
2020-03-12,DF,,state,2,0,6,False,3015268,3055149,53,0.06546,0.0000
2020-03-11,DF,,state,2,0,5,False,3015268,3055149,53,0.06546,0.0000
2020-03-10,DF,,state,1,0,4,False,3015268,3055149,53,0.03273,0.0000
2020-03-09,DF,,state,1,0,3,False,3015268,3055149,53,0.03273,0.0000
2020-03-08,DF,,state,1,0,2,False,3015268,3055149,53,0.03273,0.0000
2020-03-07,DF,,state,1,0,1,False,3015268,3055149,53,0.03273,0.0000
2021-05-02,DF,Brasília,city,334625,7200,421,True,3015268,3055149,5300108,10952.82096,0.0215
2021-05-01,DF,Brasília,city,333840,7177,420,False,3015268,3055149,5300108,10927.12663,0.0215
2021-04-30,DF,Brasília,city,332939,7153,419,False,3015268,3055149,5300108,10897.63543,0.0215
2021-04-29,DF,Brasília,city,331858,7118,418,False,3015268,3055149,5300108,10862.25254,0.0214
2021-04-28,DF,Brasília,city,330990,7080,417,False,3015268,3055149,5300108,10833.84149,0.0214
2021-04-27,DF,Brasília,city,329844,7038,416,False,3015268,3055149,5300108,10796.33105,0.0213
2021-04-26,DF,Brasília,city,329035,7001,415,False,3015268,3055149,5300108,10769.85116,0.0213
2021-04-25,DF,Brasília,city,328091,6945,414,False,3015268,3055149,5300108,10738.95250,0.0212
2021-04-24,DF,Brasília,city,327216,6914,413,False,3015268,3055149,5300108,10710.31233,0.0211
2021-04-23,DF,Brasília,city,326435,6878,412,False,3015268,3055149,5300108,10684.74893,0.0211
2021-04-22,DF,Brasília,city,325497,6826,411,False,3015268,3055149,5300108,10654.04666,0.0210
2021-04-21,DF,Brasília,city,324693,6780,410,False,3015268,3055149,5300108,10627.73043,0.0209
2021-04-20,DF,Brasília,city,323838,6744,409,False,3015268,3055149,5300108,10599.74489,0.0208
2021-04-19,DF,Brasília,city,323036,6690,408,False,3015268,3055149,5300108,10573.49412,0.0207
2021-04-18,DF,Brasília,city,321881,6624,407,False,3015268,3055149,5300108,10535.68909,0.0206
2021-04-17,DF,Brasília,city,320997,6588,406,False,3015268,3055149,5300108,10506.75434,0.0205
2021-04-16,DF,Brasília,city,319975,6544,405,False,3015268,3055149,5300108,10473.30261,0.0205
2021-04-15,DF,Brasília,city,318921,6471,404,False,3015268,3055149,5300108,10438.80348,0.0203
2021-04-14,DF,Brasília,city,318029,6399,403,False,3015268,3055149,5300108,10409.60686,0.0201
2021-04-13,DF,Brasília,city,316751,6338,402,False,3015268,3055149,5300108,10367.77584,0.0200
2021-04-12,DF,Brasília,city,315938,6276,401,False,3015268,3055149,5300108,10341.16503,0.0199
2021-04-11,DF,Brasília,city,315070,6196,400,False,3015268,3055149,5300108,10312.75398,0.0197
2021-04-10,DF,Brasília,city,313828,6158,399,False,3015268,3055149,5300108,10272.10130,0.0196
2021-04-09,DF,Brasília,city,312801,6127,398,False,3015268,3055149,5300108,10238.48591,0.0196
2021-04-08,DF,Brasília,city,311257,6066,397,False,3015268,3055149,5300108,10187.94828,0.0195
2021-04-07,DF,Brasília,city,309839,5997,396,False,3015268,3055149,5300108,10141.53483,0.0194
2021-04-06,DF,Brasília,city,308773,5917,395,False,3015268,3055149,5300108,10106.64292,0.0192
2021-04-05,DF,Brasília,city,307976,5838,394,False,3015268,3055149,5300108,10080.55581,0.0190
2021-04-04,DF,Brasília,city,306766,5765,393,False,3015268,3055149,5300108,10040.95054,0.0188
2021-04-03,DF,Brasília,city,305792,5713,392,False,3015268,3055149,5300108,10009.06993,0.0187
2021-04-02,DF,Brasília,city,304202,5686,391,False,3015268,3055149,5300108,9957.02665,0.0187
2021-04-01,DF,Brasília,city,303098,5632,390,False,3015268,3055149,5300108,9920.89093,0.0186
2021-03-31,DF,Brasília,city,301906,5515,389,False,3015268,3055149,5300108,9881.87483,0.0183
2021-03-30,DF,Brasília,city,300844,5411,388,False,3015268,3055149,5300108,9847.11384,0.0180
2021-03-29,DF,Brasília,city,299634,5325,387,False,3015268,3055149,5300108,9807.50857,0.0178
2021-03-28,DF,Brasília,city,298228,5268,386,False,3015268,3055149,5300108,9761.48790,0.0177
2021-03-27,DF,Brasília,city,297308,5230,385,False,3015268,3055149,5300108,9731.37480,0.0176
2021-03-26,DF,Brasília,city,295793,5190,384,False,3015268,3055149,5300108,9681.78639,0.0175
2021-03-25,DF,Brasília,city,293891,5130,383,False,3015268,3055149,5300108,9619.53083,0.0175
2021-03-24,DF,Brasília,city,292223,5075,382,False,3015268,3055149,5300108,9564.93448,0.0174
2021-03-23,DF,Brasília,city,291096,5026,381,False,3015268,3055149,5300108,9528.04593,0.0173
2021-03-22,DF,Brasília,city,289873,4967,380,False,3015268,3055149,5300108,9488.01515,0.0171
2021-03-21,DF,Brasília,city,288264,4909,379,False,3015268,3055149,5300108,9435.34996,0.0170
2021-03-20,DF,Brasília,city,287337,4883,378,False,3015268,3055149,5300108,9405.00774,0.0170
2021-03-19,DF,Brasília,city,285829,4851,377,False,3015268,3055149,5300108,9355.64845,0.0170
2021-03-18,DF,Brasília,city,284481,4806,376,False,3015268,3055149,5300108,9311.52621,0.0169
2021-03-17,DF,Brasília,city,282862,4741,375,False,3015268,3055149,5300108,9258.53371,0.0168
2021-03-16,DF,Brasília,city,281710,4716,374,False,3015268,3055149,5300108,9220.82687,0.0167
2021-03-15,DF,Brasília,city,280378,4688,373,False,3015268,3055149,5300108,9177.22834,0.0167
2021-03-14,DF,Brasília,city,278567,4660,372,False,3015268,3055149,5300108,9117.95137,0.0167
2021-03-13,DF,Brasília,city,276986,4642,371,False,3015268,3055149,5300108,9066.20266,0.0168
2021-03-12,DF,Brasília,city,275454,4628,370,False,3015268,3055149,5300108,9016.05781,0.0168
2021-03-11,DF,Brasília,city,274106,4597,369,False,3015268,3055149,5300108,8971.93557,0.0168
2021-03-10,DF,Brasília,city,272544,4578,368,False,3015268,3055149,5300108,8920.80877,0.0168
2021-03-09,DF,Brasília,city,271204,4554,367,False,3015268,3055149,5300108,8876.94839,0.0168
2021-03-08,DF,Brasília,city,270301,4532,366,False,3015268,3055149,5300108,8847.39173,0.0168
2021-03-07,DF,Brasília,city,268377,4516,365,False,3015268,3055149,5300108,8784.41608,0.0168
2021-03-06,DF,Brasília,city,267554,4504,364,False,3015268,3055149,5300108,8757.47795,0.0168
2021-03-05,DF,Brasília,city,265989,4489,363,False,3015268,3055149,5300108,8706.25295,0.0169
2021-03-04,DF,Brasília,city,264659,4474,362,False,3015268,3055149,5300108,8662.71989,0.0169
2021-03-03,DF,Brasília,city,263569,4458,361,False,3015268,3055149,5300108,8627.04241,0.0169
2021-03-02,DF,Brasília,city,262329,4447,360,False,3015268,3055149,5300108,8586.45519,0.0170
2021-03-01,DF,Brasília,city,261879,4428,359,False,3015268,3055149,5300108,8571.72596,0.0169
2021-02-28,DF,Brasília,city,260175,4403,358,False,3015268,3055149,5300108,8515.95127,0.0169
2021-02-27,DF,Brasília,city,259154,4396,357,False,3015268,3055149,5300108,8482.53228,0.0170
2021-02-26,DF,Brasília,city,258489,4387,356,False,3015268,3055149,5300108,8460.76574,0.0170
2021-02-25,DF,Brasília,city,257498,4375,355,False,3015268,3055149,5300108,8428.32870,0.0170
2021-02-24,DF,Brasília,city,256588,4363,354,False,3015268,3055149,5300108,8398.54292,0.0170
2021-02-23,DF,Brasília,city,255395,4349,353,False,3015268,3055149,5300108,8359.49409,0.0170
2021-02-22,DF,Brasília,city,254928,4343,352,False,3015268,3055149,5300108,8344.20842,0.0170
2021-02-21,DF,Brasília,city,254109,4336,351,False,3015268,3055149,5300108,8317.40121,0.0171
2021-02-20,DF,Brasília,city,253346,4328,350,False,3015268,3055149,5300108,8292.42698,0.0171
2021-02-19,DF,Brasília,city,252707,4321,349,False,3015268,3055149,5300108,8271.51147,0.0171
2021-02-18,DF,Brasília,city,251892,4312,348,False,3015268,3055149,5300108,8244.83519,0.0171
2021-02-17,DF,Brasília,city,251291,4304,347,False,3015268,3055149,5300108,8225.16349,0.0171
2021-02-16,DF,Brasília,city,250753,4294,346,False,3015268,3055149,5300108,8207.55387,0.0171
2021-02-15,DF,Brasília,city,250217,4285,345,False,3015268,3055149,5300108,8190.00972,0.0171
2021-02-14,DF,Brasília,city,249541,4277,344,False,3015268,3055149,5300108,8167.88314,0.0171
2021-02-13,DF,Brasília,city,249054,4270,343,False,3015268,3055149,5300108,8151.94283,0.0171
2021-02-12,DF,Brasília,city,248522,4263,342,False,3015268,3055149,5300108,8134.52961,0.0172
2021-02-11,DF,Brasília,city,248068,4254,341,False,3015268,3055149,5300108,8119.66945,0.0171
2021-02-10,DF,Brasília,city,247562,4243,340,False,3015268,3055149,5300108,8103.10725,0.0171
2021-02-09,DF,Brasília,city,247035,4235,339,False,3015268,3055149,5300108,8085.85768,0.0171
2021-02-08,DF,Brasília,city,246577,4225,338,False,3015268,3055149,5300108,8070.86659,0.0171
2021-02-07,DF,Brasília,city,246084,4212,337,False,3015268,3055149,5300108,8054.72990,0.0171
2021-02-06,DF,Brasília,city,245730,4202,336,False,3015268,3055149,5300108,8043.14290,0.0171
2021-02-05,DF,Brasília,city,245294,4196,335,False,3015268,3055149,5300108,8028.87191,0.0171
2021-02-04,DF,Brasília,city,244723,4189,334,False,3015268,3055149,5300108,8010.18215,0.0171
2021-02-03,DF,Brasília,city,244327,4180,333,False,3015268,3055149,5300108,7997.22043,0.0171
2021-02-02,DF,Brasília,city,243741,4174,332,False,3015268,3055149,5300108,7978.03970,0.0171
2021-02-01,DF,Brasília,city,243376,4167,331,False,3015268,3055149,5300108,7966.09265,0.0171
2021-01-31,DF,Brasília,city,242662,4161,330,False,3015268,3055149,5300108,7942.72227,0.0171
2021-01-30,DF,Brasília,city,242177,4152,329,False,3015268,3055149,5300108,7926.84743,0.0171
2021-01-29,DF,Brasília,city,241405,4141,328,False,3015268,3055149,5300108,7901.57861,0.0172
2021-01-28,DF,Brasília,city,240429,4127,327,False,3015268,3055149,5300108,7869.63254,0.0172
2021-01-27,DF,Brasília,city,239356,4117,326,False,3015268,3055149,5300108,7834.51151,0.0172
2021-01-26,DF,Brasília,city,238410,4115,325,False,3015268,3055149,5300108,7803.54739,0.0173
2021-01-25,DF,Brasília,city,237467,4100,324,False,3015268,3055149,5300108,7772.68146,0.0173
2021-01-24,DF,Brasília,city,236430,4090,323,False,3015268,3055149,5300108,7738.73877,0.0173
2021-01-23,DF,Brasília,city,235677,4082,322,False,3015268,3055149,5300108,7714.09185,0.0173
2021-01-22,DF,Brasília,city,234845,4074,321,False,3015268,3055149,5300108,7686.85914,0.0173
2021-01-21,DF,Brasília,city,233973,4067,320,False,3015268,3055149,5300108,7658.31716,0.0174
2021-01-20,DF,Brasília,city,233224,4060,319,False,3015268,3055149,5300108,7633.80117,0.0174
2021-01-19,DF,Brasília,city,232706,4056,318,False,3015268,3055149,5300108,7616.84618,0.0174
2021-01-18,DF,Brasília,city,232167,4049,317,False,3015268,3055149,5300108,7599.20384,0.0174
2021-01-17,DF,Brasília,city,231305,4045,316,False,3015268,3055149,5300108,7570.98917,0.0175
2021-01-16,DF,Brasília,city,230900,4038,315,False,3015268,3055149,5300108,7557.73286,0.0175
2021-01-15,DF,Brasília,city,230177,4032,314,False,3015268,3055149,5300108,7534.06790,0.0175
2021-01-14,DF,Brasília,city,229548,4028,313,False,3015268,3055149,5300108,7513.47970,0.0175
2021-01-13,DF,Brasília,city,228947,4018,312,False,3015268,3055149,5300108,7493.80799,0.0175
2021-01-12,DF,Brasília,city,228407,4006,311,False,3015268,3055149,5300108,7476.13292,0.0175
2021-01-11,DF,Brasília,city,227513,3999,310,False,3015268,3055149,5300108,7446.87084,0.0176
2021-01-10,DF,Brasília,city,226718,3989,309,False,3015268,3055149,5300108,7420.84920,0.0176
2021-01-09,DF,Brasília,city,226088,3984,308,False,3015268,3055149,5300108,7400.22827,0.0176
2021-01-08,DF,Brasília,city,225415,3981,307,False,3015268,3055149,5300108,7378.19988,0.0177
2021-01-07,DF,Brasília,city,224838,3973,306,False,3015268,3055149,5300108,7359.31374,0.0177
2021-01-06,DF,Brasília,city,224160,3965,305,False,3015268,3055149,5300108,7337.12169,0.0177
2021-01-05,DF,Brasília,city,223291,3944,304,False,3015268,3055149,5300108,7308.67791,0.0177
2021-01-04,DF,Brasília,city,222744,3931,303,False,3015268,3055149,5300108,7290.77371,0.0176
2021-01-03,DF,Brasília,city,221905,3913,302,False,3015268,3055149,5300108,7263.31187,0.0176
2021-01-02,DF,Brasília,city,221463,3913,301,False,3015268,3055149,5300108,7248.84449,0.0177
2021-01-01,DF,Brasília,city,220783,3908,300,False,3015268,3055149,5300108,7226.58698,0.0177
2020-12-31,DF,Brasília,city,220482,3904,299,False,3015268,3055149,5300108,7216.73476,0.0177
2020-12-30,DF,Brasília,city,219994,3893,298,False,3015268,3055149,5300108,7200.76173,0.0177
2020-12-29,DF,Brasília,city,219403,3887,297,False,3015268,3055149,5300108,7181.41734,0.0177
2020-12-28,DF,Brasília,city,218811,3873,296,False,3015268,3055149,5300108,7162.04021,0.0177
2020-12-27,DF,Brasília,city,217743,3852,295,False,3015268,3055149,5300108,7127.08284,0.0177
2020-12-26,DF,Brasília,city,217233,3849,294,False,3015268,3055149,5300108,7110.38971,0.0177
2020-12-25,DF,Brasília,city,216674,3844,293,False,3015268,3055149,5300108,7092.09273,0.0177
2020-12-24,DF,Brasília,city,216387,3840,292,False,3015268,3055149,5300108,7082.69875,0.0177
2020-12-23,DF,Brasília,city,215926,3834,291,False,3015268,3055149,5300108,7067.60947,0.0178
2020-12-22,DF,Brasília,city,215504,3823,290,False,3015268,3055149,5300108,7053.79672,0.0177
2020-12-21,DF,Brasília,city,214934,3811,289,False,3015268,3055149,5300108,7035.13969,0.0177
2020-12-20,DF,Brasília,city,214088,3800,288,False,3015268,3055149,5300108,7007.44874,0.0177
2020-12-19,DF,Brasília,city,213728,3795,287,False,3015268,3055149,5300108,6995.66535,0.0178
2020-12-18,DF,Brasília,city,213159,3790,286,False,3015268,3055149,5300108,6977.04105,0.0178
2020-12-17,DF,Brasília,city,212333,3781,285,False,3015268,3055149,5300108,6950.00473,0.0178
2020-12-16,DF,Brasília,city,211610,3767,284,False,3015268,3055149,5300108,6926.33976,0.0178
2020-12-15,DF,Brasília,city,211128,3756,283,False,3015268,3055149,5300108,6910.56312,0.0178
2020-12-14,DF,Brasília,city,210435,3751,282,False,3015268,3055149,5300108,6887.88010,0.0178
2020-12-13,DF,Brasília,city,209553,3735,281,False,3015268,3055149,5300108,6859.01080,0.0178
2020-12-12,DF,Brasília,city,209179,3729,280,False,3015268,3055149,5300108,6846.76918,0.0178
2020-12-11,DF,Brasília,city,208557,3723,279,False,3015268,3055149,5300108,6826.41010,0.0179
2020-12-10,DF,Brasília,city,207853,3716,278,False,3015268,3055149,5300108,6803.36704,0.0179
2020-12-09,DF,Brasília,city,207121,3706,277,False,3015268,3055149,5300108,6779.40749,0.0179
2020-12-08,DF,Brasília,city,206363,3686,276,False,3015268,3055149,5300108,6754.59691,0.0179
2020-12-07,DF,Brasília,city,205366,3678,275,False,3015268,3055149,5300108,6721.96348,0.0179
2020-12-06,DF,Brasília,city,204920,3663,274,False,3015268,3055149,5300108,6707.36517,0.0179
2020-12-05,DF,Brasília,city,204612,3656,273,False,3015268,3055149,5300108,6697.28383,0.0179
2020-12-04,DF,Brasília,city,204144,3647,272,False,3015268,3055149,5300108,6681.96543,0.0179
2020-12-03,DF,Brasília,city,202946,3642,271,False,3015268,3055149,5300108,6642.75294,0.0179
2020-12-02,DF,Brasília,city,202479,3635,270,False,3015268,3055149,5300108,6627.46727,0.0180
2020-12-01,DF,Brasília,city,201778,3620,269,False,3015268,3055149,5300108,6604.52240,0.0179
2020-11-30,DF,Brasília,city,200976,3612,268,False,3015268,3055149,5300108,6578.27163,0.0180
2020-11-29,DF,Brasília,city,200596,3607,267,False,3015268,3055149,5300108,6565.83361,0.0180
2020-11-28,DF,Brasília,city,200046,3603,266,False,3015268,3055149,5300108,6547.83122,0.0180
2020-11-27,DF,Brasília,city,199585,3598,265,False,3015268,3055149,5300108,6532.74194,0.0180
2020-11-26,DF,Brasília,city,198786,3595,264,False,3015268,3055149,5300108,6506.58937,0.0181
2020-11-25,DF,Brasília,city,198097,3591,263,False,3015268,3055149,5300108,6484.03728,0.0181
2020-11-24,DF,Brasília,city,197310,3584,262,False,3015268,3055149,5300108,6458.27748,0.0182
2020-11-23,DF,Brasília,city,196863,3569,261,False,3015268,3055149,5300108,6443.64645,0.0181
2020-11-22,DF,Brasília,city,196101,3555,260,False,3015268,3055149,5300108,6418.70495,0.0181
2020-11-21,DF,Brasília,city,195882,3551,259,False,3015268,3055149,5300108,6411.53672,0.0181
2020-11-20,DF,Brasília,city,195417,3546,258,False,3015268,3055149,5300108,6396.31651,0.0181
2020-11-19,DF,Brasília,city,194976,3541,257,False,3015268,3055149,5300108,6381.88187,0.0182
2020-11-18,DF,Brasília,city,194360,3534,256,False,3015268,3055149,5300108,6361.71918,0.0182
2020-11-17,DF,Brasília,city,193909,3527,255,False,3015268,3055149,5300108,6346.95722,0.0182
2020-11-16,DF,Brasília,city,193345,3515,254,False,3015268,3055149,5300108,6328.49658,0.0182
2020-11-15,DF,Brasília,city,192985,3507,253,False,3015268,3055149,5300108,6316.71319,0.0182
2020-11-14,DF,Brasília,city,192716,3503,252,False,3015268,3055149,5300108,6307.90839,0.0182
2020-11-13,DF,Brasília,city,192094,3498,251,False,3015268,3055149,5300108,6287.54931,0.0182
2020-11-12,DF,Brasília,city,191642,3489,250,False,3015268,3055149,5300108,6272.75462,0.0182
2020-11-11,DF,Brasília,city,191012,3481,249,False,3015268,3055149,5300108,6252.13369,0.0182
2020-11-10,DF,Brasília,city,190630,3469,248,False,3015268,3055149,5300108,6239.63021,0.0182
2020-11-09,DF,Brasília,city,190183,3457,247,False,3015268,3055149,5300108,6224.99917,0.0182
2020-11-08,DF,Brasília,city,189755,3450,246,False,3015268,3055149,5300108,6210.99004,0.0182
2020-11-07,DF,Brasília,city,189277,3439,245,False,3015268,3055149,5300108,6195.34432,0.0182
2020-11-06,DF,Brasília,city,188948,3436,244,False,3015268,3055149,5300108,6184.57561,0.0182
2020-11-05,DF,Brasília,city,188505,3431,243,False,3015268,3055149,5300108,6170.07550,0.0182
2020-11-04,DF,Brasília,city,188233,3423,242,False,3015268,3055149,5300108,6161.17250,0.0182
2020-11-03,DF,Brasília,city,187816,3413,241,False,3015268,3055149,5300108,6147.52341,0.0182
2020-11-02,DF,Brasília,city,187320,3402,240,False,3015268,3055149,5300108,6131.28852,0.0182
2020-11-01,DF,Brasília,city,187162,3395,239,False,3015268,3055149,5300108,6126.11693,0.0181
2020-10-31,DF,Brasília,city,186994,3390,238,False,3015268,3055149,5300108,6120.61801,0.0181
2020-10-30,DF,Brasília,city,186581,3385,237,False,3015268,3055149,5300108,6107.09985,0.0181
2020-10-29,DF,Brasília,city,186012,3380,236,False,3015268,3055149,5300108,6088.47555,0.0182
2020-10-28,DF,Brasília,city,185429,3372,235,False,3015268,3055149,5300108,6069.39301,0.0182
2020-10-27,DF,Brasília,city,184826,3364,234,False,3015268,3055149,5300108,6049.65584,0.0182
2020-10-26,DF,Brasília,city,184275,3353,233,False,3015268,3055149,5300108,6031.62072,0.0182
2020-10-25,DF,Brasília,city,183591,3345,232,False,3015268,3055149,5300108,6009.23228,0.0182
2020-10-24,DF,Brasília,city,183024,3335,231,False,3015268,3055149,5300108,5990.67345,0.0182
2020-10-23,DF,Brasília,city,182535,3326,230,False,3015268,3055149,5300108,5974.66768,0.0182
2020-10-22,DF,Brasília,city,182016,3314,229,False,3015268,3055149,5300108,5957.67997,0.0182
2020-10-21,DF,Brasília,city,181489,3301,228,False,3015268,3055149,5300108,5940.43040,0.0182
2020-10-20,DF,Brasília,city,180803,3290,227,False,3015268,3055149,5300108,5917.97650,0.0182
2020-10-19,DF,Brasília,city,180314,3277,226,False,3015268,3055149,5300108,5901.97074,0.0182
2020-10-18,DF,Brasília,city,179663,3262,225,False,3015268,3055149,5300108,5880.66245,0.0182
2020-10-17,DF,Brasília,city,179054,3257,224,False,3015268,3055149,5300108,5860.72889,0.0182
2020-10-16,DF,Brasília,city,178411,3245,223,False,3015268,3055149,5300108,5839.68245,0.0182
2020-10-15,DF,Brasília,city,177735,3221,222,False,3015268,3055149,5300108,5817.55587,0.0181
2020-10-14,DF,Brasília,city,177107,3212,221,False,3015268,3055149,5300108,5797.00041,0.0181
2020-10-13,DF,Brasília,city,176488,3192,220,False,3015268,3055149,5300108,5776.73953,0.0181
2020-10-12,DF,Brasília,city,175779,3165,219,False,3015268,3055149,5300108,5753.53281,0.0180
2020-10-11,DF,Brasília,city,175450,3151,218,False,3015268,3055149,5300108,5742.76410,0.0180
2020-10-10,DF,Brasília,city,175062,3139,217,False,3015268,3055149,5300108,5730.06423,0.0179
2020-10-09,DF,Brasília,city,174382,3125,216,False,3015268,3055149,5300108,5707.80672,0.0179
2020-10-08,DF,Brasília,city,173858,3119,215,False,3015268,3055149,5300108,5690.65535,0.0179
2020-10-07,DF,Brasília,city,173123,3106,214,False,3015268,3055149,5300108,5666.59760,0.0179
2020-10-06,DF,Brasília,city,172600,3092,213,False,3015268,3055149,5300108,5649.47896,0.0179
2020-10-05,DF,Brasília,city,171862,3074,212,False,3015268,3055149,5300108,5625.32302,0.0179
2020-10-04,DF,Brasília,city,171421,3054,211,False,3015268,3055149,5300108,5610.88837,0.0178
2020-10-03,DF,Brasília,city,170870,3040,210,False,3015268,3055149,5300108,5592.85325,0.0178
2020-10-02,DF,Brasília,city,170188,3024,209,False,3015268,3055149,5300108,5570.53028,0.0178
2020-10-01,DF,Brasília,city,169408,3010,208,False,3015268,3055149,5300108,5544.99961,0.0178
2020-09-30,DF,Brasília,city,168630,2991,207,False,3015268,3055149,5300108,5519.53440,0.0177
2020-09-29,DF,Brasília,city,167794,2962,206,False,3015268,3055149,5300108,5492.17076,0.0177
2020-09-28,DF,Brasília,city,167105,2941,205,False,3015268,3055149,5300108,5469.61867,0.0176
2020-09-27,DF,Brasília,city,166310,2926,204,False,3015268,3055149,5300108,5443.59702,0.0176
2020-09-26,DF,Brasília,city,165493,2922,203,False,3015268,3055149,5300108,5416.85528,0.0177
2020-09-25,DF,Brasília,city,164861,2915,202,False,3015268,3055149,5300108,5396.16889,0.0177
2020-09-24,DF,Brasília,city,164027,2904,201,False,3015268,3055149,5300108,5368.87072,0.0177
2020-09-23,DF,Brasília,city,163225,2889,200,False,3015268,3055149,5300108,5342.61995,0.0177
2020-09-22,DF,Brasília,city,162618,2874,199,False,3015268,3055149,5300108,5322.75185,0.0177
2020-09-21,DF,Brasília,city,161938,2842,198,False,3015268,3055149,5300108,5300.49435,0.0175
2020-09-20,DF,Brasília,city,161230,2810,197,False,3015268,3055149,5300108,5277.32035,0.0174
2020-09-19,DF,Brasília,city,160686,2798,196,False,3015268,3055149,5300108,5259.51435,0.0174
2020-09-18,DF,Brasília,city,159630,2789,195,False,3015268,3055149,5300108,5224.94975,0.0175
2020-09-17,DF,Brasília,city,158734,2776,194,False,3015268,3055149,5300108,5195.62221,0.0175
2020-09-16,DF,Brasília,city,157856,2754,193,False,3015268,3055149,5300108,5166.88384,0.0174
2020-09-15,DF,Brasília,city,156994,2726,192,False,3015268,3055149,5300108,5138.66918,0.0174
2020-09-14,DF,Brasília,city,156279,2688,191,False,3015268,3055149,5300108,5115.26606,0.0172
2020-09-13,DF,Brasília,city,155349,2661,190,False,3015268,3055149,5300108,5084.82565,0.0171
2020-09-12,DF,Brasília,city,154294,2646,189,False,3015268,3055149,5300108,5050.29378,0.0171
2020-09-11,DF,Brasília,city,153321,2630,188,False,3015268,3055149,5300108,5018.44591,0.0172
2020-09-10,DF,Brasília,city,152558,2608,187,False,3015268,3055149,5300108,4993.47168,0.0171
2020-09-09,DF,Brasília,city,151735,2579,186,False,3015268,3055149,5300108,4966.53355,0.0170
2020-09-08,DF,Brasília,city,150849,2530,185,False,3015268,3055149,5300108,4937.53332,0.0168
2020-09-07,DF,Brasília,city,150081,2493,184,False,3015268,3055149,5300108,4912.39543,0.0166
2020-09-06,DF,Brasília,city,149157,2483,183,False,3015268,3055149,5300108,4882.15141,0.0166
2020-09-05,DF,Brasília,city,148276,2474,182,False,3015268,3055149,5300108,4853.31485,0.0167
2020-09-04,DF,Brasília,city,146998,2459,181,False,3015268,3055149,5300108,4811.48383,0.0167
2020-09-03,DF,Brasília,city,145887,2422,180,False,3015268,3055149,5300108,4775.11899,0.0166
2020-09-02,DF,Brasília,city,144786,2391,179,False,3015268,3055149,5300108,4739.08147,0.0165
2020-09-01,DF,Brasília,city,143910,2358,178,False,3015268,3055149,5300108,4710.40856,0.0164
2020-08-31,DF,Brasília,city,142734,2312,177,False,3015268,3055149,5300108,4671.91617,0.0162
2020-08-30,DF,Brasília,city,141578,2266,176,False,3015268,3055149,5300108,4634.07840,0.0160
2020-08-29,DF,Brasília,city,140499,2248,175,False,3015268,3055149,5300108,4598.76098,0.0160
2020-08-28,DF,Brasília,city,139285,2237,174,False,3015268,3055149,5300108,4559.02478,0.0161
2020-08-27,DF,Brasília,city,138180,2223,173,False,3015268,3055149,5300108,4522.85633,0.0161
2020-08-26,DF,Brasília,city,136765,2199,172,False,3015268,3055149,5300108,4476.54108,0.0161
2020-08-25,DF,Brasília,city,135423,2148,171,False,3015268,3055149,5300108,4432.61523,0.0159
2020-08-24,DF,Brasília,city,132472,2122,170,False,3015268,3055149,5300108,4336.02420,0.0160
2020-08-23,DF,Brasília,city,131253,2082,169,False,3015268,3055149,5300108,4296.12435,0.0159
2020-08-22,DF,Brasília,city,129583,2065,168,False,3015268,3055149,5300108,4241.46253,0.0159
2020-08-21,DF,Brasília,city,128149,2052,167,False,3015268,3055149,5300108,4194.52537,0.0160
2020-08-20,DF,Brasília,city,126638,2010,166,False,3015268,3055149,5300108,4145.06788,0.0159
2020-08-19,DF,Brasília,city,124843,1969,165,False,3015268,3055149,5300108,4086.31461,0.0158
2020-08-18,DF,Brasília,city,123436,1921,164,False,3015268,3055149,5300108,4040.26121,0.0156
2020-08-17,DF,Brasília,city,122336,1869,163,False,3015268,3055149,5300108,4004.25642,0.0153
2020-08-16,DF,Brasília,city,120321,1807,162,False,3015268,3055149,5300108,3938.30219,0.0150
2020-08-15,DF,Brasília,city,119068,1789,161,False,3015268,3055149,5300108,3897.28946,0.0150
2020-08-14,DF,Brasília,city,117374,1768,160,False,3015268,3055149,5300108,3841.84208,0.0151
2020-08-13,DF,Brasília,city,115666,1742,159,False,3015268,3055149,5300108,3785.93646,0.0151
2020-08-12,DF,Brasília,city,113913,1709,158,False,3015268,3055149,5300108,3728.55792,0.0150
2020-08-11,DF,Brasília,city,112379,1655,157,False,3015268,3055149,5300108,3678.34760,0.0147
2020-08-10,DF,Brasília,city,111254,1608,156,False,3015268,3055149,5300108,3641.52452,0.0145
2020-08-09,DF,Brasília,city,108555,1579,155,False,3015268,3055149,5300108,3553.18186,0.0145
2020-08-08,DF,Brasília,city,107567,1561,154,False,3015268,3055149,5300108,3520.84301,0.0145
2020-08-07,DF,Brasília,city,105853,1536,153,False,3015268,3055149,5300108,3464.74100,0.0145
2020-08-06,DF,Brasília,city,104508,1506,152,False,3015268,3055149,5300108,3420.71696,0.0144
2020-08-05,DF,Brasília,city,102378,1463,151,False,3015268,3055149,5300108,3350.99859,0.0143
2020-08-04,DF,Brasília,city,100543,1432,150,False,3015268,3055149,5300108,3290.93606,0.0142
2020-08-03,DF,Brasília,city,98690,1406,149,False,3015268,3055149,5300108,3230.28435,0.0142
2020-08-02,DF,Brasília,city,97029,1385,148,False,3015268,3055149,5300108,3175.91712,0.0143
2020-08-01,DF,Brasília,city,95152,1352,147,False,3015268,3055149,5300108,3114.47985,0.0142
2020-07-31,DF,Brasília,city,93689,1333,146,False,3015268,3055149,5300108,3066.59348,0.0142
2020-07-30,DF,Brasília,city,92196,1312,145,False,3015268,3055149,5300108,3017.72516,0.0142
2020-07-29,DF,Brasília,city,90353,1289,144,False,3015268,3055149,5300108,2957.40077,0.0143
2020-07-28,DF,Brasília,city,88972,1266,143,False,3015268,3055149,5300108,2912.19839,0.0142
2020-07-27,DF,Brasília,city,86974,1220,142,False,3015268,3055149,5300108,2846.80060,0.0140
2020-07-26,DF,Brasília,city,85072,1193,141,False,3015268,3055149,5300108,2784.54504,0.0140
2020-07-25,DF,Brasília,city,83222,1164,140,False,3015268,3055149,5300108,2723.99153,0.0140
2020-07-24,DF,Brasília,city,81588,1135,139,False,3015268,3055149,5300108,2670.50805,0.0139
2020-07-23,DF,Brasília,city,79488,1113,138,False,3015268,3055149,5300108,2601.77163,0.0140
2020-07-22,DF,Brasília,city,77590,1072,137,False,3015268,3055149,5300108,2539.64700,0.0138
2020-07-21,DF,Brasília,city,76132,1056,136,False,3015268,3055149,5300108,2491.92429,0.0139
2020-07-20,DF,Brasília,city,74544,1015,135,False,3015268,3055149,5300108,2439.94646,0.0136
2020-07-19,DF,Brasília,city,72892,989,134,False,3015268,3055149,5300108,2385.87381,0.0136
2020-07-18,DF,Brasília,city,71734,979,133,False,3015268,3055149,5300108,2347.97059,0.0136
2020-07-17,DF,Brasília,city,70414,967,132,False,3015268,3055149,5300108,2304.76484,0.0137
2020-07-16,DF,Brasília,city,68952,945,131,False,3015268,3055149,5300108,2256.91120,0.0137
2020-07-15,DF,Brasília,city,66901,918,130,False,3015268,3055149,5300108,2189.77863,0.0137
2020-07-14,DF,Brasília,city,65580,882,129,False,3015268,3055149,5300108,2146.54015,0.0134
2020-07-13,DF,Brasília,city,64450,853,128,False,3015268,3055149,5300108,2109.55341,0.0132
2020-07-12,DF,Brasília,city,63071,827,127,False,3015268,3055149,5300108,2064.41650,0.0131
2020-07-11,DF,Brasília,city,60987,797,126,False,3015268,3055149,5300108,1996.20379,0.0131
2020-07-10,DF,Brasília,city,60018,785,125,False,3015268,3055149,5300108,1964.48684,0.0131
2020-07-09,DF,Brasília,city,58587,754,124,False,3015268,3055149,5300108,1917.64788,0.0129
2020-07-08,DF,Brasília,city,57387,733,123,False,3015268,3055149,5300108,1878.36993,0.0128
2020-07-07,DF,Brasília,city,55973,701,122,False,3015268,3055149,5300108,1832.08740,0.0125
2020-07-06,DF,Brasília,city,54008,663,121,False,3015268,3055149,5300108,1767.76976,0.0123
2020-07-05,DF,Brasília,city,51617,637,120,False,3015268,3055149,5300108,1689.50843,0.0123
2020-07-04,DF,Brasília,city,49609,611,119,False,3015268,3055149,5300108,1623.78332,0.0123
2020-07-03,DF,Brasília,city,48068,588,118,False,3015268,3055149,5300108,1573.34389,0.0122
2020-07-02,DF,Brasília,city,46559,578,117,False,3015268,3055149,5300108,1523.95186,0.0124
2020-07-01,DF,Brasília,city,45111,567,116,False,3015268,3055149,5300108,1476.55646,0.0126
2020-06-30,DF,Brasília,city,43800,539,115,False,3015268,3055149,5300108,1433.64530,0.0123
2020-06-29,DF,Brasília,city,41849,512,114,False,3015268,3055149,5300108,1369.78589,0.0122
2020-06-28,DF,Brasília,city,39713,502,113,False,3015268,3055149,5300108,1299.87114,0.0126
2020-06-27,DF,Brasília,city,37642,491,112,False,3015268,3055149,5300108,1232.08393,0.0130
2020-06-26,DF,Brasília,city,36464,486,111,False,3015268,3055149,5300108,1193.52608,0.0133
2020-06-25,DF,Brasília,city,34503,463,110,False,3015268,3055149,5300108,1129.33935,0.0134
2020-06-24,DF,Brasília,city,33096,449,109,False,3015268,3055149,5300108,1083.28595,0.0136
2020-06-23,DF,Brasília,city,31457,432,108,False,3015268,3055149,5300108,1029.63882,0.0137
2020-06-22,DF,Brasília,city,30427,410,107,False,3015268,3055149,5300108,995.92524,0.0135
2020-06-21,DF,Brasília,city,29598,386,106,False,3015268,3055149,5300108,968.79072,0.0130
2020-06-20,DF,Brasília,city,28722,370,105,False,3015268,3055149,5300108,940.11781,0.0129
2020-06-19,DF,Brasília,city,27453,362,104,False,3015268,3055149,5300108,898.58138,0.0132
2020-06-18,DF,Brasília,city,25274,345,103,False,3015268,3055149,5300108,827.25916,0.0137
2020-06-17,DF,Brasília,city,24084,331,102,False,3015268,3055149,5300108,788.30852,0.0137
2020-06-16,DF,Brasília,city,22460,316,101,False,3015268,3055149,5300108,735.15236,0.0141
2020-06-15,DF,Brasília,city,21283,288,100,False,3015268,3055149,5300108,696.62723,0.0135
2020-06-14,DF,Brasília,city,20586,276,99,False,3015268,3055149,5300108,673.81329,0.0134
2020-06-13,DF,Brasília,city,19762,265,98,False,3015268,3055149,5300108,646.84243,0.0134
2020-06-12,DF,Brasília,city,19257,256,97,False,3015268,3055149,5300108,630.31296,0.0133
2020-06-11,DF,Brasília,city,18464,250,96,False,3015268,3055149,5300108,604.35678,0.0135
2020-06-10,DF,Brasília,city,17543,232,95,False,3015268,3055149,5300108,574.21095,0.0132
2020-06-09,DF,Brasília,city,16344,214,94,False,3015268,3055149,5300108,534.96573,0.0131
2020-06-08,DF,Brasília,city,15306,205,93,False,3015268,3055149,5300108,500.99030,0.0134
2020-06-07,DF,Brasília,city,15015,196,92,False,3015268,3055149,5300108,491.46539,0.0131
2020-06-06,DF,Brasília,city,14330,192,91,False,3015268,3055149,5300108,469.04423,0.0134
2020-06-05,DF,Brasília,city,12864,186,90,False,3015268,3055149,5300108,421.05966,0.0145
2020-06-04,DF,Brasília,city,11698,181,89,False,3015268,3055149,5300108,382.89458,0.0155
2020-06-03,DF,Brasília,city,10881,176,88,False,3015268,3055149,5300108,356.15284,0.0162
2020-06-02,DF,Brasília,city,10174,163,87,False,3015268,3055149,5300108,333.01158,0.0160
2020-06-01,DF,Brasília,city,9486,160,86,False,3015268,3055149,5300108,310.49222,0.0169
2020-05-31,DF,Brasília,city,8807,157,85,False,3015268,3055149,5300108,288.26745,0.0178
2020-05-30,DF,Brasília,city,8538,149,84,False,3015268,3055149,5300108,279.46264,0.0175
2020-05-29,DF,Brasília,city,7877,142,83,False,3015268,3055149,5300108,257.82703,0.0180
2020-05-28,DF,Brasília,city,7490,132,82,False,3015268,3055149,5300108,245.15989,0.0176
2020-05-27,DF,Brasília,city,6979,123,81,False,3015268,3055149,5300108,228.43403,0.0176
2020-05-26,DF,Brasília,city,6451,114,80,False,3015268,3055149,5300108,211.15173,0.0177
2020-05-25,DF,Brasília,city,6197,106,79,False,3015268,3055149,5300108,202.83790,0.0171
2020-05-24,DF,Brasília,city,5902,98,78,False,3015268,3055149,5300108,193.18207,0.0166
2020-05-23,DF,Brasília,city,5605,89,77,False,3015268,3055149,5300108,183.46077,0.0159
2020-05-22,DF,Brasília,city,5337,84,76,False,3015268,3055149,5300108,174.68870,0.0157
2020-05-21,DF,Brasília,city,4957,79,75,False,3015268,3055149,5300108,162.25068,0.0159
2020-05-20,DF,Brasília,city,4723,73,74,False,3015268,3055149,5300108,154.59148,0.0155
2020-05-19,DF,Brasília,city,4339,68,73,False,3015268,3055149,5300108,142.02253,0.0157
2020-05-18,DF,Brasília,city,4123,62,72,False,3015268,3055149,5300108,134.95250,0.0150
2020-05-17,DF,Brasília,city,3919,57,71,False,3015268,3055149,5300108,128.27525,0.0145
2020-05-16,DF,Brasília,city,3701,55,70,False,3015268,3055149,5300108,121.13975,0.0149
2020-05-15,DF,Brasília,city,3392,54,69,False,3015268,3055149,5300108,111.02568,0.0159
2020-05-14,DF,Brasília,city,3073,50,68,False,3015268,3055149,5300108,100.58429,0.0163
2020-05-13,DF,Brasília,city,2900,47,67,False,3015268,3055149,5300108,94.92172,0.0162
2020-05-12,DF,Brasília,city,2733,45,66,False,3015268,3055149,5300108,89.45554,0.0165
2020-05-11,DF,Brasília,city,2571,43,65,False,3015268,3055149,5300108,84.15302,0.0167
2020-05-10,DF,Brasília,city,2464,41,64,False,3015268,3055149,5300108,80.65073,0.0166
2020-05-09,DF,Brasília,city,2350,38,63,False,3015268,3055149,5300108,76.91933,0.0162
2020-05-08,DF,Brasília,city,2217,36,62,False,3015268,3055149,5300108,72.56602,0.0162
2020-05-07,DF,Brasília,city,2078,35,61,False,3015268,3055149,5300108,68.01632,0.0168
2020-05-06,DF,Brasília,city,1893,35,60,False,3015268,3055149,5300108,61.96097,0.0185
2020-05-05,DF,Brasília,city,1707,34,59,False,3015268,3055149,5300108,55.87289,0.0199
2020-05-04,DF,Brasília,city,1670,33,58,False,3015268,3055149,5300108,54.66182,0.0198
2020-05-03,DF,Brasília,city,1616,33,57,False,3015268,3055149,5300108,52.89431,0.0204
2020-05-02,DF,Brasília,city,1521,32,56,False,3015268,3055149,5300108,49.78481,0.0210
2020-05-01,DF,Brasília,city,1458,31,55,False,3015268,3055149,5300108,47.72271,0.0213
2020-04-30,DF,Brasília,city,1342,30,54,False,3015268,3055149,5300108,43.92584,0.0224
2020-04-29,DF,Brasília,city,1237,28,53,False,3015268,3055149,5300108,40.48902,0.0226
2020-04-28,DF,Brasília,city,1158,28,52,False,3015268,3055149,5300108,37.90323,0.0242
2020-04-27,DF,Brasília,city,1119,28,51,False,3015268,3055149,5300108,36.62669,0.0250
2020-04-26,DF,Brasília,city,1051,27,50,False,3015268,3055149,5300108,34.40094,0.0257
2020-04-25,DF,Brasília,city,956,27,49,False,3015268,3055149,5300108,31.29144,0.0282
2020-04-24,DF,Brasília,city,944,26,48,False,3015268,3055149,5300108,30.89866,0.0275
2020-04-23,DF,Brasília,city,906,26,47,False,3015268,3055149,5300108,29.65485,0.0287
2020-04-22,DF,Brasília,city,898,25,46,False,3015268,3055149,5300108,29.39300,0.0278
2020-04-21,DF,Brasília,city,854,24,45,False,3015268,3055149,5300108,27.95281,0.0281
2020-04-20,DF,Brasília,city,817,24,44,False,3015268,3055149,5300108,26.74174,0.0294
2020-04-19,DF,Brasília,city,783,24,43,False,3015268,3055149,5300108,25.62886,0.0307
2020-04-18,DF,Brasília,city,740,24,42,False,3015268,3055149,5300108,24.22140,0.0324
2020-04-17,DF,Brasília,city,702,24,41,False,3015268,3055149,5300108,22.97760,0.0342
2020-04-16,DF,Brasília,city,674,20,40,False,3015268,3055149,5300108,22.06112,0.0297
2020-04-15,DF,Brasília,city,642,17,39,False,3015268,3055149,5300108,21.01371,0.0265
2020-04-14,DF,Brasília,city,610,17,38,False,3015268,3055149,5300108,19.96629,0.0279
2020-04-13,DF,Brasília,city,598,15,37,False,3015268,3055149,5300108,19.57351,0.0251
2020-04-12,DF,Brasília,city,576,14,36,False,3015268,3055149,5300108,18.85342,0.0243
2020-04-11,DF,Brasília,city,545,14,35,False,3015268,3055149,5300108,17.83874,0.0257
2020-04-10,DF,Brasília,city,518,14,34,False,3015268,3055149,5300108,16.95498,0.0270
2020-04-09,DF,Brasília,city,486,13,33,False,3015268,3055149,5300108,15.90757,0.0267
2020-04-08,DF,Brasília,city,472,12,32,False,3015268,3055149,5300108,15.44933,0.0254
2020-04-07,DF,Brasília,city,466,12,31,False,3015268,3055149,5300108,15.25294,0.0258
2020-04-06,DF,Brasília,city,442,10,30,False,3015268,3055149,5300108,14.46738,0.0226
2020-04-05,DF,Brasília,city,428,7,29,False,3015268,3055149,5300108,14.00914,0.0164
2020-04-04,DF,Brasília,city,418,7,28,False,3015268,3055149,5300108,13.68182,0.0167
2020-04-03,DF,Brasília,city,382,6,27,False,3015268,3055149,5300108,12.50348,0.0157
2020-04-02,DF,Brasília,city,373,5,26,False,3015268,3055149,5300108,12.20890,0.0134
2020-04-01,DF,Brasília,city,329,4,25,False,3015268,3055149,5300108,10.76871,0.0122
2020-03-31,DF,Brasília,city,305,3,24,False,3015268,3055149,5300108,9.98315,0.0098
2020-03-30,DF,Brasília,city,285,2,23,False,3015268,3055149,5300108,9.32851,0.0070
2020-03-29,DF,Brasília,city,270,1,22,False,3015268,3055149,5300108,8.83754,0.0037
2020-03-28,DF,Brasília,city,225,0,21,False,3015268,3055149,5300108,7.36462,0.0000
2020-03-27,DF,Brasília,city,211,0,20,False,3015268,3055149,5300108,6.90637,0.0000
2020-03-26,DF,Brasília,city,171,0,19,False,3015268,3055149,5300108,5.59711,0.0000
2020-03-25,DF,Brasília,city,195,0,18,False,3015268,3055149,5300108,6.38267,0.0000
2020-03-24,DF,Brasília,city,161,0,17,False,3015268,3055149,5300108,5.26979,0.0000
2020-03-23,DF,Brasília,city,138,0,16,False,3015268,3055149,5300108,4.51696,0.0000
2020-03-22,DF,Brasília,city,117,0,15,False,3015268,3055149,5300108,3.82960,0.0000
2020-03-21,DF,Brasília,city,108,0,14,False,3015268,3055149,5300108,3.53502,0.0000
2020-03-20,DF,Brasília,city,87,0,13,False,3015268,3055149,5300108,2.84765,0.0000
2020-03-19,DF,Brasília,city,42,0,12,False,3015268,3055149,5300108,1.37473,0.0000
2020-03-18,DF,Brasília,city,34,0,11,False,3015268,3055149,5300108,1.11288,0.0000
2020-03-16,DF,Brasília,city,19,0,10,False,3015268,3055149,5300108,0.62190,0.0000
2020-03-15,DF,Brasília,city,14,0,9,False,3015268,3055149,5300108,0.45824,0.0000
2020-03-14,DF,Brasília,city,8,0,8,False,3015268,3055149,5300108,0.26185,0.0000
2020-03-13,DF,Brasília,city,2,0,7,False,3015268,3055149,5300108,0.06546,0.0000
2020-03-12,DF,Brasília,city,2,0,6,False,3015268,3055149,5300108,0.06546,0.0000
2020-03-11,DF,Brasília,city,2,0,5,False,3015268,3055149,5300108,0.06546,0.0000
2020-03-10,DF,Brasília,city,1,0,4,False,3015268,3055149,5300108,0.03273,0.0000
2020-03-09,DF,Brasília,city,1,0,3,False,3015268,3055149,5300108,0.03273,0.0000
2020-03-08,DF,Brasília,city,1,0,2,False,3015268,3055149,5300108,0.03273,0.0000
2020-03-07,DF,Brasília,city,1,0,1,False,3015268,3055149,5300108,0.03273,0.0000
2021-05-02,DF,Importados/Indefinidos,city,46014,655,403,True,,,,,0.0142
2021-05-01,DF,Importados/Indefinidos,city,45912,649,402,False,,,,,0.0141
2021-04-30,DF,Importados/Indefinidos,city,45844,645,401,False,,,,,0.0141
2021-04-29,DF,Importados/Indefinidos,city,45798,643,400,False,,,,,0.0140
2021-04-28,DF,Importados/Indefinidos,city,45737,638,399,False,,,,,0.0139
2021-04-27,DF,Importados/Indefinidos,city,45662,631,398,False,,,,,0.0138
2021-04-26,DF,Importados/Indefinidos,city,45553,627,397,False,,,,,0.0138
2021-04-25,DF,Importados/Indefinidos,city,45410,624,396,False,,,,,0.0137
2021-04-24,DF,Importados/Indefinidos,city,45347,620,395,False,,,,,0.0137
2021-04-23,DF,Importados/Indefinidos,city,45284,616,394,False,,,,,0.0136
2021-04-22,DF,Importados/Indefinidos,city,45189,614,393,False,,,,,0.0136
2021-04-21,DF,Importados/Indefinidos,city,45115,608,392,False,,,,,0.0135
2021-04-20,DF,Importados/Indefinidos,city,45086,600,391,False,,,,,0.0133
2021-04-19,DF,Importados/Indefinidos,city,44933,594,390,False,,,,,0.0132
2021-04-18,DF,Importados/Indefinidos,city,44827,586,389,False,,,,,0.0131
2021-04-17,DF,Importados/Indefinidos,city,44649,584,388,False,,,,,0.0131
2021-04-16,DF,Importados/Indefinidos,city,44477,581,387,False,,,,,0.0131
2021-04-15,DF,Importados/Indefinidos,city,44423,578,386,False,,,,,0.0130
2021-04-14,DF,Importados/Indefinidos,city,44350,573,385,False,,,,,0.0129
2021-04-13,DF,Importados/Indefinidos,city,44272,568,384,False,,,,,0.0128
2021-04-12,DF,Importados/Indefinidos,city,44186,564,383,False,,,,,0.0128
2021-04-11,DF,Importados/Indefinidos,city,44052,558,382,False,,,,,0.0127
2021-04-10,DF,Importados/Indefinidos,city,43933,551,381,False,,,,,0.0125
2021-04-09,DF,Importados/Indefinidos,city,43757,549,380,False,,,,,0.0125
2021-04-08,DF,Importados/Indefinidos,city,43559,543,379,False,,,,,0.0125
2021-04-07,DF,Importados/Indefinidos,city,43367,535,378,False,,,,,0.0123
2021-04-06,DF,Importados/Indefinidos,city,43294,532,377,False,,,,,0.0123
2021-04-05,DF,Importados/Indefinidos,city,43187,528,376,False,,,,,0.0122
2021-04-04,DF,Importados/Indefinidos,city,43009,523,375,False,,,,,0.0122
2021-04-03,DF,Importados/Indefinidos,city,42895,522,374,False,,,,,0.0122
2021-04-02,DF,Importados/Indefinidos,city,42671,521,373,False,,,,,0.0122
2021-04-01,DF,Importados/Indefinidos,city,42584,518,372,False,,,,,0.0122
2021-03-31,DF,Importados/Indefinidos,city,42458,514,371,False,,,,,0.0121
2021-03-30,DF,Importados/Indefinidos,city,42267,501,370,False,,,,,0.0119
2021-03-29,DF,Importados/Indefinidos,city,42124,493,369,False,,,,,0.0117
2021-03-28,DF,Importados/Indefinidos,city,41938,489,368,False,,,,,0.0117
2021-03-27,DF,Importados/Indefinidos,city,41622,487,367,False,,,,,0.0117
2021-03-26,DF,Importados/Indefinidos,city,41501,484,366,False,,,,,0.0117
2021-03-25,DF,Importados/Indefinidos,city,41262,480,365,False,,,,,0.0116
2021-03-24,DF,Importados/Indefinidos,city,41125,478,364,False,,,,,0.0116
2021-03-23,DF,Importados/Indefinidos,city,41057,477,363,False,,,,,0.0116
2021-03-22,DF,Importados/Indefinidos,city,40883,474,362,False,,,,,0.0116
2021-03-21,DF,Importados/Indefinidos,city,40638,473,361,False,,,,,0.0116
2021-03-20,DF,Importados/Indefinidos,city,40485,472,360,False,,,,,0.0117
2021-03-19,DF,Importados/Indefinidos,city,40254,470,359,False,,,,,0.0117
2021-03-18,DF,Importados/Indefinidos,city,40095,468,358,False,,,,,0.0117
2021-03-17,DF,Importados/Indefinidos,city,39824,465,357,False,,,,,0.0117
2021-03-16,DF,Importados/Indefinidos,city,39654,460,356,False,,,,,0.0116
2021-03-15,DF,Importados/Indefinidos,city,39558,457,355,False,,,,,0.0116
2021-03-14,DF,Importados/Indefinidos,city,39313,456,354,False,,,,,0.0116
2021-03-13,DF,Importados/Indefinidos,city,39195,455,353,False,,,,,0.0116
2021-03-12,DF,Importados/Indefinidos,city,39067,454,352,False,,,,,0.0116
2021-03-11,DF,Importados/Indefinidos,city,38850,451,351,False,,,,,0.0116
2021-03-10,DF,Importados/Indefinidos,city,38554,449,350,False,,,,,0.0116
2021-03-09,DF,Importados/Indefinidos,city,38343,448,349,False,,,,,0.0117
2021-03-08,DF,Importados/Indefinidos,city,38238,447,348,False,,,,,0.0117
2021-03-07,DF,Importados/Indefinidos,city,37874,446,347,False,,,,,0.0118
2021-03-06,DF,Importados/Indefinidos,city,37823,446,346,False,,,,,0.0118
2021-03-05,DF,Importados/Indefinidos,city,37696,444,345,False,,,,,0.0118
2021-03-04,DF,Importados/Indefinidos,city,37526,444,344,False,,,,,0.0118
2021-03-03,DF,Importados/Indefinidos,city,37350,442,343,False,,,,,0.0118
2021-03-02,DF,Importados/Indefinidos,city,37070,440,342,False,,,,,0.0119
2021-03-01,DF,Importados/Indefinidos,city,36957,437,341,False,,,,,0.0118
2021-02-28,DF,Importados/Indefinidos,city,36519,435,340,False,,,,,0.0119
2021-02-27,DF,Importados/Indefinidos,city,36461,435,339,False,,,,,0.0119
2021-02-26,DF,Importados/Indefinidos,city,36422,432,338,False,,,,,0.0119
2021-02-25,DF,Importados/Indefinidos,city,36284,430,337,False,,,,,0.0119
2021-02-24,DF,Importados/Indefinidos,city,36126,428,336,False,,,,,0.0118
2021-02-23,DF,Importados/Indefinidos,city,35958,426,335,False,,,,,0.0118
2021-02-22,DF,Importados/Indefinidos,city,35843,423,334,False,,,,,0.0118
2021-02-21,DF,Importados/Indefinidos,city,35711,421,333,False,,,,,0.0118
2021-02-20,DF,Importados/Indefinidos,city,35631,419,332,False,,,,,0.0118
2021-02-19,DF,Importados/Indefinidos,city,35522,417,331,False,,,,,0.0117
2021-02-18,DF,Importados/Indefinidos,city,35473,416,330,False,,,,,0.0117
2021-02-17,DF,Importados/Indefinidos,city,35429,414,329,False,,,,,0.0117
2021-02-16,DF,Importados/Indefinidos,city,35384,414,328,False,,,,,0.0117
2021-02-15,DF,Importados/Indefinidos,city,35359,412,327,False,,,,,0.0117
2021-02-14,DF,Importados/Indefinidos,city,35297,411,326,False,,,,,0.0116
2021-02-13,DF,Importados/Indefinidos,city,35247,410,325,False,,,,,0.0116
2021-02-12,DF,Importados/Indefinidos,city,35184,408,324,False,,,,,0.0116
2021-02-11,DF,Importados/Indefinidos,city,35126,406,323,False,,,,,0.0116
2021-02-10,DF,Importados/Indefinidos,city,35087,406,322,False,,,,,0.0116
2021-02-09,DF,Importados/Indefinidos,city,35036,406,321,False,,,,,0.0116
2021-02-08,DF,Importados/Indefinidos,city,34969,406,320,False,,,,,0.0116
2021-02-07,DF,Importados/Indefinidos,city,34918,406,319,False,,,,,0.0116
2021-02-06,DF,Importados/Indefinidos,city,34869,406,318,False,,,,,0.0116
2021-02-05,DF,Importados/Indefinidos,city,34732,404,317,False,,,,,0.0116
2021-02-04,DF,Importados/Indefinidos,city,34679,402,316,False,,,,,0.0116
2021-02-03,DF,Importados/Indefinidos,city,34645,402,315,False,,,,,0.0116
2021-02-02,DF,Importados/Indefinidos,city,34575,399,314,False,,,,,0.0115
2021-02-01,DF,Importados/Indefinidos,city,34531,397,313,False,,,,,0.0115
2021-01-31,DF,Importados/Indefinidos,city,34448,393,312,False,,,,,0.0114
2021-01-30,DF,Importados/Indefinidos,city,34395,393,311,False,,,,,0.0114
2021-01-29,DF,Importados/Indefinidos,city,34283,392,310,False,,,,,0.0114
2021-01-28,DF,Importados/Indefinidos,city,34172,392,309,False,,,,,0.0115
2021-01-27,DF,Importados/Indefinidos,city,34071,391,308,False,,,,,0.0115
2021-01-26,DF,Importados/Indefinidos,city,33965,390,307,False,,,,,0.0115
2021-01-25,DF,Importados/Indefinidos,city,33852,390,306,False,,,,,0.0115
2021-01-24,DF,Importados/Indefinidos,city,33741,386,305,False,,,,,0.0114
2021-01-23,DF,Importados/Indefinidos,city,33673,386,304,False,,,,,0.0115
2021-01-22,DF,Importados/Indefinidos,city,33549,386,303,False,,,,,0.0115
2021-01-21,DF,Importados/Indefinidos,city,33367,385,302,False,,,,,0.0115
2021-01-20,DF,Importados/Indefinidos,city,33282,382,301,False,,,,,0.0115
2021-01-19,DF,Importados/Indefinidos,city,33180,380,300,False,,,,,0.0115
2021-01-18,DF,Importados/Indefinidos,city,33107,378,299,False,,,,,0.0114
2021-01-17,DF,Importados/Indefinidos,city,32922,376,298,False,,,,,0.0114
2021-01-16,DF,Importados/Indefinidos,city,32856,374,297,False,,,,,0.0114
2021-01-15,DF,Importados/Indefinidos,city,32751,374,296,False,,,,,0.0114
2021-01-14,DF,Importados/Indefinidos,city,32674,371,295,False,,,,,0.0114
2021-01-13,DF,Importados/Indefinidos,city,32509,370,294,False,,,,,0.0114
2021-01-12,DF,Importados/Indefinidos,city,32390,369,293,False,,,,,0.0114
2021-01-11,DF,Importados/Indefinidos,city,32284,369,292,False,,,,,0.0114
2021-01-10,DF,Importados/Indefinidos,city,32093,367,291,False,,,,,0.0114
2021-01-09,DF,Importados/Indefinidos,city,32065,367,290,False,,,,,0.0114
2021-01-08,DF,Importados/Indefinidos,city,31940,364,289,False,,,,,0.0114
2021-01-07,DF,Importados/Indefinidos,city,31844,364,288,False,,,,,0.0114
2021-01-06,DF,Importados/Indefinidos,city,31715,363,287,False,,,,,0.0114
2021-01-05,DF,Importados/Indefinidos,city,31622,361,286,False,,,,,0.0114
2021-01-04,DF,Importados/Indefinidos,city,31566,358,285,False,,,,,0.0113
2021-01-03,DF,Importados/Indefinidos,city,31450,356,284,False,,,,,0.0113
2021-01-02,DF,Importados/Indefinidos,city,31411,355,283,False,,,,,0.0113
2021-01-01,DF,Importados/Indefinidos,city,31294,355,282,False,,,,,0.0113
2020-12-31,DF,Importados/Indefinidos,city,31219,355,281,False,,,,,0.0114
2020-12-30,DF,Importados/Indefinidos,city,31141,355,280,False,,,,,0.0114
2020-12-29,DF,Importados/Indefinidos,city,31054,354,279,False,,,,,0.0114
2020-12-28,DF,Importados/Indefinidos,city,30925,350,278,False,,,,,0.0113
2020-12-27,DF,Importados/Indefinidos,city,30800,349,277,False,,,,,0.0113
2020-12-26,DF,Importados/Indefinidos,city,30695,349,276,False,,,,,0.0114
2020-12-25,DF,Importados/Indefinidos,city,30604,348,275,False,,,,,0.0114
2020-12-24,DF,Importados/Indefinidos,city,30562,348,274,False,,,,,0.0114
2020-12-23,DF,Importados/Indefinidos,city,30471,347,273,False,,,,,0.0114
2020-12-22,DF,Importados/Indefinidos,city,30368,346,272,False,,,,,0.0114
2020-12-21,DF,Importados/Indefinidos,city,30309,345,271,False,,,,,0.0114
2020-12-20,DF,Importados/Indefinidos,city,30155,345,270,False,,,,,0.0114
2020-12-19,DF,Importados/Indefinidos,city,30106,343,269,False,,,,,0.0114
2020-12-18,DF,Importados/Indefinidos,city,30053,342,268,False,,,,,0.0114
2020-12-17,DF,Importados/Indefinidos,city,29966,342,267,False,,,,,0.0114
2020-12-16,DF,Importados/Indefinidos,city,29790,340,266,False,,,,,0.0114
2020-12-15,DF,Importados/Indefinidos,city,29741,339,265,False,,,,,0.0114
2020-12-14,DF,Importados/Indefinidos,city,29697,335,264,False,,,,,0.0113
2020-12-13,DF,Importados/Indefinidos,city,29543,331,263,False,,,,,0.0112
2020-12-12,DF,Importados/Indefinidos,city,29455,330,262,False,,,,,0.0112
2020-12-11,DF,Importados/Indefinidos,city,29388,328,261,False,,,,,0.0112
2020-12-10,DF,Importados/Indefinidos,city,29261,327,260,False,,,,,0.0112
2020-12-09,DF,Importados/Indefinidos,city,29201,326,259,False,,,,,0.0112
2020-12-08,DF,Importados/Indefinidos,city,29117,325,258,False,,,,,0.0112
2020-12-07,DF,Importados/Indefinidos,city,29010,323,257,False,,,,,0.0111
2020-12-06,DF,Importados/Indefinidos,city,28811,322,256,False,,,,,0.0112
2020-12-05,DF,Importados/Indefinidos,city,28764,322,255,False,,,,,0.0112
2020-12-04,DF,Importados/Indefinidos,city,28637,321,254,False,,,,,0.0112
2020-12-03,DF,Importados/Indefinidos,city,28480,320,253,False,,,,,0.0112
2020-12-02,DF,Importados/Indefinidos,city,28426,320,252,False,,,,,0.0113
2020-12-01,DF,Importados/Indefinidos,city,28344,319,251,False,,,,,0.0113
2020-11-30,DF,Importados/Indefinidos,city,28170,318,250,False,,,,,0.0113
2020-11-29,DF,Importados/Indefinidos,city,28106,318,249,False,,,,,0.0113
2020-11-28,DF,Importados/Indefinidos,city,28029,317,248,False,,,,,0.0113
2020-11-27,DF,Importados/Indefinidos,city,27996,317,247,False,,,,,0.0113
2020-11-26,DF,Importados/Indefinidos,city,27911,315,246,False,,,,,0.0113
2020-11-25,DF,Importados/Indefinidos,city,27776,315,245,False,,,,,0.0113
2020-11-24,DF,Importados/Indefinidos,city,27703,314,244,False,,,,,0.0113
2020-11-23,DF,Importados/Indefinidos,city,27654,313,243,False,,,,,0.0113
2020-11-22,DF,Importados/Indefinidos,city,27557,312,242,False,,,,,0.0113
2020-11-21,DF,Importados/Indefinidos,city,27496,311,241,False,,,,,0.0113
2020-11-20,DF,Importados/Indefinidos,city,27419,311,240,False,,,,,0.0113
2020-11-19,DF,Importados/Indefinidos,city,27306,311,239,False,,,,,0.0114
2020-11-18,DF,Importados/Indefinidos,city,27166,311,238,False,,,,,0.0114
2020-11-17,DF,Importados/Indefinidos,city,27122,310,237,False,,,,,0.0114
2020-11-16,DF,Importados/Indefinidos,city,27058,310,236,False,,,,,0.0115
2020-11-15,DF,Importados/Indefinidos,city,27007,310,235,False,,,,,0.0115
2020-11-14,DF,Importados/Indefinidos,city,26996,310,234,False,,,,,0.0115
2020-11-13,DF,Importados/Indefinidos,city,26918,310,233,False,,,,,0.0115
2020-11-12,DF,Importados/Indefinidos,city,26837,308,232,False,,,,,0.0115
2020-11-11,DF,Importados/Indefinidos,city,26781,307,231,False,,,,,0.0115
2020-11-10,DF,Importados/Indefinidos,city,26740,306,230,False,,,,,0.0114
2020-11-09,DF,Importados/Indefinidos,city,26678,302,229,False,,,,,0.0113
2020-11-08,DF,Importados/Indefinidos,city,26634,302,228,False,,,,,0.0113
2020-11-07,DF,Importados/Indefinidos,city,26573,301,227,False,,,,,0.0113
2020-11-06,DF,Importados/Indefinidos,city,26478,297,226,False,,,,,0.0112
2020-11-05,DF,Importados/Indefinidos,city,26450,297,225,False,,,,,0.0112
2020-11-04,DF,Importados/Indefinidos,city,26422,296,224,False,,,,,0.0112
2020-11-03,DF,Importados/Indefinidos,city,26386,294,223,False,,,,,0.0111
2020-11-02,DF,Importados/Indefinidos,city,26316,293,222,False,,,,,0.0111
2020-11-01,DF,Importados/Indefinidos,city,26294,293,221,False,,,,,0.0111
2020-10-31,DF,Importados/Indefinidos,city,26251,293,220,False,,,,,0.0112
2020-10-30,DF,Importados/Indefinidos,city,26181,291,219,False,,,,,0.0111
2020-10-29,DF,Importados/Indefinidos,city,26128,290,218,False,,,,,0.0111
2020-10-28,DF,Importados/Indefinidos,city,26013,289,217,False,,,,,0.0111
2020-10-27,DF,Importados/Indefinidos,city,25948,289,216,False,,,,,0.0111
2020-10-26,DF,Importados/Indefinidos,city,25870,288,215,False,,,,,0.0111
2020-10-25,DF,Importados/Indefinidos,city,25778,288,214,False,,,,,0.0112
2020-10-24,DF,Importados/Indefinidos,city,25737,288,213,False,,,,,0.0112
2020-10-23,DF,Importados/Indefinidos,city,25700,287,212,False,,,,,0.0112
2020-10-22,DF,Importados/Indefinidos,city,25654,286,211,False,,,,,0.0111
2020-10-21,DF,Importados/Indefinidos,city,25578,286,210,False,,,,,0.0112
2020-10-20,DF,Importados/Indefinidos,city,25462,285,209,False,,,,,0.0112
2020-10-19,DF,Importados/Indefinidos,city,25395,284,208,False,,,,,0.0112
2020-10-18,DF,Importados/Indefinidos,city,25294,283,207,False,,,,,0.0112
2020-10-17,DF,Importados/Indefinidos,city,25250,282,206,False,,,,,0.0112
2020-10-16,DF,Importados/Indefinidos,city,25165,281,205,False,,,,,0.0112
2020-10-15,DF,Importados/Indefinidos,city,25051,278,204,False,,,,,0.0111
2020-10-14,DF,Importados/Indefinidos,city,24951,276,203,False,,,,,0.0111
2020-10-13,DF,Importados/Indefinidos,city,24742,274,202,False,,,,,0.0111
2020-10-12,DF,Importados/Indefinidos,city,24633,274,201,False,,,,,0.0111
2020-10-11,DF,Importados/Indefinidos,city,24585,273,200,False,,,,,0.0111
2020-10-10,DF,Importados/Indefinidos,city,24507,273,199,False,,,,,0.0111
2020-10-09,DF,Importados/Indefinidos,city,24425,273,198,False,,,,,0.0112
2020-10-08,DF,Importados/Indefinidos,city,24334,272,197,False,,,,,0.0112
2020-10-07,DF,Importados/Indefinidos,city,24246,272,196,False,,,,,0.0112
2020-10-06,DF,Importados/Indefinidos,city,24187,272,195,False,,,,,0.0112
2020-10-05,DF,Importados/Indefinidos,city,24105,272,194,False,,,,,0.0113
2020-10-04,DF,Importados/Indefinidos,city,23992,271,193,False,,,,,0.0113
2020-10-03,DF,Importados/Indefinidos,city,23913,269,192,False,,,,,0.0112
2020-10-02,DF,Importados/Indefinidos,city,23854,267,191,False,,,,,0.0112
2020-10-01,DF,Importados/Indefinidos,city,23719,266,190,False,,,,,0.0112
2020-09-30,DF,Importados/Indefinidos,city,23615,264,189,False,,,,,0.0112
2020-09-29,DF,Importados/Indefinidos,city,23523,262,188,False,,,,,0.0111
2020-09-28,DF,Importados/Indefinidos,city,23400,262,187,False,,,,,0.0112
2020-09-27,DF,Importados/Indefinidos,city,23203,262,186,False,,,,,0.0113
2020-09-26,DF,Importados/Indefinidos,city,23115,261,185,False,,,,,0.0113
2020-09-25,DF,Importados/Indefinidos,city,23034,260,184,False,,,,,0.0113
2020-09-24,DF,Importados/Indefinidos,city,22918,260,183,False,,,,,0.0113
2020-09-23,DF,Importados/Indefinidos,city,22829,259,182,False,,,,,0.0113
2020-09-22,DF,Importados/Indefinidos,city,22731,257,181,False,,,,,0.0113
2020-09-21,DF,Importados/Indefinidos,city,22617,255,180,False,,,,,0.0113
2020-09-20,DF,Importados/Indefinidos,city,22519,252,179,False,,,,,0.0112
2020-09-19,DF,Importados/Indefinidos,city,22410,250,178,False,,,,,0.0112
2020-09-18,DF,Importados/Indefinidos,city,22289,248,177,False,,,,,0.0111
2020-09-17,DF,Importados/Indefinidos,city,22110,246,176,False,,,,,0.0111
2020-09-16,DF,Importados/Indefinidos,city,21967,246,175,False,,,,,0.0112
2020-09-15,DF,Importados/Indefinidos,city,21753,244,174,False,,,,,0.0112
2020-09-14,DF,Importados/Indefinidos,city,21642,242,173,False,,,,,0.0112
2020-09-13,DF,Importados/Indefinidos,city,21488,238,172,False,,,,,0.0111
2020-09-12,DF,Importados/Indefinidos,city,21352,237,171,False,,,,,0.0111
2020-09-11,DF,Importados/Indefinidos,city,21228,237,170,False,,,,,0.0112
2020-09-10,DF,Importados/Indefinidos,city,21073,235,169,False,,,,,0.0112
2020-09-09,DF,Importados/Indefinidos,city,20973,234,168,False,,,,,0.0112
2020-09-08,DF,Importados/Indefinidos,city,20890,233,167,False,,,,,0.0112
2020-09-07,DF,Importados/Indefinidos,city,20725,227,166,False,,,,,0.0110
2020-09-06,DF,Importados/Indefinidos,city,20460,227,165,False,,,,,0.0111
2020-09-05,DF,Importados/Indefinidos,city,20329,226,164,False,,,,,0.0111
2020-09-04,DF,Importados/Indefinidos,city,20202,222,163,False,,,,,0.0110
2020-09-03,DF,Importados/Indefinidos,city,20016,219,162,False,,,,,0.0109
2020-09-02,DF,Importados/Indefinidos,city,19863,218,161,False,,,,,0.0110
2020-09-01,DF,Importados/Indefinidos,city,19588,215,160,False,,,,,0.0110
2020-08-31,DF,Importados/Indefinidos,city,19308,209,159,False,,,,,0.0108
2020-08-30,DF,Importados/Indefinidos,city,19218,203,158,False,,,,,0.0106
2020-08-29,DF,Importados/Indefinidos,city,19027,202,157,False,,,,,0.0106
2020-08-28,DF,Importados/Indefinidos,city,18895,203,156,False,,,,,0.0107
2020-08-27,DF,Importados/Indefinidos,city,18683,202,155,False,,,,,0.0108
2020-08-26,DF,Importados/Indefinidos,city,18488,200,154,False,,,,,0.0108
2020-08-25,DF,Importados/Indefinidos,city,18267,196,153,False,,,,,0.0107
2020-08-24,DF,Importados/Indefinidos,city,18047,194,152,False,,,,,0.0107
2020-08-23,DF,Importados/Indefinidos,city,17745,192,151,False,,,,,0.0108
2020-08-22,DF,Importados/Indefinidos,city,17544,192,150,False,,,,,0.0109
2020-08-21,DF,Importados/Indefinidos,city,17303,190,149,False,,,,,0.0110
2020-08-20,DF,Importados/Indefinidos,city,17121,190,148,False,,,,,0.0111
2020-08-19,DF,Importados/Indefinidos,city,16919,179,147,False,,,,,0.0106
2020-08-18,DF,Importados/Indefinidos,city,16734,176,146,False,,,,,0.0105
2020-08-17,DF,Importados/Indefinidos,city,16399,173,145,False,,,,,0.0105
2020-08-16,DF,Importados/Indefinidos,city,16146,169,144,False,,,,,0.0105
2020-08-15,DF,Importados/Indefinidos,city,15946,169,143,False,,,,,0.0106
2020-08-14,DF,Importados/Indefinidos,city,15792,167,142,False,,,,,0.0106
2020-08-13,DF,Importados/Indefinidos,city,15504,163,141,False,,,,,0.0105
2020-08-12,DF,Importados/Indefinidos,city,15271,161,140,False,,,,,0.0105
2020-08-11,DF,Importados/Indefinidos,city,15105,160,139,False,,,,,0.0106
2020-08-10,DF,Importados/Indefinidos,city,14815,154,138,False,,,,,0.0104
2020-08-09,DF,Importados/Indefinidos,city,14502,152,137,False,,,,,0.0105
2020-08-08,DF,Importados/Indefinidos,city,14257,151,136,False,,,,,0.0106
2020-08-07,DF,Importados/Indefinidos,city,14050,146,135,False,,,,,0.0104
2020-08-06,DF,Importados/Indefinidos,city,13492,145,134,False,,,,,0.0107
2020-08-05,DF,Importados/Indefinidos,city,13588,142,133,False,,,,,0.0105
2020-08-04,DF,Importados/Indefinidos,city,13381,140,132,False,,,,,0.0105
2020-08-03,DF,Importados/Indefinidos,city,13354,140,131,False,,,,,0.0105
2020-08-02,DF,Importados/Indefinidos,city,12999,138,130,False,,,,,0.0106
2020-08-01,DF,Importados/Indefinidos,city,12770,138,129,False,,,,,0.0108
2020-07-31,DF,Importados/Indefinidos,city,12603,136,128,False,,,,,0.0108
2020-07-30,DF,Importados/Indefinidos,city,12246,132,127,False,,,,,0.0108
2020-07-29,DF,Importados/Indefinidos,city,11989,130,126,False,,,,,0.0108
2020-07-28,DF,Importados/Indefinidos,city,11754,125,125,False,,,,,0.0106
2020-07-27,DF,Importados/Indefinidos,city,11506,119,124,False,,,,,0.0103
2020-07-26,DF,Importados/Indefinidos,city,11260,115,123,False,,,,,0.0102
2020-07-25,DF,Importados/Indefinidos,city,10965,111,122,False,,,,,0.0101
2020-07-24,DF,Importados/Indefinidos,city,10826,109,121,False,,,,,0.0101
2020-07-23,DF,Importados/Indefinidos,city,10535,105,120,False,,,,,0.0100
2020-07-22,DF,Importados/Indefinidos,city,10211,104,119,False,,,,,0.0102
2020-07-21,DF,Importados/Indefinidos,city,9944,102,118,False,,,,,0.0103
2020-07-20,DF,Importados/Indefinidos,city,9743,97,117,False,,,,,0.0100
2020-07-19,DF,Importados/Indefinidos,city,9520,96,116,False,,,,,0.0101
2020-07-18,DF,Importados/Indefinidos,city,9429,96,115,False,,,,,0.0102
2020-07-17,DF,Importados/Indefinidos,city,8986,93,114,False,,,,,0.0103
2020-07-16,DF,Importados/Indefinidos,city,8669,92,113,False,,,,,0.0106
2020-07-15,DF,Importados/Indefinidos,city,8478,83,112,False,,,,,0.0098
2020-07-14,DF,Importados/Indefinidos,city,8074,78,111,False,,,,,0.0097
2020-07-13,DF,Importados/Indefinidos,city,7834,77,110,False,,,,,0.0098
2020-07-12,DF,Importados/Indefinidos,city,7641,75,109,False,,,,,0.0098
2020-07-11,DF,Importados/Indefinidos,city,7419,74,108,False,,,,,0.0100
2020-07-10,DF,Importados/Indefinidos,city,7279,71,107,False,,,,,0.0098
2020-07-09,DF,Importados/Indefinidos,city,7090,69,106,False,,,,,0.0097
2020-07-08,DF,Importados/Indefinidos,city,6927,68,105,False,,,,,0.0098
2020-07-07,DF,Importados/Indefinidos,city,6721,66,104,False,,,,,0.0098
2020-07-06,DF,Importados/Indefinidos,city,6375,63,103,False,,,,,0.0099
2020-07-05,DF,Importados/Indefinidos,city,6237,62,102,False,,,,,0.0099
2020-07-04,DF,Importados/Indefinidos,city,6151,60,101,False,,,,,0.0098
2020-07-03,DF,Importados/Indefinidos,city,5928,55,100,False,,,,,0.0093
2020-07-02,DF,Importados/Indefinidos,city,5722,53,99,False,,,,,0.0093
2020-07-01,DF,Importados/Indefinidos,city,5565,53,98,False,,,,,0.0095
2020-06-30,DF,Importados/Indefinidos,city,5418,48,97,False,,,,,0.0089
2020-06-29,DF,Importados/Indefinidos,city,5222,47,96,False,,,,,0.0090
2020-06-28,DF,Importados/Indefinidos,city,5192,46,95,False,,,,,0.0089
2020-06-27,DF,Importados/Indefinidos,city,5124,46,94,False,,,,,0.0090
2020-06-26,DF,Importados/Indefinidos,city,4862,46,93,False,,,,,0.0095
2020-06-25,DF,Importados/Indefinidos,city,4368,46,92,False,,,,,0.0105
2020-06-24,DF,Importados/Indefinidos,city,4158,46,91,False,,,,,0.0111
2020-06-23,DF,Importados/Indefinidos,city,3911,43,90,False,,,,,0.0110
2020-06-22,DF,Importados/Indefinidos,city,3721,39,89,False,,,,,0.0105
2020-06-21,DF,Importados/Indefinidos,city,3629,37,88,False,,,,,0.0102
2020-06-20,DF,Importados/Indefinidos,city,3516,35,87,False,,,,,0.0100
2020-06-19,DF,Importados/Indefinidos,city,3449,34,86,False,,,,,0.0099
2020-06-18,DF,Importados/Indefinidos,city,3247,34,85,False,,,,,0.0105
2020-06-17,DF,Importados/Indefinidos,city,3056,34,84,False,,,,,0.0111
2020-06-16,DF,Importados/Indefinidos,city,2920,32,83,False,,,,,0.0110
2020-06-15,DF,Importados/Indefinidos,city,2401,31,82,False,,,,,0.0129
2020-06-14,DF,Importados/Indefinidos,city,2285,28,81,False,,,,,0.0123
2020-06-13,DF,Importados/Indefinidos,city,2197,28,80,False,,,,,0.0127
2020-06-12,DF,Importados/Indefinidos,city,2139,26,79,False,,,,,0.0122
2020-06-11,DF,Importados/Indefinidos,city,2043,24,78,False,,,,,0.0117
2020-06-10,DF,Importados/Indefinidos,city,1890,24,77,False,,,,,0.0127
2020-06-09,DF,Importados/Indefinidos,city,1746,22,76,False,,,,,0.0126
2020-06-08,DF,Importados/Indefinidos,city,1642,21,75,False,,,,,0.0128
2020-06-07,DF,Importados/Indefinidos,city,1608,18,74,False,,,,,0.0112
2020-06-06,DF,Importados/Indefinidos,city,1520,16,73,False,,,,,0.0105
2020-06-05,DF,Importados/Indefinidos,city,1344,16,72,False,,,,,0.0119
2020-06-04,DF,Importados/Indefinidos,city,1225,15,71,False,,,,,0.0122
2020-06-03,DF,Importados/Indefinidos,city,1139,15,70,False,,,,,0.0132
2020-06-02,DF,Importados/Indefinidos,city,1082,14,69,False,,,,,0.0129
2020-06-01,DF,Importados/Indefinidos,city,1024,13,68,False,,,,,0.0127
2020-05-31,DF,Importados/Indefinidos,city,973,13,67,False,,,,,0.0134
2020-05-30,DF,Importados/Indefinidos,city,936,13,66,False,,,,,0.0139
2020-05-29,DF,Importados/Indefinidos,city,845,12,65,False,,,,,0.0142
2020-05-28,DF,Importados/Indefinidos,city,810,10,64,False,,,,,0.0123
2020-05-27,DF,Importados/Indefinidos,city,782,10,63,False,,,,,0.0128
2020-05-26,DF,Importados/Indefinidos,city,759,10,62,False,,,,,0.0132
2020-05-25,DF,Importados/Indefinidos,city,733,8,61,False,,,,,0.0109
2020-05-24,DF,Importados/Indefinidos,city,736,6,60,False,,,,,0.0082
2020-05-23,DF,Importados/Indefinidos,city,643,6,59,False,,,,,0.0093
2020-05-22,DF,Importados/Indefinidos,city,611,6,58,False,,,,,0.0098
2020-05-21,DF,Importados/Indefinidos,city,585,5,57,False,,,,,0.0085
2020-05-20,DF,Importados/Indefinidos,city,548,5,56,False,,,,,0.0091
2020-05-19,DF,Importados/Indefinidos,city,514,4,55,False,,,,,0.0078
2020-05-18,DF,Importados/Indefinidos,city,495,4,54,False,,,,,0.0081
2020-05-17,DF,Importados/Indefinidos,city,449,1,53,False,,,,,0.0022
2020-05-16,DF,Importados/Indefinidos,city,439,1,52,False,,,,,0.0023
2020-05-15,DF,Importados/Indefinidos,city,395,1,51,False,,,,,0.0025
2020-05-14,DF,Importados/Indefinidos,city,343,1,50,False,,,,,0.0029
2020-05-13,DF,Importados/Indefinidos,city,292,1,49,False,,,,,0.0034
2020-05-12,DF,Importados/Indefinidos,city,246,1,48,False,,,,,0.0041
2020-05-11,DF,Importados/Indefinidos,city,228,1,47,False,,,,,0.0044
2020-05-10,DF,Importados/Indefinidos,city,218,1,46,False,,,,,0.0046
2020-05-09,DF,Importados/Indefinidos,city,226,1,45,False,,,,,0.0044
2020-05-08,DF,Importados/Indefinidos,city,225,1,44,False,,,,,0.0044
2020-05-07,DF,Importados/Indefinidos,city,180,0,43,False,,,,,0.0000
2020-05-06,DF,Importados/Indefinidos,city,153,0,42,False,,,,,0.0000
2020-05-05,DF,Importados/Indefinidos,city,130,0,41,False,,,,,0.0000
2020-05-04,DF,Importados/Indefinidos,city,123,0,40,False,,,,,0.0000
2020-05-03,DF,Importados/Indefinidos,city,104,0,39,False,,,,,0.0000
2020-05-02,DF,Importados/Indefinidos,city,84,0,38,False,,,,,0.0000
2020-05-01,DF,Importados/Indefinidos,city,88,0,37,False,,,,,0.0000
2020-04-30,DF,Importados/Indefinidos,city,81,0,36,False,,,,,0.0000
2020-04-29,DF,Importados/Indefinidos,city,76,0,35,False,,,,,0.0000
2020-04-28,DF,Importados/Indefinidos,city,72,0,34,False,,,,,0.0000
2020-04-27,DF,Importados/Indefinidos,city,70,0,33,False,,,,,0.0000
2020-04-26,DF,Importados/Indefinidos,city,74,0,32,False,,,,,0.0000
2020-04-25,DF,Importados/Indefinidos,city,64,0,31,False,,,,,0.0000
2020-04-24,DF,Importados/Indefinidos,city,68,0,30,False,,,,,0.0000
2020-04-23,DF,Importados/Indefinidos,city,62,0,29,False,,,,,0.0000
2020-04-22,DF,Importados/Indefinidos,city,61,0,28,False,,,,,0.0000
2020-04-21,DF,Importados/Indefinidos,city,59,0,27,False,,,,,0.0000
2020-04-20,DF,Importados/Indefinidos,city,58,0,26,False,,,,,0.0000
2020-04-19,DF,Importados/Indefinidos,city,77,0,25,False,,,,,0.0000
2020-04-18,DF,Importados/Indefinidos,city,56,0,24,False,,,,,0.0000
2020-04-17,DF,Importados/Indefinidos,city,54,0,23,False,,,,,0.0000
2020-04-16,DF,Importados/Indefinidos,city,53,0,22,False,,,,,0.0000
2020-04-15,DF,Importados/Indefinidos,city,46,0,21,False,,,,,0.0000
2020-04-14,DF,Importados/Indefinidos,city,41,0,20,False,,,,,0.0000
2020-04-13,DF,Importados/Indefinidos,city,43,0,19,False,,,,,0.0000
2020-04-12,DF,Importados/Indefinidos,city,42,0,18,False,,,,,0.0000
2020-04-11,DF,Importados/Indefinidos,city,47,0,17,False,,,,,0.0000
2020-04-10,DF,Importados/Indefinidos,city,38,0,16,False,,,,,0.0000
2020-04-09,DF,Importados/Indefinidos,city,41,0,15,False,,,,,0.0000
2020-04-08,DF,Importados/Indefinidos,city,37,0,14,False,,,,,0.0000
2020-04-07,DF,Importados/Indefinidos,city,37,0,13,False,,,,,0.0000
2020-04-06,DF,Importados/Indefinidos,city,43,0,12,False,,,,,0.0000
2020-04-05,DF,Importados/Indefinidos,city,40,0,11,False,,,,,0.0000
2020-04-04,DF,Importados/Indefinidos,city,38,0,10,False,,,,,0.0000
2020-04-03,DF,Importados/Indefinidos,city,37,0,9,False,,,,,0.0000
2020-04-02,DF,Importados/Indefinidos,city,27,0,8,False,,,,,0.0000
2020-04-01,DF,Importados/Indefinidos,city,41,0,7,False,,,,,0.0000
2020-03-31,DF,Importados/Indefinidos,city,28,0,6,False,,,,,0.0000
2020-03-30,DF,Importados/Indefinidos,city,27,0,5,False,,,,,0.0000
2020-03-29,DF,Importados/Indefinidos,city,28,0,4,False,,,,,0.0000
2020-03-28,DF,Importados/Indefinidos,city,35,0,3,False,,,,,0.0000
2020-03-27,DF,Importados/Indefinidos,city,30,0,2,False,,,,,0.0000
2020-03-26,DF,Importados/Indefinidos,city,30,0,1,False,,,,,0.0000
