date,state,city,place_type,confirmed,deaths,order_for_place,is_last,estimated_population_2019,city_ibge_code,confirmed_per_100k_inhabitants,death_rate
2020-06-24,RR,,state,11872,271,93,True,605761,14,1959.84885,0.0228
2020-06-23,RR,,state,10803,259,92,False,605761,14,1783.37661,0.0240
2020-06-22,RR,,state,10340,250,91,False,605761,14,1706.94383,0.0242
2020-06-21,RR,,state,8188,251,90,False,605761,14,1351.68821,0.0307
2020-06-20,RR,,state,8120,251,89,False,605761,14,1340.46266,0.0309
2020-06-19,RR,,state,8037,245,88,False,605761,14,1326.76088,0.0305
2020-06-18,RR,,state,7650,239,87,False,605761,14,1262.87430,0.0312
2020-06-17,RR,,state,7421,224,86,False,605761,14,1225.07061,0.0302
2020-06-16,RR,,state,7150,224,85,False,605761,14,1180.33350,0.0313
2020-06-15,RR,,state,6935,216,84,False,605761,14,1144.84095,0.0311
2020-06-14,RR,,state,6881,203,83,False,605761,14,1135.92655,0.0295
2020-06-13,RR,,state,6875,200,82,False,605761,14,1134.93606,0.0291
2020-06-12,RR,,state,6842,197,81,False,605761,14,1129.48836,0.0288
2020-06-11,RR,,state,6712,192,80,False,605761,14,1108.02775,0.0286
2020-06-10,RR,,state,6594,188,79,False,605761,14,1088.54812,0.0285
2020-06-09,RR,,state,6347,182,78,False,605761,14,1047.77297,0.0287
2020-06-08,RR,,state,6056,168,77,False,605761,14,999.73422,0.0277
2020-06-07,RR,,state,5768,145,76,False,605761,14,952.19072,0.0251
2020-06-06,RR,,state,5529,142,75,False,605761,14,912.73621,0.0257
2020-06-05,RR,,state,5238,139,74,False,605761,14,864.69746,0.0265
2020-06-04,RR,,state,4831,139,73,False,605761,14,797.50925,0.0288
2020-06-02,RR,,state,4143,124,72,False,605761,14,683.93310,0.0299
2020-06-01,RR,,state,3850,120,71,False,605761,14,635.56419,0.0312
2020-05-31,RR,,state,3692,116,70,False,605761,14,609.48130,0.0314
2020-05-30,RR,,state,3474,116,69,False,605761,14,573.49351,0.0334
2020-05-29,RR,,state,3299,110,68,False,605761,14,544.60423,0.0333
2020-05-28,RR,,state,3098,108,67,False,605761,14,511.42282,0.0349
2020-05-27,RR,,state,2959,102,66,False,605761,14,488.47648,0.0345
2020-05-26,RR,,state,2682,102,65,False,605761,14,442.74887,0.0380
2020-05-25,RR,,state,2564,86,64,False,605761,14,423.26924,0.0335
2020-05-24,RR,,state,2439,84,63,False,605761,14,402.63404,0.0344
2020-05-23,RR,,state,2439,72,62,False,605761,14,402.63404,0.0295
2020-05-22,RR,,state,2296,72,61,False,605761,14,379.02737,0.0314
2020-05-21,RR,,state,1988,64,60,False,605761,14,328.18224,0.0322
2020-05-20,RR,,state,1988,64,59,False,605761,14,328.18224,0.0322
2020-05-19,RR,,state,1988,64,58,False,605761,14,328.18224,0.0322
2020-05-18,RR,,state,1882,60,57,False,605761,14,310.68359,0.0319
2020-05-17,RR,,state,1791,51,56,False,605761,14,295.66116,0.0285
2020-05-16,RR,,state,1706,49,55,False,605761,14,281.62922,0.0287
2020-05-15,RR,,state,1589,40,54,False,605761,14,262.31468,0.0252
2020-05-14,RR,,state,1500,37,53,False,605761,14,247.62241,0.0247
2020-05-13,RR,,state,1411,29,52,False,605761,14,232.93015,0.0206
2020-05-12,RR,,state,1411,28,51,False,605761,14,232.93015,0.0198
2020-05-11,RR,,state,1295,24,50,False,605761,14,213.78068,0.0185
2020-05-10,RR,,state,1290,21,49,False,605761,14,212.95527,0.0163
2020-05-09,RR,,state,1202,18,48,False,605761,14,198.42809,0.0150
2020-05-08,RR,,state,1124,16,47,False,605761,14,185.55173,0.0142
2020-05-07,RR,,state,1020,14,46,False,605761,14,168.38324,0.0137
2020-05-06,RR,,state,932,13,45,False,605761,14,153.85606,0.0139
2020-05-05,RR,,state,869,11,44,False,605761,14,143.45592,0.0127
2020-05-04,RR,,state,578,11,43,False,605761,14,95.41717,0.0190
2020-05-03,RR,,state,533,7,42,False,605761,14,87.98850,0.0131
2020-05-01,RR,,state,519,7,41,False,605761,14,85.67735,0.0135
2020-04-30,RR,,state,519,7,40,False,605761,14,85.67735,0.0135
2020-04-29,RR,,state,426,4,39,False,605761,14,70.32477,0.0094
2020-04-27,RR,,state,425,4,38,False,605761,14,70.15968,0.0094
2020-04-26,RR,,state,407,4,37,False,605761,14,67.18821,0.0098
2020-04-25,RR,,state,401,4,36,False,605761,14,66.19772,0.0100
2020-04-24,RR,,state,345,3,35,False,605761,14,56.95315,0.0087
2020-04-23,RR,,state,304,3,34,False,605761,14,50.18481,0.0099
2020-04-22,RR,,state,297,3,33,False,605761,14,49.02924,0.0101
2020-04-21,RR,,state,280,3,32,False,605761,14,46.22285,0.0107
2020-04-20,RR,,state,247,3,31,False,605761,14,40.77516,0.0121
2020-04-19,RR,,state,244,3,30,False,605761,14,40.27991,0.0123
2020-04-18,RR,,state,222,3,29,False,605761,14,36.64812,0.0135
2020-04-17,RR,,state,201,3,28,False,605761,14,33.18140,0.0149
2020-04-16,RR,,state,164,3,27,False,605761,14,27.07338,0.0183
2020-04-15,RR,,state,142,3,26,False,605761,14,23.44159,0.0211
2020-04-14,RR,,state,114,3,25,False,605761,14,18.81930,0.0263
2020-04-13,RR,,state,113,3,24,False,605761,14,18.65422,0.0265
2020-04-12,RR,,state,83,3,23,False,605761,14,13.70177,0.0361
2020-04-11,RR,,state,79,3,22,False,605761,14,13.04145,0.0380
2020-04-10,RR,,state,75,3,21,False,605761,14,12.38112,0.0400
2020-04-09,RR,,state,63,2,20,False,605761,14,10.40014,0.0317
2020-04-08,RR,,state,52,1,19,False,605761,14,8.58424,0.0192
2020-04-07,RR,,state,49,1,18,False,605761,14,8.08900,0.0204
2020-04-06,RR,,state,42,1,17,False,605761,14,6.93343,0.0238
2020-04-05,RR,,state,42,1,16,False,605761,14,6.93343,0.0238
2020-04-04,RR,,state,42,1,15,False,605761,14,6.93343,0.0238
2020-04-03,RR,,state,37,1,14,False,605761,14,6.10802,0.0270
2020-04-02,RR,,state,30,0,13,False,605761,14,4.95245,0.0000
2020-04-01,RR,,state,26,0,12,False,605761,14,4.29212,0.0000
2020-03-31,RR,,state,16,0,11,False,605761,14,2.64131,0.0000
2020-03-30,RR,,state,16,0,10,False,605761,14,2.64131,0.0000
2020-03-29,RR,,state,16,0,9,False,605761,14,2.64131,0.0000
2020-03-28,RR,,state,16,0,8,False,605761,14,2.64131,0.0000
2020-03-27,RR,,state,12,0,7,False,605761,14,1.98098,0.0000
2020-03-26,RR,,state,10,0,6,False,605761,14,1.65082,0.0000
2020-03-25,RR,,state,8,0,5,False,605761,14,1.32065,0.0000
2020-03-24,RR,,state,8,0,4,False,605761,14,1.32065,0.0000
2020-03-23,RR,,state,2,0,3,False,605761,14,0.33016,0.0000
2020-03-22,RR,,state,2,0,2,False,605761,14,0.33016,0.0000
2020-03-21,RR,,state,2,0,1,False,605761,14,0.33016,0.0000
2020-06-23,RR,Alto Alegre,city,203,5,75,True,15510,1400050,1308.83301,0.0246
2020-06-22,RR,Alto Alegre,city,198,5,74,False,15510,1400050,1276.59574,0.0253
2020-06-21,RR,Alto Alegre,city,173,5,73,False,15510,1400050,1115.40941,0.0289
2020-06-20,RR,Alto Alegre,city,171,5,72,False,15510,1400050,1102.51451,0.0292
2020-06-19,RR,Alto Alegre,city,171,5,71,False,15510,1400050,1102.51451,0.0292
2020-06-18,RR,Alto Alegre,city,171,5,70,False,15510,1400050,1102.51451,0.0292
2020-06-17,RR,Alto Alegre,city,150,5,69,False,15510,1400050,967.11799,0.0333
2020-06-16,RR,Alto Alegre,city,143,5,68,False,15510,1400050,921.98582,0.0350
2020-06-15,RR,Alto Alegre,city,134,5,67,False,15510,1400050,863.95874,0.0373
2020-06-14,RR,Alto Alegre,city,130,3,66,False,15510,1400050,838.16892,0.0231
2020-06-13,RR,Alto Alegre,city,125,3,65,False,15510,1400050,805.93166,0.0240
2020-06-12,RR,Alto Alegre,city,125,3,64,False,15510,1400050,805.93166,0.0240
2020-06-11,RR,Alto Alegre,city,125,3,63,False,15510,1400050,805.93166,0.0240
2020-06-10,RR,Alto Alegre,city,122,3,62,False,15510,1400050,786.58930,0.0246
2020-06-09,RR,Alto Alegre,city,120,3,61,False,15510,1400050,773.69439,0.0250
2020-06-08,RR,Alto Alegre,city,120,3,60,False,15510,1400050,773.69439,0.0250
2020-06-07,RR,Alto Alegre,city,119,3,59,False,15510,1400050,767.24694,0.0252
2020-06-06,RR,Alto Alegre,city,116,3,58,False,15510,1400050,747.90458,0.0259
2020-06-05,RR,Alto Alegre,city,100,3,57,False,15510,1400050,644.74533,0.0300
2020-06-04,RR,Alto Alegre,city,97,3,56,False,15510,1400050,625.40297,0.0309
2020-06-02,RR,Alto Alegre,city,78,3,55,False,15510,1400050,502.90135,0.0385
2020-06-01,RR,Alto Alegre,city,67,3,54,False,15510,1400050,431.97937,0.0448
2020-05-31,RR,Alto Alegre,city,65,3,53,False,15510,1400050,419.08446,0.0462
2020-05-30,RR,Alto Alegre,city,64,3,52,False,15510,1400050,412.63701,0.0469
2020-05-29,RR,Alto Alegre,city,60,3,51,False,15510,1400050,386.84720,0.0500
2020-05-28,RR,Alto Alegre,city,59,3,50,False,15510,1400050,380.39974,0.0508
2020-05-27,RR,Alto Alegre,city,59,3,49,False,15510,1400050,380.39974,0.0508
2020-05-26,RR,Alto Alegre,city,58,3,48,False,15510,1400050,373.95229,0.0517
2020-05-25,RR,Alto Alegre,city,51,1,47,False,15510,1400050,328.82012,0.0196
2020-05-24,RR,Alto Alegre,city,47,1,46,False,15510,1400050,303.03030,0.0213
2020-05-23,RR,Alto Alegre,city,47,1,45,False,15510,1400050,303.03030,0.0213
2020-05-22,RR,Alto Alegre,city,45,1,44,False,15510,1400050,290.13540,0.0222
2020-05-21,RR,Alto Alegre,city,46,2,43,False,15510,1400050,296.58285,0.0435
2020-05-20,RR,Alto Alegre,city,46,2,42,False,15510,1400050,296.58285,0.0435
2020-05-19,RR,Alto Alegre,city,46,2,41,False,15510,1400050,296.58285,0.0435
2020-05-18,RR,Alto Alegre,city,38,2,40,False,15510,1400050,245.00322,0.0526
2020-05-17,RR,Alto Alegre,city,36,2,39,False,15510,1400050,232.10832,0.0556
2020-05-16,RR,Alto Alegre,city,28,2,38,False,15510,1400050,180.52869,0.0714
2020-05-15,RR,Alto Alegre,city,17,2,37,False,15510,1400050,109.60671,0.1176
2020-05-14,RR,Alto Alegre,city,16,2,36,False,15510,1400050,103.15925,0.1250
2020-05-13,RR,Alto Alegre,city,15,1,35,False,15510,1400050,96.71180,0.0667
2020-05-12,RR,Alto Alegre,city,15,1,34,False,15510,1400050,96.71180,0.0667
2020-05-11,RR,Alto Alegre,city,12,1,33,False,15510,1400050,77.36944,0.0833
2020-05-10,RR,Alto Alegre,city,12,1,32,False,15510,1400050,77.36944,0.0833
2020-05-09,RR,Alto Alegre,city,12,1,31,False,15510,1400050,77.36944,0.0833
2020-05-08,RR,Alto Alegre,city,11,1,30,False,15510,1400050,70.92199,0.0909
2020-05-07,RR,Alto Alegre,city,11,1,29,False,15510,1400050,70.92199,0.0909
2020-05-06,RR,Alto Alegre,city,8,1,28,False,15510,1400050,51.57963,0.1250
2020-05-05,RR,Alto Alegre,city,8,1,27,False,15510,1400050,51.57963,0.1250
2020-05-04,RR,Alto Alegre,city,5,1,26,False,15510,1400050,32.23727,0.2000
2020-05-03,RR,Alto Alegre,city,5,1,25,False,15510,1400050,32.23727,0.2000
2020-05-01,RR,Alto Alegre,city,5,1,24,False,15510,1400050,32.23727,0.2000
2020-04-30,RR,Alto Alegre,city,5,1,23,False,15510,1400050,32.23727,0.2000
2020-04-29,RR,Alto Alegre,city,4,1,22,False,15510,1400050,25.78981,0.2500
2020-04-27,RR,Alto Alegre,city,4,1,21,False,15510,1400050,25.78981,0.2500
2020-04-26,RR,Alto Alegre,city,2,1,20,False,15510,1400050,12.89491,0.5000
2020-04-25,RR,Alto Alegre,city,2,1,19,False,15510,1400050,12.89491,0.5000
2020-04-24,RR,Alto Alegre,city,2,1,18,False,15510,1400050,12.89491,0.5000
2020-04-23,RR,Alto Alegre,city,2,1,17,False,15510,1400050,12.89491,0.5000
2020-04-22,RR,Alto Alegre,city,2,1,16,False,15510,1400050,12.89491,0.5000
2020-04-21,RR,Alto Alegre,city,2,1,15,False,15510,1400050,12.89491,0.5000
2020-04-20,RR,Alto Alegre,city,1,1,14,False,15510,1400050,6.44745,1.0000
2020-04-19,RR,Alto Alegre,city,1,1,13,False,15510,1400050,6.44745,1.0000
2020-04-18,RR,Alto Alegre,city,1,1,12,False,15510,1400050,6.44745,1.0000
2020-04-17,RR,Alto Alegre,city,1,1,11,False,15510,1400050,6.44745,1.0000
2020-04-16,RR,Alto Alegre,city,1,1,10,False,15510,1400050,6.44745,1.0000
2020-04-15,RR,Alto Alegre,city,1,1,9,False,15510,1400050,6.44745,1.0000
2020-04-14,RR,Alto Alegre,city,1,1,8,False,15510,1400050,6.44745,1.0000
2020-04-13,RR,Alto Alegre,city,1,1,7,False,15510,1400050,6.44745,1.0000
2020-04-12,RR,Alto Alegre,city,1,1,6,False,15510,1400050,6.44745,1.0000
2020-04-11,RR,Alto Alegre,city,1,1,5,False,15510,1400050,6.44745,1.0000
2020-04-10,RR,Alto Alegre,city,1,1,4,False,15510,1400050,6.44745,1.0000
2020-04-09,RR,Alto Alegre,city,1,0,3,False,15510,1400050,6.44745,0.0000
2020-04-08,RR,Alto Alegre,city,1,0,2,False,15510,1400050,6.44745,0.0000
2020-04-07,RR,Alto Alegre,city,1,0,1,False,15510,1400050,6.44745,0.0000
2020-06-23,RR,Amajari,city,100,4,49,True,12796,1400027,781.49422,0.0400
2020-06-22,RR,Amajari,city,95,3,48,False,12796,1400027,742.41951,0.0316
2020-06-21,RR,Amajari,city,63,3,47,False,12796,1400027,492.34136,0.0476
2020-06-20,RR,Amajari,city,63,3,46,False,12796,1400027,492.34136,0.0476
2020-06-19,RR,Amajari,city,63,3,45,False,12796,1400027,492.34136,0.0476
2020-06-18,RR,Amajari,city,63,3,44,False,12796,1400027,492.34136,0.0476
2020-06-17,RR,Amajari,city,58,3,43,False,12796,1400027,453.26665,0.0517
2020-06-16,RR,Amajari,city,55,3,42,False,12796,1400027,429.82182,0.0545
2020-06-15,RR,Amajari,city,51,3,41,False,12796,1400027,398.56205,0.0588
2020-06-14,RR,Amajari,city,50,3,40,False,12796,1400027,390.74711,0.0600
2020-06-13,RR,Amajari,city,50,3,39,False,12796,1400027,390.74711,0.0600
2020-06-12,RR,Amajari,city,50,3,38,False,12796,1400027,390.74711,0.0600
2020-06-11,RR,Amajari,city,49,3,37,False,12796,1400027,382.93217,0.0612
2020-06-10,RR,Amajari,city,48,3,36,False,12796,1400027,375.11722,0.0625
2020-06-09,RR,Amajari,city,48,3,35,False,12796,1400027,375.11722,0.0625
2020-06-08,RR,Amajari,city,47,1,34,False,12796,1400027,367.30228,0.0213
2020-06-07,RR,Amajari,city,44,1,33,False,12796,1400027,343.85746,0.0227
2020-06-06,RR,Amajari,city,44,1,32,False,12796,1400027,343.85746,0.0227
2020-06-05,RR,Amajari,city,42,1,31,False,12796,1400027,328.22757,0.0238
2020-06-04,RR,Amajari,city,42,1,30,False,12796,1400027,328.22757,0.0238
2020-06-02,RR,Amajari,city,38,1,29,False,12796,1400027,296.96780,0.0263
2020-06-01,RR,Amajari,city,38,1,28,False,12796,1400027,296.96780,0.0263
2020-05-31,RR,Amajari,city,38,1,27,False,12796,1400027,296.96780,0.0263
2020-05-30,RR,Amajari,city,36,1,26,False,12796,1400027,281.33792,0.0278
2020-05-29,RR,Amajari,city,29,1,25,False,12796,1400027,226.63332,0.0345
2020-05-28,RR,Amajari,city,29,2,24,False,12796,1400027,226.63332,0.0690
2020-05-27,RR,Amajari,city,29,2,23,False,12796,1400027,226.63332,0.0690
2020-05-26,RR,Amajari,city,29,2,22,False,12796,1400027,226.63332,0.0690
2020-05-25,RR,Amajari,city,20,1,21,False,12796,1400027,156.29884,0.0500
2020-05-24,RR,Amajari,city,19,1,20,False,12796,1400027,148.48390,0.0526
2020-05-23,RR,Amajari,city,18,0,19,False,12796,1400027,140.66896,0.0000
2020-05-22,RR,Amajari,city,17,0,18,False,12796,1400027,132.85402,0.0000
2020-05-21,RR,Amajari,city,18,1,17,False,12796,1400027,140.66896,0.0556
2020-05-20,RR,Amajari,city,18,1,16,False,12796,1400027,140.66896,0.0556
2020-05-19,RR,Amajari,city,18,1,15,False,12796,1400027,140.66896,0.0556
2020-05-18,RR,Amajari,city,15,1,14,False,12796,1400027,117.22413,0.0667
2020-05-17,RR,Amajari,city,14,0,13,False,12796,1400027,109.40919,0.0000
2020-05-16,RR,Amajari,city,13,0,12,False,12796,1400027,101.59425,0.0000
2020-05-15,RR,Amajari,city,13,0,11,False,12796,1400027,101.59425,0.0000
2020-05-14,RR,Amajari,city,13,0,10,False,12796,1400027,101.59425,0.0000
2020-05-13,RR,Amajari,city,11,0,9,False,12796,1400027,85.96436,0.0000
2020-05-12,RR,Amajari,city,10,0,8,False,12796,1400027,78.14942,0.0000
2020-05-11,RR,Amajari,city,8,0,7,False,12796,1400027,62.51954,0.0000
2020-05-10,RR,Amajari,city,8,0,6,False,12796,1400027,62.51954,0.0000
2020-05-09,RR,Amajari,city,5,0,5,False,12796,1400027,39.07471,0.0000
2020-05-08,RR,Amajari,city,5,0,4,False,12796,1400027,39.07471,0.0000
2020-05-07,RR,Amajari,city,6,0,3,False,12796,1400027,46.88965,0.0000
2020-05-06,RR,Amajari,city,4,0,2,False,12796,1400027,31.25977,0.0000
2020-05-05,RR,Amajari,city,2,0,1,False,12796,1400027,15.62988,0.0000
2020-06-23,RR,Boa Vista,city,7953,207,92,True,399213,1400100,1992.16959,0.0260
2020-06-22,RR,Boa Vista,city,7606,198,91,False,399213,1400100,1905.24858,0.0260
2020-06-21,RR,Boa Vista,city,5994,196,90,False,399213,1400100,1501.45411,0.0327
2020-06-20,RR,Boa Vista,city,5956,196,89,False,399213,1400100,1491.93538,0.0329
2020-06-19,RR,Boa Vista,city,5905,192,88,False,399213,1400100,1479.16025,0.0325
2020-06-18,RR,Boa Vista,city,5625,187,87,False,399213,1400100,1409.02225,0.0332
2020-06-17,RR,Boa Vista,city,5578,173,86,False,399213,1400100,1397.24909,0.0310
2020-06-16,RR,Boa Vista,city,5421,173,85,False,399213,1400100,1357.92171,0.0319
2020-06-15,RR,Boa Vista,city,5243,168,84,False,399213,1400100,1313.33398,0.0320
2020-06-14,RR,Boa Vista,city,5207,164,83,False,399213,1400100,1304.31624,0.0315
2020-06-13,RR,Boa Vista,city,5206,161,82,False,399213,1400100,1304.06575,0.0309
2020-06-12,RR,Boa Vista,city,5204,158,81,False,399213,1400100,1303.56476,0.0304
2020-06-11,RR,Boa Vista,city,5155,154,80,False,399213,1400100,1291.29061,0.0299
2020-06-10,RR,Boa Vista,city,5061,152,79,False,399213,1400100,1267.74429,0.0300
2020-06-09,RR,Boa Vista,city,4846,149,78,False,399213,1400100,1213.88833,0.0307
2020-06-08,RR,Boa Vista,city,4628,144,77,False,399213,1400100,1159.28089,0.0311
2020-06-07,RR,Boa Vista,city,4423,122,76,False,399213,1400100,1107.92985,0.0276
2020-06-06,RR,Boa Vista,city,4210,119,75,False,399213,1400100,1054.57488,0.0283
2020-06-05,RR,Boa Vista,city,4000,116,74,False,399213,1400100,1001.97138,0.0290
2020-06-04,RR,Boa Vista,city,3705,116,73,False,399213,1400100,928.07599,0.0313
2020-06-02,RR,Boa Vista,city,3133,102,72,False,399213,1400100,784.79408,0.0326
2020-06-01,RR,Boa Vista,city,2885,98,71,False,399213,1400100,722.67186,0.0340
2020-05-31,RR,Boa Vista,city,2761,96,70,False,399213,1400100,691.61074,0.0348
2020-05-30,RR,Boa Vista,city,2615,96,69,False,399213,1400100,655.03879,0.0367
2020-05-29,RR,Boa Vista,city,2512,90,68,False,399213,1400100,629.23803,0.0358
2020-05-28,RR,Boa Vista,city,2357,86,67,False,399213,1400100,590.41163,0.0365
2020-05-27,RR,Boa Vista,city,2237,83,66,False,399213,1400100,560.35249,0.0371
2020-05-26,RR,Boa Vista,city,1997,83,65,False,399213,1400100,500.23421,0.0416
2020-05-25,RR,Boa Vista,city,1996,73,64,False,399213,1400100,499.98372,0.0366
2020-05-24,RR,Boa Vista,city,1914,71,63,False,399213,1400100,479.44330,0.0371
2020-05-23,RR,Boa Vista,city,1915,62,62,False,399213,1400100,479.69380,0.0324
2020-05-22,RR,Boa Vista,city,1807,62,61,False,399213,1400100,452.64057,0.0343
2020-05-21,RR,Boa Vista,city,1533,54,60,False,399213,1400100,384.00553,0.0352
2020-05-20,RR,Boa Vista,city,1533,54,59,False,399213,1400100,384.00553,0.0352
2020-05-19,RR,Boa Vista,city,1533,54,58,False,399213,1400100,384.00553,0.0352
2020-05-18,RR,Boa Vista,city,1461,50,57,False,399213,1400100,365.97005,0.0342
2020-05-17,RR,Boa Vista,city,1384,42,56,False,399213,1400100,346.68210,0.0303
2020-05-16,RR,Boa Vista,city,1336,41,55,False,399213,1400100,334.65844,0.0307
2020-05-15,RR,Boa Vista,city,1254,33,54,False,399213,1400100,314.11803,0.0263
2020-05-14,RR,Boa Vista,city,1189,31,53,False,399213,1400100,297.83599,0.0261
2020-05-13,RR,Boa Vista,city,1135,25,52,False,399213,1400100,284.30938,0.0220
2020-05-12,RR,Boa Vista,city,1171,26,51,False,399213,1400100,293.32712,0.0222
2020-05-11,RR,Boa Vista,city,1054,21,50,False,399213,1400100,264.01946,0.0199
2020-05-10,RR,Boa Vista,city,1049,20,49,False,399213,1400100,262.76699,0.0191
2020-05-09,RR,Boa Vista,city,970,17,48,False,399213,1400100,242.97806,0.0175
2020-05-08,RR,Boa Vista,city,917,15,47,False,399213,1400100,229.70194,0.0164
2020-05-07,RR,Boa Vista,city,840,13,46,False,399213,1400100,210.41399,0.0155
2020-05-06,RR,Boa Vista,city,771,12,45,False,399213,1400100,193.12998,0.0156
2020-05-05,RR,Boa Vista,city,714,10,44,False,399213,1400100,178.85189,0.0140
2020-05-04,RR,Boa Vista,city,513,10,43,False,399213,1400100,128.50283,0.0195
2020-05-03,RR,Boa Vista,city,475,6,42,False,399213,1400100,118.98410,0.0126
2020-05-01,RR,Boa Vista,city,462,6,41,False,399213,1400100,115.72769,0.0130
2020-04-30,RR,Boa Vista,city,462,6,40,False,399213,1400100,115.72769,0.0130
2020-04-29,RR,Boa Vista,city,384,3,39,False,399213,1400100,96.18925,0.0078
2020-04-27,RR,Boa Vista,city,383,3,38,False,399213,1400100,95.93876,0.0078
2020-04-26,RR,Boa Vista,city,362,3,37,False,399213,1400100,90.67841,0.0083
2020-04-25,RR,Boa Vista,city,356,3,36,False,399213,1400100,89.17545,0.0084
2020-04-24,RR,Boa Vista,city,307,2,35,False,399213,1400100,76.90130,0.0065
2020-04-23,RR,Boa Vista,city,268,2,34,False,399213,1400100,67.13208,0.0075
2020-04-22,RR,Boa Vista,city,262,2,33,False,399213,1400100,65.62913,0.0076
2020-04-21,RR,Boa Vista,city,252,2,32,False,399213,1400100,63.12420,0.0079
2020-04-20,RR,Boa Vista,city,225,2,31,False,399213,1400100,56.36089,0.0089
2020-04-19,RR,Boa Vista,city,222,2,30,False,399213,1400100,55.60941,0.0090
2020-04-18,RR,Boa Vista,city,200,2,29,False,399213,1400100,50.09857,0.0100
2020-04-17,RR,Boa Vista,city,183,2,28,False,399213,1400100,45.84019,0.0109
2020-04-16,RR,Boa Vista,city,147,2,27,False,399213,1400100,36.82245,0.0136
2020-04-15,RR,Boa Vista,city,131,2,26,False,399213,1400100,32.81456,0.0153
2020-04-14,RR,Boa Vista,city,105,2,25,False,399213,1400100,26.30175,0.0190
2020-04-13,RR,Boa Vista,city,104,2,24,False,399213,1400100,26.05126,0.0192
2020-04-12,RR,Boa Vista,city,74,2,23,False,399213,1400100,18.53647,0.0270
2020-04-11,RR,Boa Vista,city,70,2,22,False,399213,1400100,17.53450,0.0286
2020-04-10,RR,Boa Vista,city,68,2,21,False,399213,1400100,17.03351,0.0294
2020-04-09,RR,Boa Vista,city,56,2,20,False,399213,1400100,14.02760,0.0357
2020-04-08,RR,Boa Vista,city,45,1,19,False,399213,1400100,11.27218,0.0222
2020-04-07,RR,Boa Vista,city,42,1,18,False,399213,1400100,10.52070,0.0238
2020-04-06,RR,Boa Vista,city,36,1,17,False,399213,1400100,9.01774,0.0278
2020-04-05,RR,Boa Vista,city,36,1,16,False,399213,1400100,9.01774,0.0278
2020-04-04,RR,Boa Vista,city,36,1,15,False,399213,1400100,9.01774,0.0278
2020-04-03,RR,Boa Vista,city,31,1,14,False,399213,1400100,7.76528,0.0323
2020-04-02,RR,Boa Vista,city,24,0,13,False,399213,1400100,6.01183,0.0000
2020-04-01,RR,Boa Vista,city,23,0,12,False,399213,1400100,5.76134,0.0000
2020-03-31,RR,Boa Vista,city,13,0,11,False,399213,1400100,3.25641,0.0000
2020-03-30,RR,Boa Vista,city,13,0,10,False,399213,1400100,3.25641,0.0000
2020-03-29,RR,Boa Vista,city,13,0,9,False,399213,1400100,3.25641,0.0000
2020-03-28,RR,Boa Vista,city,13,0,8,False,399213,1400100,3.25641,0.0000
2020-03-27,RR,Boa Vista,city,9,0,7,False,399213,1400100,2.25444,0.0000
2020-03-26,RR,Boa Vista,city,9,0,6,False,399213,1400100,2.25444,0.0000
2020-03-25,RR,Boa Vista,city,7,0,5,False,399213,1400100,1.75345,0.0000
2020-03-24,RR,Boa Vista,city,7,0,4,False,399213,1400100,1.75345,0.0000
2020-03-23,RR,Boa Vista,city,2,0,3,False,399213,1400100,0.50099,0.0000
2020-03-22,RR,Boa Vista,city,2,0,2,False,399213,1400100,0.50099,0.0000
2020-03-21,RR,Boa Vista,city,2,0,1,False,399213,1400100,0.50099,0.0000
2020-06-23,RR,Bonfim,city,124,4,89,True,12409,1400159,999.27472,0.0323
2020-06-22,RR,Bonfim,city,123,5,88,False,12409,1400159,991.21605,0.0407
2020-06-21,RR,Bonfim,city,116,5,87,False,12409,1400159,934.80538,0.0431
2020-06-20,RR,Bonfim,city,116,5,86,False,12409,1400159,934.80538,0.0431
2020-06-19,RR,Bonfim,city,116,5,85,False,12409,1400159,934.80538,0.0431
2020-06-18,RR,Bonfim,city,116,5,84,False,12409,1400159,934.80538,0.0431
2020-06-17,RR,Bonfim,city,110,5,83,False,12409,1400159,886.45338,0.0455
2020-06-16,RR,Bonfim,city,109,5,82,False,12409,1400159,878.39471,0.0459
2020-06-15,RR,Bonfim,city,107,5,81,False,12409,1400159,862.27738,0.0467
2020-06-14,RR,Bonfim,city,104,5,80,False,12409,1400159,838.10138,0.0481
2020-06-13,RR,Bonfim,city,104,5,79,False,12409,1400159,838.10138,0.0481
2020-06-12,RR,Bonfim,city,104,5,78,False,12409,1400159,838.10138,0.0481
2020-06-11,RR,Bonfim,city,104,5,77,False,12409,1400159,838.10138,0.0481
2020-06-10,RR,Bonfim,city,104,5,76,False,12409,1400159,838.10138,0.0481
2020-06-09,RR,Bonfim,city,103,4,75,False,12409,1400159,830.04271,0.0388
2020-06-08,RR,Bonfim,city,99,3,74,False,12409,1400159,797.80804,0.0303
2020-06-07,RR,Bonfim,city,95,3,73,False,12409,1400159,765.57337,0.0316
2020-06-06,RR,Bonfim,city,93,3,72,False,12409,1400159,749.45604,0.0323
2020-06-05,RR,Bonfim,city,91,3,71,False,12409,1400159,733.33871,0.0330
2020-06-04,RR,Bonfim,city,91,3,70,False,12409,1400159,733.33871,0.0330
2020-06-02,RR,Bonfim,city,84,2,69,False,12409,1400159,676.92804,0.0238
2020-06-01,RR,Bonfim,city,83,2,68,False,12409,1400159,668.86937,0.0241
2020-05-31,RR,Bonfim,city,81,2,67,False,12409,1400159,652.75203,0.0247
2020-05-30,RR,Bonfim,city,81,2,66,False,12409,1400159,652.75203,0.0247
2020-05-29,RR,Bonfim,city,78,2,65,False,12409,1400159,628.57603,0.0256
2020-05-28,RR,Bonfim,city,76,2,64,False,12409,1400159,612.45870,0.0263
2020-05-27,RR,Bonfim,city,70,2,63,False,12409,1400159,564.10670,0.0286
2020-05-26,RR,Bonfim,city,67,2,62,False,12409,1400159,539.93070,0.0299
2020-05-25,RR,Bonfim,city,55,0,61,False,12409,1400159,443.22669,0.0000
2020-05-24,RR,Bonfim,city,52,0,60,False,12409,1400159,419.05069,0.0000
2020-05-23,RR,Bonfim,city,52,0,59,False,12409,1400159,419.05069,0.0000
2020-05-22,RR,Bonfim,city,49,0,58,False,12409,1400159,394.87469,0.0000
2020-05-21,RR,Bonfim,city,45,0,57,False,12409,1400159,362.64002,0.0000
2020-05-20,RR,Bonfim,city,45,0,56,False,12409,1400159,362.64002,0.0000
2020-05-19,RR,Bonfim,city,45,0,55,False,12409,1400159,362.64002,0.0000
2020-05-18,RR,Bonfim,city,41,0,54,False,12409,1400159,330.40535,0.0000
2020-05-17,RR,Bonfim,city,41,0,53,False,12409,1400159,330.40535,0.0000
2020-05-16,RR,Bonfim,city,30,0,52,False,12409,1400159,241.76001,0.0000
2020-05-15,RR,Bonfim,city,30,0,51,False,12409,1400159,241.76001,0.0000
2020-05-14,RR,Bonfim,city,27,0,50,False,12409,1400159,217.58401,0.0000
2020-05-13,RR,Bonfim,city,22,0,49,False,12409,1400159,177.29068,0.0000
2020-05-12,RR,Bonfim,city,22,0,48,False,12409,1400159,177.29068,0.0000
2020-05-11,RR,Bonfim,city,17,0,47,False,12409,1400159,136.99734,0.0000
2020-05-10,RR,Bonfim,city,17,0,46,False,12409,1400159,136.99734,0.0000
2020-05-09,RR,Bonfim,city,17,0,45,False,12409,1400159,136.99734,0.0000
2020-05-08,RR,Bonfim,city,17,0,44,False,12409,1400159,136.99734,0.0000
2020-05-07,RR,Bonfim,city,12,0,43,False,12409,1400159,96.70401,0.0000
2020-05-06,RR,Bonfim,city,11,0,42,False,12409,1400159,88.64534,0.0000
2020-05-05,RR,Bonfim,city,11,0,41,False,12409,1400159,88.64534,0.0000
2020-05-04,RR,Bonfim,city,5,0,40,False,12409,1400159,40.29334,0.0000
2020-05-03,RR,Bonfim,city,5,0,39,False,12409,1400159,40.29334,0.0000
2020-05-01,RR,Bonfim,city,5,0,38,False,12409,1400159,40.29334,0.0000
2020-04-30,RR,Bonfim,city,5,0,37,False,12409,1400159,40.29334,0.0000
2020-04-29,RR,Bonfim,city,4,0,36,False,12409,1400159,32.23467,0.0000
2020-04-27,RR,Bonfim,city,4,0,35,False,12409,1400159,32.23467,0.0000
2020-04-26,RR,Bonfim,city,4,0,34,False,12409,1400159,32.23467,0.0000
2020-04-25,RR,Bonfim,city,4,0,33,False,12409,1400159,32.23467,0.0000
2020-04-24,RR,Bonfim,city,4,0,32,False,12409,1400159,32.23467,0.0000
2020-04-23,RR,Bonfim,city,4,0,31,False,12409,1400159,32.23467,0.0000
2020-04-22,RR,Bonfim,city,4,0,30,False,12409,1400159,32.23467,0.0000
2020-04-21,RR,Bonfim,city,3,0,29,False,12409,1400159,24.17600,0.0000
2020-04-20,RR,Bonfim,city,3,0,28,False,12409,1400159,24.17600,0.0000
2020-04-19,RR,Bonfim,city,3,0,27,False,12409,1400159,24.17600,0.0000
2020-04-18,RR,Bonfim,city,3,0,26,False,12409,1400159,24.17600,0.0000
2020-04-17,RR,Bonfim,city,3,0,25,False,12409,1400159,24.17600,0.0000
2020-04-16,RR,Bonfim,city,3,0,24,False,12409,1400159,24.17600,0.0000
2020-04-15,RR,Bonfim,city,3,0,23,False,12409,1400159,24.17600,0.0000
2020-04-14,RR,Bonfim,city,3,0,22,False,12409,1400159,24.17600,0.0000
2020-04-13,RR,Bonfim,city,3,0,21,False,12409,1400159,24.17600,0.0000
2020-04-12,RR,Bonfim,city,3,0,20,False,12409,1400159,24.17600,0.0000
2020-04-11,RR,Bonfim,city,3,0,19,False,12409,1400159,24.17600,0.0000
2020-04-10,RR,Bonfim,city,3,0,18,False,12409,1400159,24.17600,0.0000
2020-04-09,RR,Bonfim,city,3,0,17,False,12409,1400159,24.17600,0.0000
2020-04-08,RR,Bonfim,city,3,0,16,False,12409,1400159,24.17600,0.0000
2020-04-07,RR,Bonfim,city,3,0,15,False,12409,1400159,24.17600,0.0000
2020-04-06,RR,Bonfim,city,3,0,14,False,12409,1400159,24.17600,0.0000
2020-04-05,RR,Bonfim,city,3,0,13,False,12409,1400159,24.17600,0.0000
2020-04-04,RR,Bonfim,city,3,0,12,False,12409,1400159,24.17600,0.0000
2020-04-03,RR,Bonfim,city,3,0,11,False,12409,1400159,24.17600,0.0000
2020-04-02,RR,Bonfim,city,3,0,10,False,12409,1400159,24.17600,0.0000
2020-04-01,RR,Bonfim,city,3,0,9,False,12409,1400159,24.17600,0.0000
2020-03-31,RR,Bonfim,city,3,0,8,False,12409,1400159,24.17600,0.0000
2020-03-30,RR,Bonfim,city,3,0,7,False,12409,1400159,24.17600,0.0000
2020-03-29,RR,Bonfim,city,3,0,6,False,12409,1400159,24.17600,0.0000
2020-03-28,RR,Bonfim,city,3,0,5,False,12409,1400159,24.17600,0.0000
2020-03-27,RR,Bonfim,city,3,0,4,False,12409,1400159,24.17600,0.0000
2020-03-26,RR,Bonfim,city,1,0,3,False,12409,1400159,8.05867,0.0000
2020-03-25,RR,Bonfim,city,1,0,2,False,12409,1400159,8.05867,0.0000
2020-03-24,RR,Bonfim,city,1,0,1,False,12409,1400159,8.05867,0.0000
2020-06-23,RR,Cantá,city,302,6,80,True,18335,1400175,1647.12299,0.0199
2020-06-22,RR,Cantá,city,292,6,79,False,18335,1400175,1592.58249,0.0205
2020-06-21,RR,Cantá,city,281,6,78,False,18335,1400175,1532.58795,0.0214
2020-06-20,RR,Cantá,city,275,6,77,False,18335,1400175,1499.86365,0.0218
2020-06-19,RR,Cantá,city,269,6,76,False,18335,1400175,1467.13935,0.0223
2020-06-18,RR,Cantá,city,264,5,75,False,18335,1400175,1439.86910,0.0189
2020-06-17,RR,Cantá,city,256,5,74,False,18335,1400175,1396.23671,0.0195
2020-06-16,RR,Cantá,city,236,5,73,False,18335,1400175,1287.15571,0.0212
2020-06-15,RR,Cantá,city,235,4,72,False,18335,1400175,1281.70166,0.0170
2020-06-14,RR,Cantá,city,235,4,71,False,18335,1400175,1281.70166,0.0170
2020-06-13,RR,Cantá,city,235,4,70,False,18335,1400175,1281.70166,0.0170
2020-06-12,RR,Cantá,city,235,4,69,False,18335,1400175,1281.70166,0.0170
2020-06-11,RR,Cantá,city,235,4,68,False,18335,1400175,1281.70166,0.0170
2020-06-10,RR,Cantá,city,231,4,67,False,18335,1400175,1259.88546,0.0173
2020-06-09,RR,Cantá,city,230,4,66,False,18335,1400175,1254.43142,0.0174
2020-06-08,RR,Cantá,city,211,3,65,False,18335,1400175,1150.80447,0.0142
2020-06-07,RR,Cantá,city,211,3,64,False,18335,1400175,1150.80447,0.0142
2020-06-06,RR,Cantá,city,201,3,63,False,18335,1400175,1096.26398,0.0149
2020-06-05,RR,Cantá,city,191,3,62,False,18335,1400175,1041.72348,0.0157
2020-06-04,RR,Cantá,city,181,3,61,False,18335,1400175,987.18298,0.0166
2020-06-02,RR,Cantá,city,170,3,60,False,18335,1400175,927.18844,0.0176
2020-06-01,RR,Cantá,city,170,3,59,False,18335,1400175,927.18844,0.0176
2020-05-31,RR,Cantá,city,156,3,58,False,18335,1400175,850.83174,0.0192
2020-05-30,RR,Cantá,city,134,3,57,False,18335,1400175,730.84265,0.0224
2020-05-29,RR,Cantá,city,134,3,56,False,18335,1400175,730.84265,0.0224
2020-05-28,RR,Cantá,city,106,3,55,False,18335,1400175,578.12926,0.0283
2020-05-27,RR,Cantá,city,105,2,54,False,18335,1400175,572.67521,0.0190
2020-05-26,RR,Cantá,city,95,2,53,False,18335,1400175,518.13472,0.0211
2020-05-25,RR,Cantá,city,69,1,52,False,18335,1400175,376.32942,0.0145
2020-05-24,RR,Cantá,city,55,1,51,False,18335,1400175,299.97273,0.0182
2020-05-23,RR,Cantá,city,55,1,50,False,18335,1400175,299.97273,0.0182
2020-05-22,RR,Cantá,city,43,1,49,False,18335,1400175,234.52413,0.0233
2020-05-21,RR,Cantá,city,34,0,48,False,18335,1400175,185.43769,0.0000
2020-05-20,RR,Cantá,city,34,0,47,False,18335,1400175,185.43769,0.0000
2020-05-19,RR,Cantá,city,34,0,46,False,18335,1400175,185.43769,0.0000
2020-05-18,RR,Cantá,city,32,0,45,False,18335,1400175,174.52959,0.0000
2020-05-17,RR,Cantá,city,27,0,44,False,18335,1400175,147.25934,0.0000
2020-05-16,RR,Cantá,city,25,0,43,False,18335,1400175,136.35124,0.0000
2020-05-15,RR,Cantá,city,22,0,42,False,18335,1400175,119.98909,0.0000
2020-05-14,RR,Cantá,city,21,0,41,False,18335,1400175,114.53504,0.0000
2020-05-13,RR,Cantá,city,21,0,40,False,18335,1400175,114.53504,0.0000
2020-05-12,RR,Cantá,city,20,0,39,False,18335,1400175,109.08099,0.0000
2020-05-11,RR,Cantá,city,19,0,38,False,18335,1400175,103.62694,0.0000
2020-05-10,RR,Cantá,city,19,0,37,False,18335,1400175,103.62694,0.0000
2020-05-09,RR,Cantá,city,18,0,36,False,18335,1400175,98.17289,0.0000
2020-05-08,RR,Cantá,city,14,0,35,False,18335,1400175,76.35669,0.0000
2020-05-07,RR,Cantá,city,9,0,34,False,18335,1400175,49.08645,0.0000
2020-05-06,RR,Cantá,city,8,0,33,False,18335,1400175,43.63240,0.0000
2020-05-05,RR,Cantá,city,8,0,32,False,18335,1400175,43.63240,0.0000
2020-05-04,RR,Cantá,city,7,0,31,False,18335,1400175,38.17835,0.0000
2020-05-03,RR,Cantá,city,5,0,30,False,18335,1400175,27.27025,0.0000
2020-05-01,RR,Cantá,city,5,0,29,False,18335,1400175,27.27025,0.0000
2020-04-30,RR,Cantá,city,5,0,28,False,18335,1400175,27.27025,0.0000
2020-04-29,RR,Cantá,city,4,0,27,False,18335,1400175,21.81620,0.0000
2020-04-27,RR,Cantá,city,4,0,26,False,18335,1400175,21.81620,0.0000
2020-04-26,RR,Cantá,city,4,0,25,False,18335,1400175,21.81620,0.0000
2020-04-25,RR,Cantá,city,4,0,24,False,18335,1400175,21.81620,0.0000
2020-04-24,RR,Cantá,city,4,0,23,False,18335,1400175,21.81620,0.0000
2020-04-23,RR,Cantá,city,4,0,22,False,18335,1400175,21.81620,0.0000
2020-04-22,RR,Cantá,city,4,0,21,False,18335,1400175,21.81620,0.0000
2020-04-21,RR,Cantá,city,4,0,20,False,18335,1400175,21.81620,0.0000
2020-04-20,RR,Cantá,city,4,0,19,False,18335,1400175,21.81620,0.0000
2020-04-19,RR,Cantá,city,4,0,18,False,18335,1400175,21.81620,0.0000
2020-04-18,RR,Cantá,city,4,0,17,False,18335,1400175,21.81620,0.0000
2020-04-17,RR,Cantá,city,4,0,16,False,18335,1400175,21.81620,0.0000
2020-04-16,RR,Cantá,city,4,0,15,False,18335,1400175,21.81620,0.0000
2020-04-15,RR,Cantá,city,3,0,14,False,18335,1400175,16.36215,0.0000
2020-04-14,RR,Cantá,city,3,0,13,False,18335,1400175,16.36215,0.0000
2020-04-13,RR,Cantá,city,3,0,12,False,18335,1400175,16.36215,0.0000
2020-04-12,RR,Cantá,city,3,0,11,False,18335,1400175,16.36215,0.0000
2020-04-11,RR,Cantá,city,3,0,10,False,18335,1400175,16.36215,0.0000
2020-04-10,RR,Cantá,city,3,0,9,False,18335,1400175,16.36215,0.0000
2020-04-09,RR,Cantá,city,3,0,8,False,18335,1400175,16.36215,0.0000
2020-04-08,RR,Cantá,city,3,0,7,False,18335,1400175,16.36215,0.0000
2020-04-07,RR,Cantá,city,3,0,6,False,18335,1400175,16.36215,0.0000
2020-04-06,RR,Cantá,city,3,0,5,False,18335,1400175,16.36215,0.0000
2020-04-05,RR,Cantá,city,3,0,4,False,18335,1400175,16.36215,0.0000
2020-04-04,RR,Cantá,city,3,0,3,False,18335,1400175,16.36215,0.0000
2020-04-03,RR,Cantá,city,3,0,2,False,18335,1400175,16.36215,0.0000
2020-04-02,RR,Cantá,city,3,0,1,False,18335,1400175,16.36215,0.0000
2020-06-23,RR,Caracaraí,city,100,1,53,True,21926,1400209,456.07954,0.0100
2020-06-22,RR,Caracaraí,city,86,1,52,False,21926,1400209,392.22840,0.0116
2020-06-21,RR,Caracaraí,city,42,1,51,False,21926,1400209,191.55341,0.0238
2020-06-20,RR,Caracaraí,city,41,1,50,False,21926,1400209,186.99261,0.0244
2020-06-19,RR,Caracaraí,city,41,1,49,False,21926,1400209,186.99261,0.0244
2020-06-18,RR,Caracaraí,city,36,1,48,False,21926,1400209,164.18863,0.0278
2020-06-17,RR,Caracaraí,city,35,1,47,False,21926,1400209,159.62784,0.0286
2020-06-16,RR,Caracaraí,city,32,1,46,False,21926,1400209,145.94545,0.0312
2020-06-15,RR,Caracaraí,city,32,1,45,False,21926,1400209,145.94545,0.0312
2020-06-14,RR,Caracaraí,city,32,1,44,False,21926,1400209,145.94545,0.0312
2020-06-13,RR,Caracaraí,city,32,1,43,False,21926,1400209,145.94545,0.0312
2020-06-12,RR,Caracaraí,city,32,1,42,False,21926,1400209,145.94545,0.0312
2020-06-11,RR,Caracaraí,city,31,1,41,False,21926,1400209,141.38466,0.0323
2020-06-10,RR,Caracaraí,city,31,0,40,False,21926,1400209,141.38466,0.0000
2020-06-09,RR,Caracaraí,city,30,0,39,False,21926,1400209,136.82386,0.0000
2020-06-08,RR,Caracaraí,city,29,0,38,False,21926,1400209,132.26307,0.0000
2020-06-07,RR,Caracaraí,city,29,0,37,False,21926,1400209,132.26307,0.0000
2020-06-06,RR,Caracaraí,city,29,0,36,False,21926,1400209,132.26307,0.0000
2020-06-05,RR,Caracaraí,city,25,0,35,False,21926,1400209,114.01989,0.0000
2020-06-04,RR,Caracaraí,city,23,0,34,False,21926,1400209,104.89829,0.0000
2020-06-02,RR,Caracaraí,city,23,0,33,False,21926,1400209,104.89829,0.0000
2020-06-01,RR,Caracaraí,city,18,0,32,False,21926,1400209,82.09432,0.0000
2020-05-31,RR,Caracaraí,city,18,0,31,False,21926,1400209,82.09432,0.0000
2020-05-30,RR,Caracaraí,city,16,0,30,False,21926,1400209,72.97273,0.0000
2020-05-29,RR,Caracaraí,city,16,0,29,False,21926,1400209,72.97273,0.0000
2020-05-28,RR,Caracaraí,city,16,0,28,False,21926,1400209,72.97273,0.0000
2020-05-27,RR,Caracaraí,city,16,0,27,False,21926,1400209,72.97273,0.0000
2020-05-26,RR,Caracaraí,city,15,0,26,False,21926,1400209,68.41193,0.0000
2020-05-25,RR,Caracaraí,city,15,0,25,False,21926,1400209,68.41193,0.0000
2020-05-24,RR,Caracaraí,city,15,0,24,False,21926,1400209,68.41193,0.0000
2020-05-23,RR,Caracaraí,city,15,0,23,False,21926,1400209,68.41193,0.0000
2020-05-22,RR,Caracaraí,city,13,0,22,False,21926,1400209,59.29034,0.0000
2020-05-21,RR,Caracaraí,city,12,0,21,False,21926,1400209,54.72954,0.0000
2020-05-20,RR,Caracaraí,city,12,0,20,False,21926,1400209,54.72954,0.0000
2020-05-19,RR,Caracaraí,city,12,0,19,False,21926,1400209,54.72954,0.0000
2020-05-18,RR,Caracaraí,city,12,0,18,False,21926,1400209,54.72954,0.0000
2020-05-17,RR,Caracaraí,city,12,0,17,False,21926,1400209,54.72954,0.0000
2020-05-16,RR,Caracaraí,city,11,0,16,False,21926,1400209,50.16875,0.0000
2020-05-15,RR,Caracaraí,city,11,0,15,False,21926,1400209,50.16875,0.0000
2020-05-14,RR,Caracaraí,city,11,0,14,False,21926,1400209,50.16875,0.0000
2020-05-13,RR,Caracaraí,city,8,0,13,False,21926,1400209,36.48636,0.0000
2020-05-12,RR,Caracaraí,city,7,0,12,False,21926,1400209,31.92557,0.0000
2020-05-11,RR,Caracaraí,city,7,0,11,False,21926,1400209,31.92557,0.0000
2020-05-10,RR,Caracaraí,city,7,0,10,False,21926,1400209,31.92557,0.0000
2020-05-09,RR,Caracaraí,city,6,0,9,False,21926,1400209,27.36477,0.0000
2020-05-08,RR,Caracaraí,city,5,0,8,False,21926,1400209,22.80398,0.0000
2020-05-07,RR,Caracaraí,city,5,0,7,False,21926,1400209,22.80398,0.0000
2020-05-06,RR,Caracaraí,city,5,0,6,False,21926,1400209,22.80398,0.0000
2020-05-05,RR,Caracaraí,city,5,0,5,False,21926,1400209,22.80398,0.0000
2020-05-04,RR,Caracaraí,city,2,0,4,False,21926,1400209,9.12159,0.0000
2020-05-03,RR,Caracaraí,city,1,0,3,False,21926,1400209,4.56080,0.0000
2020-05-01,RR,Caracaraí,city,1,0,2,False,21926,1400209,4.56080,0.0000
2020-04-30,RR,Caracaraí,city,1,0,1,False,21926,1400209,4.56080,0.0000
2020-06-23,RR,Caroebe,city,283,2,61,True,10169,1400233,2782.96784,0.0071
2020-06-22,RR,Caroebe,city,272,2,60,False,10169,1400233,2674.79595,0.0074
2020-06-21,RR,Caroebe,city,234,2,59,False,10169,1400233,2301.11122,0.0085
2020-06-20,RR,Caroebe,city,234,2,58,False,10169,1400233,2301.11122,0.0085
2020-06-19,RR,Caroebe,city,234,2,57,False,10169,1400233,2301.11122,0.0085
2020-06-18,RR,Caroebe,city,197,2,56,False,10169,1400233,1937.26030,0.0102
2020-06-17,RR,Caroebe,city,186,2,55,False,10169,1400233,1829.08841,0.0108
2020-06-16,RR,Caroebe,city,149,2,54,False,10169,1400233,1465.23749,0.0134
2020-06-15,RR,Caroebe,city,143,2,53,False,10169,1400233,1406.23463,0.0140
2020-06-14,RR,Caroebe,city,143,1,52,False,10169,1400233,1406.23463,0.0070
2020-06-13,RR,Caroebe,city,143,1,51,False,10169,1400233,1406.23463,0.0070
2020-06-12,RR,Caroebe,city,112,1,50,False,10169,1400233,1101.38657,0.0089
2020-06-11,RR,Caroebe,city,110,1,49,False,10169,1400233,1081.71895,0.0091
2020-06-10,RR,Caroebe,city,110,1,48,False,10169,1400233,1081.71895,0.0091
2020-06-09,RR,Caroebe,city,109,1,47,False,10169,1400233,1071.88514,0.0092
2020-06-08,RR,Caroebe,city,91,1,46,False,10169,1400233,894.87659,0.0110
2020-06-07,RR,Caroebe,city,89,1,45,False,10169,1400233,875.20897,0.0112
2020-06-06,RR,Caroebe,city,89,1,44,False,10169,1400233,875.20897,0.0112
2020-06-05,RR,Caroebe,city,75,1,43,False,10169,1400233,737.53565,0.0133
2020-06-04,RR,Caroebe,city,74,1,42,False,10169,1400233,727.70184,0.0135
2020-06-02,RR,Caroebe,city,67,1,41,False,10169,1400233,658.86518,0.0149
2020-06-01,RR,Caroebe,city,67,1,40,False,10169,1400233,658.86518,0.0149
2020-05-31,RR,Caroebe,city,66,1,39,False,10169,1400233,649.03137,0.0152
2020-05-30,RR,Caroebe,city,64,1,38,False,10169,1400233,629.36375,0.0156
2020-05-29,RR,Caroebe,city,54,1,37,False,10169,1400233,531.02567,0.0185
2020-05-28,RR,Caroebe,city,54,1,36,False,10169,1400233,531.02567,0.0185
2020-05-27,RR,Caroebe,city,54,1,35,False,10169,1400233,531.02567,0.0185
2020-05-26,RR,Caroebe,city,49,1,34,False,10169,1400233,481.85662,0.0204
2020-05-25,RR,Caroebe,city,40,2,33,False,10169,1400233,393.35235,0.0500
2020-05-24,RR,Caroebe,city,37,2,32,False,10169,1400233,363.85092,0.0541
2020-05-23,RR,Caroebe,city,37,2,31,False,10169,1400233,363.85092,0.0541
2020-05-22,RR,Caroebe,city,36,2,30,False,10169,1400233,354.01711,0.0556
2020-05-21,RR,Caroebe,city,36,1,29,False,10169,1400233,354.01711,0.0278
2020-05-20,RR,Caroebe,city,36,1,28,False,10169,1400233,354.01711,0.0278
2020-05-19,RR,Caroebe,city,36,1,27,False,10169,1400233,354.01711,0.0278
2020-05-18,RR,Caroebe,city,29,1,26,False,10169,1400233,285.18045,0.0345
2020-05-17,RR,Caroebe,city,29,1,25,False,10169,1400233,285.18045,0.0345
2020-05-16,RR,Caroebe,city,29,1,24,False,10169,1400233,285.18045,0.0345
2020-05-15,RR,Caroebe,city,20,1,23,False,10169,1400233,196.67617,0.0500
2020-05-14,RR,Caroebe,city,20,1,22,False,10169,1400233,196.67617,0.0500
2020-05-13,RR,Caroebe,city,19,1,21,False,10169,1400233,186.84236,0.0526
2020-05-12,RR,Caroebe,city,18,1,20,False,10169,1400233,177.00856,0.0556
2020-05-11,RR,Caroebe,city,16,0,19,False,10169,1400233,157.34094,0.0000
2020-05-10,RR,Caroebe,city,16,0,18,False,10169,1400233,157.34094,0.0000
2020-05-09,RR,Caroebe,city,16,0,17,False,10169,1400233,157.34094,0.0000
2020-05-08,RR,Caroebe,city,15,0,16,False,10169,1400233,147.50713,0.0000
2020-05-07,RR,Caroebe,city,11,0,15,False,10169,1400233,108.17189,0.0000
2020-05-06,RR,Caroebe,city,11,0,14,False,10169,1400233,108.17189,0.0000
2020-05-05,RR,Caroebe,city,11,0,13,False,10169,1400233,108.17189,0.0000
2020-05-04,RR,Caroebe,city,6,0,12,False,10169,1400233,59.00285,0.0000
2020-05-03,RR,Caroebe,city,2,0,11,False,10169,1400233,19.66762,0.0000
2020-05-01,RR,Caroebe,city,2,0,10,False,10169,1400233,19.66762,0.0000
2020-04-30,RR,Caroebe,city,2,0,9,False,10169,1400233,19.66762,0.0000
2020-04-29,RR,Caroebe,city,2,0,8,False,10169,1400233,19.66762,0.0000
2020-04-27,RR,Caroebe,city,2,0,7,False,10169,1400233,19.66762,0.0000
2020-04-26,RR,Caroebe,city,3,0,6,False,10169,1400233,29.50143,0.0000
2020-04-25,RR,Caroebe,city,3,0,5,False,10169,1400233,29.50143,0.0000
2020-04-24,RR,Caroebe,city,1,0,4,False,10169,1400233,9.83381,0.0000
2020-04-23,RR,Caroebe,city,1,0,3,False,10169,1400233,9.83381,0.0000
2020-04-22,RR,Caroebe,city,1,0,2,False,10169,1400233,9.83381,0.0000
2020-04-21,RR,Caroebe,city,1,0,1,False,10169,1400233,9.83381,0.0000
2020-06-23,RR,Importados/Indefinidos,city,181,0,53,True,,,,0.0000
2020-06-22,RR,Importados/Indefinidos,city,178,0,52,False,,,,0.0000
2020-06-21,RR,Importados/Indefinidos,city,109,2,51,False,,,,0.0183
2020-06-20,RR,Importados/Indefinidos,city,109,2,50,False,,,,0.0183
2020-06-19,RR,Importados/Indefinidos,city,106,2,49,False,,,,0.0189
2020-06-18,RR,Importados/Indefinidos,city,103,2,48,False,,,,0.0194
2020-06-17,RR,Importados/Indefinidos,city,91,2,47,False,,,,0.0220
2020-06-16,RR,Importados/Indefinidos,city,90,2,46,False,,,,0.0222
2020-06-15,RR,Importados/Indefinidos,city,89,2,45,False,,,,0.0225
2020-06-14,RR,Importados/Indefinidos,city,88,2,44,False,,,,0.0227
2020-06-13,RR,Importados/Indefinidos,city,88,2,43,False,,,,0.0227
2020-06-12,RR,Importados/Indefinidos,city,88,2,42,False,,,,0.0227
2020-06-11,RR,Importados/Indefinidos,city,88,2,41,False,,,,0.0227
2020-06-10,RR,Importados/Indefinidos,city,88,2,40,False,,,,0.0227
2020-06-09,RR,Importados/Indefinidos,city,84,1,39,False,,,,0.0119
2020-06-08,RR,Importados/Indefinidos,city,79,1,38,False,,,,0.0127
2020-06-07,RR,Importados/Indefinidos,city,73,1,37,False,,,,0.0137
2020-06-06,RR,Importados/Indefinidos,city,73,1,36,False,,,,0.0137
2020-06-05,RR,Importados/Indefinidos,city,67,1,35,False,,,,0.0149
2020-06-04,RR,Importados/Indefinidos,city,59,1,34,False,,,,0.0169
2020-06-02,RR,Importados/Indefinidos,city,48,1,33,False,,,,0.0208
2020-06-01,RR,Importados/Indefinidos,city,47,1,32,False,,,,0.0213
2020-05-31,RR,Importados/Indefinidos,city,46,1,31,False,,,,0.0217
2020-05-30,RR,Importados/Indefinidos,city,43,1,30,False,,,,0.0233
2020-05-29,RR,Importados/Indefinidos,city,37,1,29,False,,,,0.0270
2020-05-28,RR,Importados/Indefinidos,city,37,1,28,False,,,,0.0270
2020-05-27,RR,Importados/Indefinidos,city,35,1,27,False,,,,0.0286
2020-05-26,RR,Importados/Indefinidos,city,30,1,26,False,,,,0.0333
2020-05-25,RR,Importados/Indefinidos,city,0,0,25,False,,,,0.0000
2020-05-24,RR,Importados/Indefinidos,city,0,0,24,False,,,,0.0000
2020-05-23,RR,Importados/Indefinidos,city,0,0,23,False,,,,0.0000
2020-05-22,RR,Importados/Indefinidos,city,0,0,22,False,,,,0.0000
2020-05-21,RR,Importados/Indefinidos,city,22,1,21,False,,,,0.0455
2020-05-20,RR,Importados/Indefinidos,city,22,1,20,False,,,,0.0455
2020-05-19,RR,Importados/Indefinidos,city,22,1,19,False,,,,0.0455
2020-05-18,RR,Importados/Indefinidos,city,22,1,18,False,,,,0.0455
2020-05-17,RR,Importados/Indefinidos,city,22,1,17,False,,,,0.0455
2020-05-16,RR,Importados/Indefinidos,city,22,1,16,False,,,,0.0455
2020-05-15,RR,Importados/Indefinidos,city,20,1,15,False,,,,0.0500
2020-05-14,RR,Importados/Indefinidos,city,19,1,14,False,,,,0.0526
2020-05-13,RR,Importados/Indefinidos,city,17,1,13,False,,,,0.0588
2020-05-12,RR,Importados/Indefinidos,city,0,0,12,False,,,,0.0000
2020-05-11,RR,Importados/Indefinidos,city,16,1,11,False,,,,0.0625
2020-05-10,RR,Importados/Indefinidos,city,16,0,10,False,,,,0.0000
2020-05-09,RR,Importados/Indefinidos,city,16,0,9,False,,,,0.0000
2020-05-08,RR,Importados/Indefinidos,city,11,0,8,False,,,,0.0000
2020-05-07,RR,Importados/Indefinidos,city,11,0,7,False,,,,0.0000
2020-05-06,RR,Importados/Indefinidos,city,11,0,6,False,,,,0.0000
2020-05-05,RR,Importados/Indefinidos,city,11,0,5,False,,,,0.0000
2020-05-04,RR,Importados/Indefinidos,city,0,0,4,False,,,,0.0000
2020-05-03,RR,Importados/Indefinidos,city,0,0,3,False,,,,0.0000
2020-05-01,RR,Importados/Indefinidos,city,0,0,2,False,,,,0.0000
2020-04-30,RR,Importados/Indefinidos,city,0,0,1,False,,,,0.0000
2020-06-23,RR,Iracema,city,76,1,49,True,11950,1400282,635.98326,0.0132
2020-06-22,RR,Iracema,city,72,1,48,False,11950,1400282,602.51046,0.0139
2020-06-21,RR,Iracema,city,55,1,47,False,11950,1400282,460.25105,0.0182
2020-06-20,RR,Iracema,city,55,1,46,False,11950,1400282,460.25105,0.0182
2020-06-19,RR,Iracema,city,55,1,45,False,11950,1400282,460.25105,0.0182
2020-06-18,RR,Iracema,city,54,1,44,False,11950,1400282,451.88285,0.0185
2020-06-17,RR,Iracema,city,29,1,43,False,11950,1400282,242.67782,0.0345
2020-06-16,RR,Iracema,city,29,1,42,False,11950,1400282,242.67782,0.0345
2020-06-15,RR,Iracema,city,26,1,41,False,11950,1400282,217.57322,0.0385
2020-06-14,RR,Iracema,city,22,1,40,False,11950,1400282,184.10042,0.0455
2020-06-13,RR,Iracema,city,22,1,39,False,11950,1400282,184.10042,0.0455
2020-06-12,RR,Iracema,city,22,1,38,False,11950,1400282,184.10042,0.0455
2020-06-11,RR,Iracema,city,22,1,37,False,11950,1400282,184.10042,0.0455
2020-06-10,RR,Iracema,city,22,1,36,False,11950,1400282,184.10042,0.0455
2020-06-09,RR,Iracema,city,20,1,35,False,11950,1400282,167.36402,0.0500
2020-06-08,RR,Iracema,city,20,1,34,False,11950,1400282,167.36402,0.0500
2020-06-07,RR,Iracema,city,20,1,33,False,11950,1400282,167.36402,0.0500
2020-06-06,RR,Iracema,city,19,1,32,False,11950,1400282,158.99582,0.0526
2020-06-05,RR,Iracema,city,19,1,31,False,11950,1400282,158.99582,0.0526
2020-06-04,RR,Iracema,city,17,1,30,False,11950,1400282,142.25941,0.0588
2020-06-02,RR,Iracema,city,13,1,29,False,11950,1400282,108.78661,0.0769
2020-06-01,RR,Iracema,city,11,1,28,False,11950,1400282,92.05021,0.0909
2020-05-31,RR,Iracema,city,8,1,27,False,11950,1400282,66.94561,0.1250
2020-05-30,RR,Iracema,city,8,1,26,False,11950,1400282,66.94561,0.1250
2020-05-29,RR,Iracema,city,7,1,25,False,11950,1400282,58.57741,0.1429
2020-05-28,RR,Iracema,city,6,1,24,False,11950,1400282,50.20921,0.1667
2020-05-27,RR,Iracema,city,6,1,23,False,11950,1400282,50.20921,0.1667
2020-05-26,RR,Iracema,city,6,1,22,False,11950,1400282,50.20921,0.1667
2020-05-25,RR,Iracema,city,6,0,21,False,11950,1400282,50.20921,0.0000
2020-05-24,RR,Iracema,city,4,0,20,False,11950,1400282,33.47280,0.0000
2020-05-23,RR,Iracema,city,4,0,19,False,11950,1400282,33.47280,0.0000
2020-05-22,RR,Iracema,city,4,0,18,False,11950,1400282,33.47280,0.0000
2020-05-21,RR,Iracema,city,3,1,17,False,11950,1400282,25.10460,0.3333
2020-05-20,RR,Iracema,city,3,1,16,False,11950,1400282,25.10460,0.3333
2020-05-19,RR,Iracema,city,3,1,15,False,11950,1400282,25.10460,0.3333
2020-05-18,RR,Iracema,city,3,1,14,False,11950,1400282,25.10460,0.3333
2020-05-17,RR,Iracema,city,2,1,13,False,11950,1400282,16.73640,0.5000
2020-05-16,RR,Iracema,city,2,1,12,False,11950,1400282,16.73640,0.5000
2020-05-15,RR,Iracema,city,2,1,11,False,11950,1400282,16.73640,0.5000
2020-05-14,RR,Iracema,city,1,1,10,False,11950,1400282,8.36820,1.0000
2020-05-13,RR,Iracema,city,0,0,9,False,11950,1400282,,0.0000
2020-05-12,RR,Iracema,city,0,0,8,False,11950,1400282,,0.0000
2020-05-11,RR,Iracema,city,0,0,7,False,11950,1400282,,0.0000
2020-05-10,RR,Iracema,city,0,0,6,False,11950,1400282,,0.0000
2020-05-09,RR,Iracema,city,0,0,5,False,11950,1400282,,0.0000
2020-05-08,RR,Iracema,city,0,0,4,False,11950,1400282,,0.0000
2020-05-07,RR,Iracema,city,0,0,3,False,11950,1400282,,0.0000
2020-05-06,RR,Iracema,city,0,0,2,False,11950,1400282,,0.0000
2020-05-05,RR,Iracema,city,0,0,1,False,11950,1400282,,0.0000
2020-06-23,RR,Mucajaí,city,222,2,66,True,17853,1400308,1243.48849,0.0090
2020-06-22,RR,Mucajaí,city,203,2,65,False,17853,1400308,1137.06380,0.0099
2020-06-21,RR,Mucajaí,city,139,2,64,False,17853,1400308,778.58063,0.0144
2020-06-20,RR,Mucajaí,city,138,2,63,False,17853,1400308,772.97933,0.0145
2020-06-19,RR,Mucajaí,city,138,2,62,False,17853,1400308,772.97933,0.0145
2020-06-18,RR,Mucajaí,city,138,2,61,False,17853,1400308,772.97933,0.0145
2020-06-17,RR,Mucajaí,city,145,2,60,False,17853,1400308,812.18843,0.0138
2020-06-16,RR,Mucajaí,city,143,2,59,False,17853,1400308,800.98583,0.0140
2020-06-15,RR,Mucajaí,city,141,2,58,False,17853,1400308,789.78323,0.0142
2020-06-14,RR,Mucajaí,city,140,2,57,False,17853,1400308,784.18193,0.0143
2020-06-13,RR,Mucajaí,city,140,2,56,False,17853,1400308,784.18193,0.0143
2020-06-12,RR,Mucajaí,city,140,2,55,False,17853,1400308,784.18193,0.0143
2020-06-11,RR,Mucajaí,city,139,2,54,False,17853,1400308,778.58063,0.0144
2020-06-10,RR,Mucajaí,city,130,2,53,False,17853,1400308,728.16894,0.0154
2020-06-09,RR,Mucajaí,city,129,2,52,False,17853,1400308,722.56764,0.0155
2020-06-08,RR,Mucajaí,city,128,1,51,False,17853,1400308,716.96634,0.0078
2020-06-07,RR,Mucajaí,city,124,1,50,False,17853,1400308,694.56114,0.0081
2020-06-06,RR,Mucajaí,city,124,1,49,False,17853,1400308,694.56114,0.0081
2020-06-05,RR,Mucajaí,city,122,1,48,False,17853,1400308,683.35854,0.0082
2020-06-04,RR,Mucajaí,city,118,1,47,False,17853,1400308,660.95334,0.0085
2020-06-02,RR,Mucajaí,city,112,1,46,False,17853,1400308,627.34554,0.0089
2020-06-01,RR,Mucajaí,city,111,1,45,False,17853,1400308,621.74424,0.0090
2020-05-31,RR,Mucajaí,city,110,1,44,False,17853,1400308,616.14295,0.0091
2020-05-30,RR,Mucajaí,city,85,1,43,False,17853,1400308,476.11046,0.0118
2020-05-29,RR,Mucajaí,city,65,1,42,False,17853,1400308,364.08447,0.0154
2020-05-28,RR,Mucajaí,city,65,2,41,False,17853,1400308,364.08447,0.0308
2020-05-27,RR,Mucajaí,city,65,1,40,False,17853,1400308,364.08447,0.0154
2020-05-26,RR,Mucajaí,city,62,1,39,False,17853,1400308,347.28057,0.0161
2020-05-25,RR,Mucajaí,city,53,0,38,False,17853,1400308,296.86887,0.0000
2020-05-24,RR,Mucajaí,city,48,0,37,False,17853,1400308,268.86238,0.0000
2020-05-23,RR,Mucajaí,city,48,0,36,False,17853,1400308,268.86238,0.0000
2020-05-22,RR,Mucajaí,city,44,0,35,False,17853,1400308,246.45718,0.0000
2020-05-21,RR,Mucajaí,city,30,0,34,False,17853,1400308,168.03899,0.0000
2020-05-20,RR,Mucajaí,city,30,0,33,False,17853,1400308,168.03899,0.0000
2020-05-19,RR,Mucajaí,city,30,0,32,False,17853,1400308,168.03899,0.0000
2020-05-18,RR,Mucajaí,city,28,0,31,False,17853,1400308,156.83639,0.0000
2020-05-17,RR,Mucajaí,city,25,0,30,False,17853,1400308,140.03249,0.0000
2020-05-16,RR,Mucajaí,city,19,0,29,False,17853,1400308,106.42469,0.0000
2020-05-15,RR,Mucajaí,city,17,0,28,False,17853,1400308,95.22209,0.0000
2020-05-14,RR,Mucajaí,city,17,0,27,False,17853,1400308,95.22209,0.0000
2020-05-13,RR,Mucajaí,city,17,0,26,False,17853,1400308,95.22209,0.0000
2020-05-12,RR,Mucajaí,city,14,0,25,False,17853,1400308,78.41819,0.0000
2020-05-11,RR,Mucajaí,city,13,0,24,False,17853,1400308,72.81689,0.0000
2020-05-10,RR,Mucajaí,city,13,0,23,False,17853,1400308,72.81689,0.0000
2020-05-09,RR,Mucajaí,city,13,0,22,False,17853,1400308,72.81689,0.0000
2020-05-08,RR,Mucajaí,city,13,0,21,False,17853,1400308,72.81689,0.0000
2020-05-07,RR,Mucajaí,city,13,0,20,False,17853,1400308,72.81689,0.0000
2020-05-06,RR,Mucajaí,city,11,0,19,False,17853,1400308,61.61429,0.0000
2020-05-05,RR,Mucajaí,city,11,0,18,False,17853,1400308,61.61429,0.0000
2020-05-04,RR,Mucajaí,city,1,0,17,False,17853,1400308,5.60130,0.0000
2020-05-03,RR,Mucajaí,city,1,0,16,False,17853,1400308,5.60130,0.0000
2020-05-01,RR,Mucajaí,city,1,0,15,False,17853,1400308,5.60130,0.0000
2020-04-30,RR,Mucajaí,city,1,0,14,False,17853,1400308,5.60130,0.0000
2020-04-29,RR,Mucajaí,city,0,0,13,False,17853,1400308,,0.0000
2020-04-27,RR,Mucajaí,city,0,0,12,False,17853,1400308,,0.0000
2020-04-26,RR,Mucajaí,city,2,0,11,False,17853,1400308,11.20260,0.0000
2020-04-25,RR,Mucajaí,city,2,0,10,False,17853,1400308,11.20260,0.0000
2020-04-24,RR,Mucajaí,city,1,0,9,False,17853,1400308,5.60130,0.0000
2020-04-23,RR,Mucajaí,city,1,0,8,False,17853,1400308,5.60130,0.0000
2020-04-22,RR,Mucajaí,city,1,0,7,False,17853,1400308,5.60130,0.0000
2020-04-21,RR,Mucajaí,city,1,0,6,False,17853,1400308,5.60130,0.0000
2020-04-20,RR,Mucajaí,city,1,0,5,False,17853,1400308,5.60130,0.0000
2020-04-19,RR,Mucajaí,city,1,0,4,False,17853,1400308,5.60130,0.0000
2020-04-18,RR,Mucajaí,city,1,0,3,False,17853,1400308,5.60130,0.0000
2020-04-17,RR,Mucajaí,city,1,0,2,False,17853,1400308,5.60130,0.0000
2020-04-16,RR,Mucajaí,city,1,0,1,False,17853,1400308,5.60130,0.0000
2020-06-23,RR,Normandia,city,37,3,49,True,11290,1400407,327.72365,0.0811
2020-06-22,RR,Normandia,city,32,3,48,False,11290,1400407,283.43667,0.0938
2020-06-21,RR,Normandia,city,31,3,47,False,11290,1400407,274.57927,0.0968
2020-06-20,RR,Normandia,city,31,3,46,False,11290,1400407,274.57927,0.0968
2020-06-19,RR,Normandia,city,31,3,45,False,11290,1400407,274.57927,0.0968
2020-06-18,RR,Normandia,city,31,3,44,False,11290,1400407,274.57927,0.0968
2020-06-17,RR,Normandia,city,28,3,43,False,11290,1400407,248.00709,0.1071
2020-06-16,RR,Normandia,city,27,3,42,False,11290,1400407,239.14969,0.1111
2020-06-15,RR,Normandia,city,26,3,41,False,11290,1400407,230.29229,0.1154
2020-06-14,RR,Normandia,city,26,1,40,False,11290,1400407,230.29229,0.0385
2020-06-13,RR,Normandia,city,26,1,39,False,11290,1400407,230.29229,0.0385
2020-06-12,RR,Normandia,city,26,1,38,False,11290,1400407,230.29229,0.0385
2020-06-11,RR,Normandia,city,26,1,37,False,11290,1400407,230.29229,0.0385
2020-06-10,RR,Normandia,city,26,1,36,False,11290,1400407,230.29229,0.0385
2020-06-09,RR,Normandia,city,26,1,35,False,11290,1400407,230.29229,0.0385
2020-06-08,RR,Normandia,city,26,0,34,False,11290,1400407,230.29229,0.0000
2020-06-07,RR,Normandia,city,26,0,33,False,11290,1400407,230.29229,0.0000
2020-06-06,RR,Normandia,city,19,0,32,False,11290,1400407,168.29052,0.0000
2020-06-05,RR,Normandia,city,17,0,31,False,11290,1400407,150.57573,0.0000
2020-06-04,RR,Normandia,city,15,0,30,False,11290,1400407,132.86094,0.0000
2020-06-02,RR,Normandia,city,11,0,29,False,11290,1400407,97.43136,0.0000
2020-06-01,RR,Normandia,city,9,0,28,False,11290,1400407,79.71656,0.0000
2020-05-31,RR,Normandia,city,9,0,27,False,11290,1400407,79.71656,0.0000
2020-05-30,RR,Normandia,city,9,0,26,False,11290,1400407,79.71656,0.0000
2020-05-29,RR,Normandia,city,6,0,25,False,11290,1400407,53.14438,0.0000
2020-05-28,RR,Normandia,city,6,0,24,False,11290,1400407,53.14438,0.0000
2020-05-27,RR,Normandia,city,6,0,23,False,11290,1400407,53.14438,0.0000
2020-05-26,RR,Normandia,city,6,0,22,False,11290,1400407,53.14438,0.0000
2020-05-25,RR,Normandia,city,5,0,21,False,11290,1400407,44.28698,0.0000
2020-05-24,RR,Normandia,city,5,0,20,False,11290,1400407,44.28698,0.0000
2020-05-23,RR,Normandia,city,5,0,19,False,11290,1400407,44.28698,0.0000
2020-05-22,RR,Normandia,city,5,0,18,False,11290,1400407,44.28698,0.0000
2020-05-21,RR,Normandia,city,5,0,17,False,11290,1400407,44.28698,0.0000
2020-05-20,RR,Normandia,city,5,0,16,False,11290,1400407,44.28698,0.0000
2020-05-19,RR,Normandia,city,5,0,15,False,11290,1400407,44.28698,0.0000
2020-05-18,RR,Normandia,city,5,0,14,False,11290,1400407,44.28698,0.0000
2020-05-17,RR,Normandia,city,5,0,13,False,11290,1400407,44.28698,0.0000
2020-05-16,RR,Normandia,city,5,0,12,False,11290,1400407,44.28698,0.0000
2020-05-15,RR,Normandia,city,5,0,11,False,11290,1400407,44.28698,0.0000
2020-05-14,RR,Normandia,city,5,0,10,False,11290,1400407,44.28698,0.0000
2020-05-13,RR,Normandia,city,4,0,9,False,11290,1400407,35.42958,0.0000
2020-05-12,RR,Normandia,city,4,0,8,False,11290,1400407,35.42958,0.0000
2020-05-11,RR,Normandia,city,4,0,7,False,11290,1400407,35.42958,0.0000
2020-05-10,RR,Normandia,city,4,0,6,False,11290,1400407,35.42958,0.0000
2020-05-09,RR,Normandia,city,3,0,5,False,11290,1400407,26.57219,0.0000
2020-05-08,RR,Normandia,city,3,0,4,False,11290,1400407,26.57219,0.0000
2020-05-07,RR,Normandia,city,3,0,3,False,11290,1400407,26.57219,0.0000
2020-05-06,RR,Normandia,city,2,0,2,False,11290,1400407,17.71479,0.0000
2020-05-05,RR,Normandia,city,2,0,1,False,11290,1400407,17.71479,0.0000
2020-06-23,RR,Pacaraima,city,522,12,71,True,17401,1400456,2999.82760,0.0230
2020-06-22,RR,Pacaraima,city,518,12,70,False,17401,1400456,2976.84041,0.0232
2020-06-21,RR,Pacaraima,city,304,13,69,False,17401,1400456,1747.02603,0.0428
2020-06-20,RR,Pacaraima,city,304,13,68,False,17401,1400456,1747.02603,0.0428
2020-06-19,RR,Pacaraima,city,293,11,67,False,17401,1400456,1683.81128,0.0375
2020-06-18,RR,Pacaraima,city,292,11,66,False,17401,1400456,1678.06448,0.0377
2020-06-17,RR,Pacaraima,city,256,10,65,False,17401,1400456,1471.17982,0.0391
2020-06-16,RR,Pacaraima,city,254,10,64,False,17401,1400456,1459.68622,0.0394
2020-06-15,RR,Pacaraima,city,251,8,63,False,17401,1400456,1442.44584,0.0319
2020-06-14,RR,Pacaraima,city,248,8,62,False,17401,1400456,1425.20545,0.0323
2020-06-13,RR,Pacaraima,city,248,8,61,False,17401,1400456,1425.20545,0.0323
2020-06-12,RR,Pacaraima,city,248,8,60,False,17401,1400456,1425.20545,0.0323
2020-06-11,RR,Pacaraima,city,248,8,59,False,17401,1400456,1425.20545,0.0323
2020-06-10,RR,Pacaraima,city,246,7,58,False,17401,1400456,1413.71186,0.0285
2020-06-09,RR,Pacaraima,city,234,6,57,False,17401,1400456,1344.75030,0.0256
2020-06-08,RR,Pacaraima,city,219,3,56,False,17401,1400456,1258.54836,0.0137
2020-06-07,RR,Pacaraima,city,206,3,55,False,17401,1400456,1183.84001,0.0146
2020-06-06,RR,Pacaraima,city,203,3,54,False,17401,1400456,1166.59962,0.0148
2020-06-05,RR,Pacaraima,city,191,3,53,False,17401,1400456,1097.63807,0.0157
2020-06-04,RR,Pacaraima,city,162,3,52,False,17401,1400456,930.98098,0.0185
2020-06-02,RR,Pacaraima,city,130,3,51,False,17401,1400456,747.08350,0.0231
2020-06-01,RR,Pacaraima,city,128,3,50,False,17401,1400456,735.58991,0.0234
2020-05-31,RR,Pacaraima,city,126,2,49,False,17401,1400456,724.09632,0.0159
2020-05-30,RR,Pacaraima,city,122,2,48,False,17401,1400456,701.10913,0.0164
2020-05-29,RR,Pacaraima,city,105,2,47,False,17401,1400456,603.41360,0.0190
2020-05-28,RR,Pacaraima,city,100,2,46,False,17401,1400456,574.67962,0.0200
2020-05-27,RR,Pacaraima,city,97,2,45,False,17401,1400456,557.43923,0.0206
2020-05-26,RR,Pacaraima,city,94,2,44,False,17401,1400456,540.19884,0.0213
2020-05-25,RR,Pacaraima,city,96,3,43,False,17401,1400456,551.69243,0.0312
2020-05-24,RR,Pacaraima,city,90,3,42,False,17401,1400456,517.21165,0.0333
2020-05-23,RR,Pacaraima,city,91,3,41,False,17401,1400456,522.95845,0.0330
2020-05-22,RR,Pacaraima,city,89,3,40,False,17401,1400456,511.46486,0.0337
2020-05-21,RR,Pacaraima,city,80,2,39,False,17401,1400456,459.74369,0.0250
2020-05-20,RR,Pacaraima,city,80,2,38,False,17401,1400456,459.74369,0.0250
2020-05-19,RR,Pacaraima,city,80,2,37,False,17401,1400456,459.74369,0.0250
2020-05-18,RR,Pacaraima,city,75,2,36,False,17401,1400456,431.00971,0.0267
2020-05-17,RR,Pacaraima,city,75,2,35,False,17401,1400456,431.00971,0.0267
2020-05-16,RR,Pacaraima,city,75,2,34,False,17401,1400456,431.00971,0.0267
2020-05-15,RR,Pacaraima,city,72,2,33,False,17401,1400456,413.76932,0.0278
2020-05-14,RR,Pacaraima,city,71,1,32,False,17401,1400456,408.02253,0.0141
2020-05-13,RR,Pacaraima,city,60,1,31,False,17401,1400456,344.80777,0.0167
2020-05-12,RR,Pacaraima,city,56,0,30,False,17401,1400456,321.82059,0.0000
2020-05-11,RR,Pacaraima,city,55,1,29,False,17401,1400456,316.07379,0.0182
2020-05-10,RR,Pacaraima,city,55,0,28,False,17401,1400456,316.07379,0.0000
2020-05-09,RR,Pacaraima,city,55,0,27,False,17401,1400456,316.07379,0.0000
2020-05-08,RR,Pacaraima,city,49,0,26,False,17401,1400456,281.59301,0.0000
2020-05-07,RR,Pacaraima,city,47,0,25,False,17401,1400456,270.09942,0.0000
2020-05-06,RR,Pacaraima,city,47,0,24,False,17401,1400456,270.09942,0.0000
2020-05-05,RR,Pacaraima,city,44,0,23,False,17401,1400456,252.85903,0.0000
2020-05-04,RR,Pacaraima,city,18,0,22,False,17401,1400456,103.44233,0.0000
2020-05-03,RR,Pacaraima,city,18,0,21,False,17401,1400456,103.44233,0.0000
2020-05-01,RR,Pacaraima,city,17,0,20,False,17401,1400456,97.69553,0.0000
2020-04-30,RR,Pacaraima,city,17,0,19,False,17401,1400456,97.69553,0.0000
2020-04-29,RR,Pacaraima,city,15,0,18,False,17401,1400456,86.20194,0.0000
2020-04-27,RR,Pacaraima,city,15,0,17,False,17401,1400456,86.20194,0.0000
2020-04-26,RR,Pacaraima,city,18,0,16,False,17401,1400456,103.44233,0.0000
2020-04-25,RR,Pacaraima,city,18,0,15,False,17401,1400456,103.44233,0.0000
2020-04-24,RR,Pacaraima,city,14,0,14,False,17401,1400456,80.45515,0.0000
2020-04-23,RR,Pacaraima,city,14,0,13,False,17401,1400456,80.45515,0.0000
2020-04-22,RR,Pacaraima,city,13,0,12,False,17401,1400456,74.70835,0.0000
2020-04-21,RR,Pacaraima,city,13,0,11,False,17401,1400456,74.70835,0.0000
2020-04-20,RR,Pacaraima,city,9,0,10,False,17401,1400456,51.72117,0.0000
2020-04-19,RR,Pacaraima,city,9,0,9,False,17401,1400456,51.72117,0.0000
2020-04-18,RR,Pacaraima,city,9,0,8,False,17401,1400456,51.72117,0.0000
2020-04-17,RR,Pacaraima,city,7,0,7,False,17401,1400456,40.22757,0.0000
2020-04-16,RR,Pacaraima,city,7,0,6,False,17401,1400456,40.22757,0.0000
2020-04-15,RR,Pacaraima,city,4,0,5,False,17401,1400456,22.98718,0.0000
2020-04-14,RR,Pacaraima,city,2,0,4,False,17401,1400456,11.49359,0.0000
2020-04-13,RR,Pacaraima,city,2,0,3,False,17401,1400456,11.49359,0.0000
2020-04-12,RR,Pacaraima,city,2,0,2,False,17401,1400456,11.49359,0.0000
2020-04-11,RR,Pacaraima,city,2,0,1,False,17401,1400456,11.49359,0.0000
2020-06-23,RR,Rorainópolis,city,417,8,66,True,30163,1400472,1382.48848,0.0192
2020-06-22,RR,Rorainópolis,city,384,8,65,False,30163,1400472,1273.08292,0.0208
2020-06-21,RR,Rorainópolis,city,373,8,64,False,30163,1400472,1236.61440,0.0214
2020-06-20,RR,Rorainópolis,city,372,8,63,False,30163,1400472,1233.29908,0.0215
2020-06-19,RR,Rorainópolis,city,372,8,62,False,30163,1400472,1233.29908,0.0215
2020-06-18,RR,Rorainópolis,city,318,8,61,False,30163,1400472,1054.27179,0.0252
2020-06-17,RR,Rorainópolis,city,284,8,60,False,30163,1400472,941.55091,0.0282
2020-06-16,RR,Rorainópolis,city,255,8,59,False,30163,1400472,845.40662,0.0314
2020-06-15,RR,Rorainópolis,city,254,8,58,False,30163,1400472,842.09130,0.0315
2020-06-14,RR,Rorainópolis,city,254,5,57,False,30163,1400472,842.09130,0.0197
2020-06-13,RR,Rorainópolis,city,254,5,56,False,30163,1400472,842.09130,0.0197
2020-06-12,RR,Rorainópolis,city,254,5,55,False,30163,1400472,842.09130,0.0197
2020-06-11,RR,Rorainópolis,city,219,4,54,False,30163,1400472,726.05510,0.0183
2020-06-10,RR,Rorainópolis,city,219,4,53,False,30163,1400472,726.05510,0.0183
2020-06-09,RR,Rorainópolis,city,214,4,52,False,30163,1400472,709.47850,0.0187
2020-06-08,RR,Rorainópolis,city,206,4,51,False,30163,1400472,682.95594,0.0194
2020-06-07,RR,Rorainópolis,city,187,4,50,False,30163,1400472,619.96486,0.0214
2020-06-06,RR,Rorainópolis,city,187,4,49,False,30163,1400472,619.96486,0.0214
2020-06-05,RR,Rorainópolis,city,186,4,48,False,30163,1400472,616.64954,0.0215
2020-06-04,RR,Rorainópolis,city,148,4,47,False,30163,1400472,490.66737,0.0270
2020-06-02,RR,Rorainópolis,city,148,4,46,False,30163,1400472,490.66737,0.0270
2020-06-01,RR,Rorainópolis,city,132,4,45,False,30163,1400472,437.62225,0.0303
2020-05-31,RR,Rorainópolis,city,132,4,44,False,30163,1400472,437.62225,0.0303
2020-05-30,RR,Rorainópolis,city,126,4,43,False,30163,1400472,417.73033,0.0317
2020-05-29,RR,Rorainópolis,city,125,4,42,False,30163,1400472,414.41501,0.0320
2020-05-28,RR,Rorainópolis,city,122,4,41,False,30163,1400472,404.46905,0.0328
2020-05-27,RR,Rorainópolis,city,119,3,40,False,30163,1400472,394.52309,0.0252
2020-05-26,RR,Rorainópolis,city,117,3,39,False,30163,1400472,387.89245,0.0256
2020-05-25,RR,Rorainópolis,city,109,3,38,False,30163,1400472,361.36989,0.0275
2020-05-24,RR,Rorainópolis,city,106,3,37,False,30163,1400472,351.42393,0.0283
2020-05-23,RR,Rorainópolis,city,105,1,36,False,30163,1400472,348.10861,0.0095
2020-05-22,RR,Rorainópolis,city,98,1,35,False,30163,1400472,324.90137,0.0102
2020-05-21,RR,Rorainópolis,city,82,1,34,False,30163,1400472,271.85625,0.0122
2020-05-20,RR,Rorainópolis,city,82,1,33,False,30163,1400472,271.85625,0.0122
2020-05-19,RR,Rorainópolis,city,82,1,32,False,30163,1400472,271.85625,0.0122
2020-05-18,RR,Rorainópolis,city,82,1,31,False,30163,1400472,271.85625,0.0122
2020-05-17,RR,Rorainópolis,city,82,1,30,False,30163,1400472,271.85625,0.0122
2020-05-16,RR,Rorainópolis,city,80,1,29,False,30163,1400472,265.22561,0.0125
2020-05-15,RR,Rorainópolis,city,76,0,28,False,30163,1400472,251.96433,0.0000
2020-05-14,RR,Rorainópolis,city,60,0,27,False,30163,1400472,198.91921,0.0000
2020-05-13,RR,Rorainópolis,city,57,0,26,False,30163,1400472,188.97325,0.0000
2020-05-12,RR,Rorainópolis,city,51,0,25,False,30163,1400472,169.08132,0.0000
2020-05-11,RR,Rorainópolis,city,53,0,24,False,30163,1400472,175.71196,0.0000
2020-05-10,RR,Rorainópolis,city,53,0,23,False,30163,1400472,175.71196,0.0000
2020-05-09,RR,Rorainópolis,city,50,0,22,False,30163,1400472,165.76600,0.0000
2020-05-08,RR,Rorainópolis,city,43,0,21,False,30163,1400472,142.55876,0.0000
2020-05-07,RR,Rorainópolis,city,43,0,20,False,30163,1400472,142.55876,0.0000
2020-05-06,RR,Rorainópolis,city,34,0,19,False,30163,1400472,112.72088,0.0000
2020-05-05,RR,Rorainópolis,city,33,0,18,False,30163,1400472,109.40556,0.0000
2020-05-04,RR,Rorainópolis,city,19,0,17,False,30163,1400472,62.99108,0.0000
2020-05-03,RR,Rorainópolis,city,19,0,16,False,30163,1400472,62.99108,0.0000
2020-05-01,RR,Rorainópolis,city,19,0,15,False,30163,1400472,62.99108,0.0000
2020-04-30,RR,Rorainópolis,city,19,0,14,False,30163,1400472,62.99108,0.0000
2020-04-29,RR,Rorainópolis,city,11,0,13,False,30163,1400472,36.46852,0.0000
2020-04-27,RR,Rorainópolis,city,11,0,12,False,30163,1400472,36.46852,0.0000
2020-04-26,RR,Rorainópolis,city,11,0,11,False,30163,1400472,36.46852,0.0000
2020-04-25,RR,Rorainópolis,city,11,0,10,False,30163,1400472,36.46852,0.0000
2020-04-24,RR,Rorainópolis,city,11,0,9,False,30163,1400472,36.46852,0.0000
2020-04-23,RR,Rorainópolis,city,9,0,8,False,30163,1400472,29.83788,0.0000
2020-04-22,RR,Rorainópolis,city,9,0,7,False,30163,1400472,29.83788,0.0000
2020-04-21,RR,Rorainópolis,city,3,0,6,False,30163,1400472,9.94596,0.0000
2020-04-20,RR,Rorainópolis,city,3,0,5,False,30163,1400472,9.94596,0.0000
2020-04-19,RR,Rorainópolis,city,3,0,4,False,30163,1400472,9.94596,0.0000
2020-04-18,RR,Rorainópolis,city,3,0,3,False,30163,1400472,9.94596,0.0000
2020-04-17,RR,Rorainópolis,city,1,0,2,False,30163,1400472,3.31532,0.0000
2020-04-16,RR,Rorainópolis,city,1,0,1,False,30163,1400472,3.31532,0.0000
2020-06-23,RR,São João da Baliza,city,181,2,49,True,8201,1400506,2207.04792,0.0110
2020-06-22,RR,São João da Baliza,city,181,2,48,False,8201,1400506,2207.04792,0.0110
2020-06-21,RR,São João da Baliza,city,175,2,47,False,8201,1400506,2133.88611,0.0114
2020-06-20,RR,São João da Baliza,city,156,2,46,False,8201,1400506,1902.20705,0.0128
2020-06-19,RR,São João da Baliza,city,147,2,45,False,8201,1400506,1792.46433,0.0136
2020-06-18,RR,São João da Baliza,city,147,2,44,False,8201,1400506,1792.46433,0.0136
2020-06-17,RR,São João da Baliza,city,127,2,43,False,8201,1400506,1548.59164,0.0157
2020-06-16,RR,São João da Baliza,city,119,2,42,False,8201,1400506,1451.04256,0.0168
2020-06-15,RR,São João da Baliza,city,119,2,41,False,8201,1400506,1451.04256,0.0168
2020-06-14,RR,São João da Baliza,city,119,1,40,False,8201,1400506,1451.04256,0.0084
2020-06-13,RR,São João da Baliza,city,119,1,39,False,8201,1400506,1451.04256,0.0084
2020-06-12,RR,São João da Baliza,city,119,1,38,False,8201,1400506,1451.04256,0.0084
2020-06-11,RR,São João da Baliza,city,78,1,37,False,8201,1400506,951.10352,0.0128
2020-06-10,RR,São João da Baliza,city,73,1,36,False,8201,1400506,890.13535,0.0137
2020-06-09,RR,São João da Baliza,city,73,1,35,False,8201,1400506,890.13535,0.0137
2020-06-08,RR,São João da Baliza,city,73,1,34,False,8201,1400506,890.13535,0.0137
2020-06-07,RR,São João da Baliza,city,63,0,33,False,8201,1400506,768.19900,0.0000
2020-06-06,RR,São João da Baliza,city,63,0,32,False,8201,1400506,768.19900,0.0000
2020-06-05,RR,São João da Baliza,city,54,0,31,False,8201,1400506,658.45629,0.0000
2020-06-04,RR,São João da Baliza,city,42,0,30,False,8201,1400506,512.13267,0.0000
2020-06-02,RR,São João da Baliza,city,32,0,29,False,8201,1400506,390.19632,0.0000
2020-06-01,RR,São João da Baliza,city,31,0,28,False,8201,1400506,378.00268,0.0000
2020-05-31,RR,São João da Baliza,city,31,0,27,False,8201,1400506,378.00268,0.0000
2020-05-30,RR,São João da Baliza,city,31,0,26,False,8201,1400506,378.00268,0.0000
2020-05-29,RR,São João da Baliza,city,30,0,25,False,8201,1400506,365.80905,0.0000
2020-05-28,RR,São João da Baliza,city,23,0,24,False,8201,1400506,280.45360,0.0000
2020-05-27,RR,São João da Baliza,city,21,0,23,False,8201,1400506,256.06633,0.0000
2020-05-26,RR,São João da Baliza,city,20,0,22,False,8201,1400506,243.87270,0.0000
2020-05-25,RR,São João da Baliza,city,18,0,21,False,8201,1400506,219.48543,0.0000
2020-05-24,RR,São João da Baliza,city,16,0,20,False,8201,1400506,195.09816,0.0000
2020-05-23,RR,São João da Baliza,city,16,0,19,False,8201,1400506,195.09816,0.0000
2020-05-22,RR,São João da Baliza,city,16,0,18,False,8201,1400506,195.09816,0.0000
2020-05-21,RR,São João da Baliza,city,13,0,17,False,8201,1400506,158.51725,0.0000
2020-05-20,RR,São João da Baliza,city,13,0,16,False,8201,1400506,158.51725,0.0000
2020-05-19,RR,São João da Baliza,city,13,0,15,False,8201,1400506,158.51725,0.0000
2020-05-18,RR,São João da Baliza,city,10,0,14,False,8201,1400506,121.93635,0.0000
2020-05-17,RR,São João da Baliza,city,8,0,13,False,8201,1400506,97.54908,0.0000
2020-05-16,RR,São João da Baliza,city,8,0,12,False,8201,1400506,97.54908,0.0000
2020-05-15,RR,São João da Baliza,city,7,0,11,False,8201,1400506,85.35544,0.0000
2020-05-14,RR,São João da Baliza,city,7,0,10,False,8201,1400506,85.35544,0.0000
2020-05-13,RR,São João da Baliza,city,5,0,9,False,8201,1400506,60.96817,0.0000
2020-05-12,RR,São João da Baliza,city,5,0,8,False,8201,1400506,60.96817,0.0000
2020-05-11,RR,São João da Baliza,city,4,0,7,False,8201,1400506,48.77454,0.0000
2020-05-10,RR,São João da Baliza,city,4,0,6,False,8201,1400506,48.77454,0.0000
2020-05-09,RR,São João da Baliza,city,4,0,5,False,8201,1400506,48.77454,0.0000
2020-05-08,RR,São João da Baliza,city,4,0,4,False,8201,1400506,48.77454,0.0000
2020-05-07,RR,São João da Baliza,city,4,0,3,False,8201,1400506,48.77454,0.0000
2020-05-06,RR,São João da Baliza,city,4,0,2,False,8201,1400506,48.77454,0.0000
2020-05-05,RR,São João da Baliza,city,4,0,1,False,8201,1400506,48.77454,0.0000
2020-06-23,RR,São Luiz,city,67,1,65,True,7986,1400605,838.96819,0.0149
2020-06-22,RR,São Luiz,city,66,1,64,False,7986,1400605,826.44628,0.0152
2020-06-21,RR,São Luiz,city,66,1,63,False,7986,1400605,826.44628,0.0152
2020-06-20,RR,São Luiz,city,66,1,62,False,7986,1400605,826.44628,0.0152
2020-06-19,RR,São Luiz,city,64,1,61,False,7986,1400605,801.40245,0.0156
2020-06-18,RR,São Luiz,city,63,1,60,False,7986,1400605,788.88054,0.0159
2020-06-17,RR,São Luiz,city,61,1,59,False,7986,1400605,763.83671,0.0164
2020-06-16,RR,São Luiz,city,61,1,58,False,7986,1400605,763.83671,0.0164
2020-06-15,RR,São Luiz,city,57,1,57,False,7986,1400605,713.74906,0.0175
2020-06-14,RR,São Luiz,city,57,1,56,False,7986,1400605,713.74906,0.0175
2020-06-13,RR,São Luiz,city,57,1,55,False,7986,1400605,713.74906,0.0175
2020-06-12,RR,São Luiz,city,57,1,54,False,7986,1400605,713.74906,0.0175
2020-06-11,RR,São Luiz,city,57,1,53,False,7986,1400605,713.74906,0.0175
2020-06-10,RR,São Luiz,city,57,1,52,False,7986,1400605,713.74906,0.0175
2020-06-09,RR,São Luiz,city,56,1,51,False,7986,1400605,701.22715,0.0179
2020-06-08,RR,São Luiz,city,55,1,50,False,7986,1400605,688.70523,0.0182
2020-06-07,RR,São Luiz,city,46,1,49,False,7986,1400605,576.00801,0.0217
2020-06-06,RR,São Luiz,city,46,1,48,False,7986,1400605,576.00801,0.0217
2020-06-05,RR,São Luiz,city,46,1,47,False,7986,1400605,576.00801,0.0217
2020-06-04,RR,São Luiz,city,45,1,46,False,7986,1400605,563.48610,0.0222
2020-06-02,RR,São Luiz,city,45,1,45,False,7986,1400605,563.48610,0.0222
2020-06-01,RR,São Luiz,city,42,1,44,False,7986,1400605,525.92036,0.0238
2020-05-31,RR,São Luiz,city,42,1,43,False,7986,1400605,525.92036,0.0238
2020-05-30,RR,São Luiz,city,38,1,42,False,7986,1400605,475.83271,0.0263
2020-05-29,RR,São Luiz,city,38,1,41,False,7986,1400605,475.83271,0.0263
2020-05-28,RR,São Luiz,city,38,1,40,False,7986,1400605,475.83271,0.0263
2020-05-27,RR,São Luiz,city,36,1,39,False,7986,1400605,450.78888,0.0278
2020-05-26,RR,São Luiz,city,36,1,38,False,7986,1400605,450.78888,0.0278
2020-05-25,RR,São Luiz,city,29,1,37,False,7986,1400605,363.13549,0.0345
2020-05-24,RR,São Luiz,city,29,1,36,False,7986,1400605,363.13549,0.0345
2020-05-23,RR,São Luiz,city,29,1,35,False,7986,1400605,363.13549,0.0345
2020-05-22,RR,São Luiz,city,28,1,34,False,7986,1400605,350.61357,0.0357
2020-05-21,RR,São Luiz,city,28,1,33,False,7986,1400605,350.61357,0.0357
2020-05-20,RR,São Luiz,city,28,1,32,False,7986,1400605,350.61357,0.0357
2020-05-19,RR,São Luiz,city,28,1,31,False,7986,1400605,350.61357,0.0357
2020-05-18,RR,São Luiz,city,28,1,30,False,7986,1400605,350.61357,0.0357
2020-05-17,RR,São Luiz,city,28,1,29,False,7986,1400605,350.61357,0.0357
2020-05-16,RR,São Luiz,city,22,0,28,False,7986,1400605,275.48209,0.0000
2020-05-15,RR,São Luiz,city,22,0,27,False,7986,1400605,275.48209,0.0000
2020-05-14,RR,São Luiz,city,22,0,26,False,7986,1400605,275.48209,0.0000
2020-05-13,RR,São Luiz,city,19,0,25,False,7986,1400605,237.91635,0.0000
2020-05-12,RR,São Luiz,city,18,0,24,False,7986,1400605,225.39444,0.0000
2020-05-11,RR,São Luiz,city,16,0,23,False,7986,1400605,200.35061,0.0000
2020-05-10,RR,São Luiz,city,16,0,22,False,7986,1400605,200.35061,0.0000
2020-05-09,RR,São Luiz,city,16,0,21,False,7986,1400605,200.35061,0.0000
2020-05-08,RR,São Luiz,city,16,0,20,False,7986,1400605,200.35061,0.0000
2020-05-07,RR,São Luiz,city,5,0,19,False,7986,1400605,62.60957,0.0000
2020-05-06,RR,São Luiz,city,5,0,18,False,7986,1400605,62.60957,0.0000
2020-05-05,RR,São Luiz,city,5,0,17,False,7986,1400605,62.60957,0.0000
2020-05-04,RR,São Luiz,city,2,0,16,False,7986,1400605,25.04383,0.0000
2020-05-03,RR,São Luiz,city,2,0,15,False,7986,1400605,25.04383,0.0000
2020-05-01,RR,São Luiz,city,2,0,14,False,7986,1400605,25.04383,0.0000
2020-04-30,RR,São Luiz,city,2,0,13,False,7986,1400605,25.04383,0.0000
2020-04-29,RR,São Luiz,city,2,0,12,False,7986,1400605,25.04383,0.0000
2020-04-27,RR,São Luiz,city,2,0,11,False,7986,1400605,25.04383,0.0000
2020-04-26,RR,São Luiz,city,1,0,10,False,7986,1400605,12.52191,0.0000
2020-04-25,RR,São Luiz,city,1,0,9,False,7986,1400605,12.52191,0.0000
2020-04-24,RR,São Luiz,city,1,0,8,False,7986,1400605,12.52191,0.0000
2020-04-23,RR,São Luiz,city,1,0,7,False,7986,1400605,12.52191,0.0000
2020-04-22,RR,São Luiz,city,1,0,6,False,7986,1400605,12.52191,0.0000
2020-04-21,RR,São Luiz,city,1,0,5,False,7986,1400605,12.52191,0.0000
2020-04-20,RR,São Luiz,city,1,0,4,False,7986,1400605,12.52191,0.0000
2020-04-19,RR,São Luiz,city,1,0,3,False,7986,1400605,12.52191,0.0000
2020-04-18,RR,São Luiz,city,1,0,2,False,7986,1400605,12.52191,0.0000
2020-04-17,RR,São Luiz,city,1,0,1,False,7986,1400605,12.52191,0.0000
2020-06-23,RR,Uiramutã,city,35,1,49,True,10559,1400704,331.47078,0.0286
2020-06-22,RR,Uiramutã,city,34,1,48,False,10559,1400704,322.00019,0.0294
2020-06-21,RR,Uiramutã,city,33,1,47,False,10559,1400704,312.52960,0.0303
2020-06-20,RR,Uiramutã,city,33,1,46,False,10559,1400704,312.52960,0.0303
2020-06-19,RR,Uiramutã,city,32,1,45,False,10559,1400704,303.05900,0.0312
2020-06-18,RR,Uiramutã,city,32,1,44,False,10559,1400704,303.05900,0.0312
2020-06-17,RR,Uiramutã,city,27,1,43,False,10559,1400704,255.70603,0.0370
2020-06-16,RR,Uiramutã,city,27,1,42,False,10559,1400704,255.70603,0.0370
2020-06-15,RR,Uiramutã,city,27,1,41,False,10559,1400704,255.70603,0.0370
2020-06-14,RR,Uiramutã,city,26,1,40,False,10559,1400704,246.23544,0.0385
2020-06-13,RR,Uiramutã,city,26,1,39,False,10559,1400704,246.23544,0.0385
2020-06-12,RR,Uiramutã,city,26,1,38,False,10559,1400704,246.23544,0.0385
2020-06-11,RR,Uiramutã,city,26,1,37,False,10559,1400704,246.23544,0.0385
2020-06-10,RR,Uiramutã,city,26,1,36,False,10559,1400704,246.23544,0.0385
2020-06-09,RR,Uiramutã,city,25,1,35,False,10559,1400704,236.76485,0.0400
2020-06-08,RR,Uiramutã,city,25,1,34,False,10559,1400704,236.76485,0.0400
2020-06-07,RR,Uiramutã,city,13,1,33,False,10559,1400704,123.11772,0.0769
2020-06-06,RR,Uiramutã,city,13,1,32,False,10559,1400704,123.11772,0.0769
2020-06-05,RR,Uiramutã,city,12,1,31,False,10559,1400704,113.64713,0.0833
2020-06-04,RR,Uiramutã,city,12,1,30,False,10559,1400704,113.64713,0.0833
2020-06-02,RR,Uiramutã,city,11,1,29,False,10559,1400704,104.17653,0.0909
2020-06-01,RR,Uiramutã,city,11,1,28,False,10559,1400704,104.17653,0.0909
2020-05-31,RR,Uiramutã,city,3,0,27,False,10559,1400704,28.41178,0.0000
2020-05-30,RR,Uiramutã,city,3,0,26,False,10559,1400704,28.41178,0.0000
2020-05-29,RR,Uiramutã,city,3,0,25,False,10559,1400704,28.41178,0.0000
2020-05-28,RR,Uiramutã,city,4,0,24,False,10559,1400704,37.88238,0.0000
2020-05-27,RR,Uiramutã,city,4,0,23,False,10559,1400704,37.88238,0.0000
2020-05-26,RR,Uiramutã,city,1,0,22,False,10559,1400704,9.47059,0.0000
2020-05-25,RR,Uiramutã,city,2,1,21,False,10559,1400704,18.94119,0.5000
2020-05-24,RR,Uiramutã,city,2,1,20,False,10559,1400704,18.94119,0.5000
2020-05-23,RR,Uiramutã,city,2,1,19,False,10559,1400704,18.94119,0.5000
2020-05-22,RR,Uiramutã,city,2,1,18,False,10559,1400704,18.94119,0.5000
2020-05-21,RR,Uiramutã,city,1,0,17,False,10559,1400704,9.47059,0.0000
2020-05-20,RR,Uiramutã,city,1,0,16,False,10559,1400704,9.47059,0.0000
2020-05-19,RR,Uiramutã,city,1,0,15,False,10559,1400704,9.47059,0.0000
2020-05-18,RR,Uiramutã,city,1,0,14,False,10559,1400704,9.47059,0.0000
2020-05-17,RR,Uiramutã,city,1,0,13,False,10559,1400704,9.47059,0.0000
2020-05-16,RR,Uiramutã,city,1,0,12,False,10559,1400704,9.47059,0.0000
2020-05-15,RR,Uiramutã,city,1,0,11,False,10559,1400704,9.47059,0.0000
2020-05-14,RR,Uiramutã,city,1,0,10,False,10559,1400704,9.47059,0.0000
2020-05-13,RR,Uiramutã,city,1,0,9,False,10559,1400704,9.47059,0.0000
2020-05-12,RR,Uiramutã,city,0,0,8,False,10559,1400704,,0.0000
2020-05-11,RR,Uiramutã,city,1,0,7,False,10559,1400704,9.47059,0.0000
2020-05-10,RR,Uiramutã,city,1,0,6,False,10559,1400704,9.47059,0.0000
2020-05-09,RR,Uiramutã,city,1,0,5,False,10559,1400704,9.47059,0.0000
2020-05-08,RR,Uiramutã,city,1,0,4,False,10559,1400704,9.47059,0.0000
2020-05-07,RR,Uiramutã,city,0,0,3,False,10559,1400704,,0.0000
2020-05-06,RR,Uiramutã,city,0,0,2,False,10559,1400704,,0.0000
2020-05-05,RR,Uiramutã,city,0,0,1,False,10559,1400704,,0.0000
